Workbook

Sheet TIEN_DO
A1: • LẬP & KIỂM SOÁT TIẾN ĐỘ DỰ ÁN – 23HG SYSTEM (TÁC GIẢ: NBT - NGUYỄN BẢO TÚ)
A2: DỰ ÁN: DỰ ÁN MẪU - XÂY DỰNG TUYẾN ĐƯỜNG GIAO THÔNG | HỆ THỐNG: 23HG SYSTEM (NBT) | E2: BẮT ĐẦU: | F2: 45261 | G2: KẾT THÚC: | H2: 45991
A3: Trạng thái: | B3: 01/12/2023 | C3: Ngày làm việc/tuần: 7 | E3: Chế độ: Tự động (CPM) | G3: Tổng thời lượng: 731 ngày
A5: BẢNG TIẾN ĐỘ THI CÔNG CHI TIẾT – GÓI THẦU XÂY LẮP SỐ 1 (ĐƯỜNG G1)
A6: GÓI THẦU MẪU SỐ 01 – DỰ ÁN MẪU - XÂY DỰNG TUYẾN ĐƯỜNG GIAO THÔNG
A7: STT | B7: WBS | C7: Hạng mục công việc | D7: Loại | E7: Thời lượng (ngày) | F7: Bắt đầu | G7: Kết thúc | H7: Năm 2023 | K7: Năm 2024 | W7: Năm 2025
H8: Quý IV Q4 (T10-12) | K8: Quý I Q1 (T01-03) | N8: Quý II Q2 (T04-06) | Q8: Quý III Q3 (T07-09) | T8: Quý IV Q4 (T10-12) | W8: Quý I Q1 (T01-03) | Z8: Quý II Q2 (T04-06) | AC8: Quý III Q3 (T07-09) | AF8: Quý IV Q4 (T10-12)
A9: 1 | B9: 1 | C9: GÓI THẦU XÂY LẮP SỐ 1 (ĐƯỜNG G1) | D9: Summary | E9: 731 | F9: 45261 | G9: 45991
A10: 2 | B10: 1.1 | C10: Công tác chuẩn bị & phụ trợ thi công | D10: Summary | E10: 83 | F10: 45261 | G10: 45343
A11: 3 | B11: 1.1.1 | C11: Huy động và chuẩn bị công trường A | D11: Task | E11: 25 | F11: 45261 | G11: 45285
A12: 4 | B12: 1.1.2 | C12: Đường công vụ, bãi tập kết và ATGT thi công A | D12: Task | E12: 58 | F12: 45286 | G12: 45343
A13: 5 | B13: 1.1.3 | C13: Huy động và chuẩn bị công trường B | D13: Task | E13: 25 | F13: 45261 | G13: 45285
A14: 6 | B14: 1.1.4 | C14: Đường công vụ, bãi tập kết và ATGT thi công B | D14: Task | E14: 58 | F14: 45286 | G14: 45343
A15: 7 | B15: 1.2 | C15: Tuyến chính Nhà thầu A (Km 0 - Km 9+020) | D15: Summary | E15: 706 | F15: 45286 | G15: 45991
A16: 8 | B16: 1.2.1 | C16: Phân đoạn A1 (Km 0 - Km 2+750 và Nút giao) | D16: Summary | E16: 664 | F16: 45286 | G16: 45949
A17: 9 | B17: 1.2.1.1 | C17: Chuẩn bị và bóc đất không thích hợp | D17: Task | E17: 60 | F17: 45286 | G17: 45345
A18: 10 | B18: 1.2.1.2 | C18: Đào đất, vận chuyển và điều phối | D18: Task | E18: 265 | F18: 45354 | G18: 45618
A19: 11 | B19: 1.2.1.3 | C19: Đào đá và vận chuyển đá | D19: Task | E19: 271 | F19: 45368 | G19: 45638
A20: 12 | B20: 1.2.1.4 | C20: Đắp K95, K98 và hoàn thiện nền | D20: Task | E20: 166 | F20: 45544 | G20: 45709
... A31: 23 | B31: 1.2.2.7 | C31: Các lớp BTN và tưới nhựa | D31: Task | E31: 62 | F31: 45930 | G31: 45991

Sheet BOQ_TIEN_DO
A1: BẢNG TIÊN LƯỢNG KHỐI LƯỢNG (BOQ), ĐỊNH MỨC CA MÁY & CHI PHÍ DỰ TOÁN G_XD
A2: Chuẩn hóa theo Thông tư 38/2026/TT-BXD & Thông tư 36/2026/TT-BXD - Giải quyết dứt điểm mã AB.65110
A4: STT | B4: Mã Hiệu Định Mức | C4: Nội Dung Công Tác Xây Lắp | D4: Đơn Vị | E4: Khối Lượng Thiết Kế (CAD) | F4: Đơn Giá Dự Toán (VNĐ) | G4: Thành Tiền Chi Phí Trực Tiếp (VNĐ) | H4: Định Mức Năng Suất (Đv/ngày) | I4: Thành Phần Máy Thi Công Chính | J4: Ghi Chú Kỹ Thuật 23HG
A6: I. PHÂN ĐOẠN A1 (Km 0+000 - Km 2+750 VÀ NÚT GIAO) | J6: Mũi thi công số 1
A7: 1 | B7: AB.11312 | C7: Đào bóc lớp đất hữu cơ, đất không thích hợp bằng máy đào 1.25m3 | D7: m3 | E7: 27000 | F7: 28500 | G7: =E7*F7 -> 769500000 | H7: 450 | I7: Máy đào 1.25m3 + ô tô 15T | J7: Lấy từ bình đồ CAD 23HG
A8: 2 | B8: AB.24123 | C8: Đào đất nền đường bằng máy đào 1.6m3, đổ lên ô tô 15 tấn | D8: m3 | E8: 145000 | F8: 36200 | G8: =E8*F8 -> 5249000000 | H8: 550 | I8: Máy đào 1.6m3 + ô tô 15T | J8: Điều phối sang đắp & bãi thải
A9: 3 | B9: AB.31114 | C9: Đào phá đá nền đường cấp IV bằng máy đào gắn búa căn + nổ mìn | D9: m3 | E9: 38000 | F9: 115000 | G9: =E9*F9 -> 4370000000 | H9: 260 | I9: Búa căn + Máy đào 1.6m3 + Ô tô | J9: Đá tận dụng xay nghiền CPĐD
A10: 4 | B10: AB.51123 | C10: Đắp đất nền đường độ chặt K95 bằng máy lu rung 25T | D10: m3 | E10: 95000 | F10: 48000 | G10: =E10*F10 -> 4560000000 | H10: 600 | I10: Lu rung 25T + Máy ủi 110CV | J10: Phân lớp 25-30cm đúng QLCL
A11: 5 | B11: AD.11112 | C11: Thi công móng Cấp phối đá dăm loại 2 dày 15cm | D11: m2 | E11: 36000 | F11: 85000 | G11: =E11*F11 -> 3060000000 | H11: 500 | I11: Máy rải + Lu rung 25T + Lu lốp | J11: Chiều rộng B=12m
A12: 6 | B12: AD.11111 | C12: Thi công móng Cấp phối đá dăm loại 1 dày 15cm | D12: m2 | E12: 34000 | F12: 98000 | G12: =E12*F12 -> 3332000000 | H12: 500 | I12: Máy rải + Lu rung 25T + Lu lốp | J12: Độ chặt K >= 0.98
A13: 7 | B13: AD.11211 | C13: Móng CPĐD gia cố xi măng 5% (CTB) dày 15cm | D13: m2 | E13: 32000 | F13: 145000 | G13: =E13*F13 -> 4640000000 | H13: 700 | I13: Trạm trộn + Máy rải chuyên dụng | J13: Bảo dưỡng đúng 7 ngày
A14: 8 | B14: AD.22121 | C14: Tưới nhựa thấm bám 1.0kg/m2 & Thảm BTNC 19 dày 7cm | D14: m2 | E14: 30000 | F14: 245000 | G14: =E14*F14 -> 7350000000 | H14: 600 | I14: Dàn rải BTN + Lu thép + Lu lốp | J14: Nhiệt độ thảm >= 135 độ C
A15: 9 | B15: AD.22111 | C15: Tưới nhựa dính bám 0.5kg/m2 & Thảm BTNC 12.5 dày 5cm | D15: m2 | E15: 30000 | F15: 195000 | G15: =E15*F15 -> 5850000000 | H15: 600 | I15: Dàn rải BTN + Lu thép + Lu lốp | J15: Mặt đường hoàn thiện
A16: II. PHÂN ĐOẠN A2 (Km 2+750 - Km 5+500) | J16: Mũi thi công số 2
A17: 10 | B17: AB.11312 | C17: Đào bóc lớp đất hữu cơ, đất không thích hợp bằng máy đào 1.25m3 | D17: m3 | E17: 29500 | F17: 28500 | G17: =E17*F17 -> 840750000 | H17: 450 | I17: Máy đào 1.25m3 + ô tô 15T | J17: Lấy từ bình đồ CAD 23HG
A18: 11 | B18: AB.24123 | C18: Đào đất nền đường bằng máy đào 1.6m3, đổ lên ô tô 15 tấn | D18: m3 | E18: 165000 | F18: 36200 | G18: =E18*F18 -> 5973000000 | H18: 550 | I18: Máy đào 1.6m3 + ô tô 15T | J18: Điều phối sang đắp & bãi thải
A19: 12 | B19: AB.31114 | C19: Đào phá đá nền đường cấp IV bằng máy đào gắn búa căn + nổ mìn | D19: m3 | E19: 42000 | F19: 115000 | G19: =E19*F19 -> 4830000000 | H19: 260 | I19: Búa căn + Máy đào 1.6m3 + Ô tô | J19: Đá tận dụng xay nghiền CPĐD
A20: 13 | B20: AB.51123 | C20: Đắp đất nền đường độ chặt K95 bằng máy lu rung 25T | D20: m3 | E20: 110000 | F20: 48000 | G20: =E20*F20 -> 5280000000 | H20: 600 | I20: Lu rung 25T + Máy ủi 110CV | J20: Phân lớp 25-30cm
A21: 14 | B21: AD.11112 | C21: Thi công móng Cấp phối đá dăm loại 2 dày 15cm | D21: m2 | E21: 38000 | F21: 85000 | G21: =E21*F21 -> 3230000000 | H21: 500 | I21: Máy rải + Lu rung 25T + Lu lốp | J21: Chiều rộng B=12m
A22: 15 | B22: AD.11111 | C22: Thi công móng Cấp phối đá dăm loại 1 dày 15cm | D22: m2 | E22: 36000 | F22: 98000 | G22: =E22*F22 -> 3528000000 | H22: 500 | I22: Máy rải + Lu rung 25T + Lu lốp | J22: Độ chặt K >= 0.98
A23: 16 | B23: AD.11211 | C23: Móng CPĐD gia cố xi măng 5% (CTB) dày 15cm | D23: m2 | E23: 34000 | F23: 145000 | G23: =E23*F23 -> 4930000000 | H23: 700 | I23: Trạm trộn + Máy rải chuyên dụng | J23: Bảo dưỡng đúng 7 ngày
A24: 17 | B24: AD.22121 | C24: Tưới nhựa thấm bám 1.0kg/m2 & Thảm BTNC 19 dày 7cm | D24: m2 | E24: 32000 | F24: 245000 | G24: =E24*F24 -> 7840000000 | H24: 600 | I24: Dàn rải BTN + Lu thép + Lu lốp | J24: Nhiệt độ thảm >= 135 độ C
A25: 18 | B25: AD.22111 | C25: Tưới nhựa dính bám 0.5kg/m2 & Thảm BTNC 12.5 dày 5cm | D25: m2 | E25: 32000 | F25: 195000 | G25: =E25*F25 -> 6240000000 | H25: 600 | I25: Dàn rải BTN + Lu thép + Lu lốp | J25: Mặt đường hoàn thiện
A26: III. CÔNG TRÌNH THOÁT NƯỚC, ATGT & HOÀN THIỆN | J26: Mũi chuyên trách
A27: 19 | B27: AH.21111 | C27: Hệ thống cống tròn thoát nước ngang D1000 & D1500 | D27: md | E27: 1250 | F27: 2800000 | G27: =E27*F27 -> 3500000000 | H27: 30 | I27: Cẩu 10T + Máy đào 0.8m3 | J27: Gối cống đúc sẵn
A28: 20 | B28: AE.11111 | C28: Gia cố rãnh dọc, hố thu bằng đá hộc VXM mác 75 | D28: m3 | E28: 4800 | F28: 1150000 | G28: =E28*F28 -> 5520000000 | H28: 80 | I28: Máy trộn 250L + Thợ nề | J28: Thoát nước ta luy
A29: 21 | B29: AK.51111 | C29: Sơn đường nhiệt dẻo phản quang, biển báo, hộ lan tôn sóng | D29: Gói | E29: 1 | F29: 4500000000 | G29: =E29*F29 -> 4500000000 | H29: 0.02 | I29: Máy sơn chuyên dụng | J29: Hoàn thiện bàn giao
A30: IV. CÔNG TÁC VẬN CHUYỂN ĐẤT ĐÁ (ĐÃ CHUẨN HÓA MÃ AB.65110) | J30: Giải quyết lỗi Schedule
A31: 22 | B31: AB.65110 | C31: Vận chuyển đất bằng ô tô tự đổ 15 tấn, cự ly L<=1km, đất cấp III | D31: m3 | E31: 185000 | F31: 18500 | G31: =E31*F31 -> 3422500000 | H31: 220 | I31: Ô tô tự đổ 15T (Đã chuẩn hóa) | J31: Khớp 100% CSDL Định Mức
B33: TỔNG HỢP KINH PHÍ DỰ TOÁN XÂY DỰNG (G_XD) THEO THÔNG TƯ 36/2026/TT-BXD
B34: I | C34: Chi phí trực tiếp (T) | G34: =SUM(G7:G31) -> 98814750000 | I34: Công thức sống từ BoQ chi tiết
B35: II | C35: Chi phí gián tiếp (GT = C_C + C_NT + C_KXD) | G35: =G34*8.9% -> 8.7945128e+09 | I35: Công trình Giao thông theo tuyến: CC=6.2%, CNT=1.2%, CKXD=1.5%
B36: III | C36: Thu nhập chịu thuế tính trước (TL) | G36: =(G34+G35)*5.5% -> 5.9185095e+09 | I36: Định mức 5.5% x (T + GT)
B37: IV | C37: Chi phí xây dựng trước thuế (G = T + GT + TL) | G37: =G34+G35+G36 -> 1.1352777e+11 | I37: Tổng trước thuế
B38: V | C38: Thuế giá trị gia tăng (VAT) | G38: =G37*10% -> 1.1352777e+10 | I38: Thuế suất 10%
B39: VI | C39: TỔNG CỘNG CHI PHÍ XÂY DỰNG SAU THUẾ (G_XD) | G39: =G37+G38 -> 1.2488055e+11 | I39: GIÁ GÓI THẦU XÂY LẮP SỐ 01

Sheet HUY_DONG_XMTB
A1: KẾ HOẠCH HUY ĐỘNG & CÂN BẰNG TÀI NGUYÊN XE MÁY THIẾT BỊ (XMTB)
A2: Kiểm soát đỉnh tải thiết bị - Đảm bảo tính khả thi thực chiến của Nhà thầu A và B
A4: STT | B4: Chủng loại Xe máy thiết bị chủ lực | C4: Thông số kỹ thuật | D4: Đơn vị | E4: Năng lực sở hữu tối đa
F5: T12/23 | G5: T01/24 | H5: T02/24 | I5: T03/24 | J5: T04/24 | K5: T05/24 | L5: T06/24 | M5: T07/24 | N5: T08/24 | O5: T09/24 | P5: T10/24 | Q5: T11/24 | R5: T12/24 | S5: T01/25 | T5: T02/25 | U5: T03/25 | V5: T04/25 | W5: T05/25 | X5: T06/25 | Y5: T07/25 | Z5: T08/25 | AA5: T09/25 | AB5: T10/25 | AC5: T11/25 | AD5: T12/25 | AE5: T01/26 | AF5: T02/26
A6: 1 | B6: Máy đào bánh xích gầu nghịch | C6: Dung tích gầu 1.25 - 1.6 m3 (Komatsu PC300/Hitachi ZX330) | D6: Chiếc | E6: 8 | F6: 2 | G6: 4 | H6: 6 | I6: 6 | J6: 6 | K6: 6 | L6: 6 | M6: 6 | N6: 6 | O6: 6 | P6: 6 | Q6: 6 | R6: 4 | S6: 6 | T6: 6 | U6: 6 | V6: 2 | W6: 2 | X6: 2 | Y6: 2 | Z6: 2 | AA6: 2 | AB6: 2 | AC6: 2 | AD6: 2 | AE6: 2 | AF6: 2
A7: 2 | B7: Ô tô tự đổ chuyên dụng | C7: Tải trọng 15 tấn - 3 chân (Howo/Hino) | D7: Chiếc | E7: 24 | F7: 6 | G7: 6 | H7: 6 | I7: 18 | J7: 18 | K7: 18 | L7: 18 | M7: 18 | N7: 18 | O7: 18 | P7: 18 | Q7: 14 | R7: 14 | S7: 14 | T7: 14 | U7: 14 | V7: 14 | W7: 6 | X7: 6 | Y7: 6 | Z7: 6 | AA7: 6 | AB7: 6 | AC7: 6 | AD7: 6 | AE7: 6 | AF7: 6
A8: 3 | B8: Máy ủi bánh xích | C8: Công suất 110 - 140 CV (Komatsu D53/D65) | D8: Chiếc | E8: 5 | F8: 2 | G8: 2 | H8: 2 | I8: 4 | J8: 4 | K8: 4 | L8: 4 | M8: 4 | N8: 4 | O8: 4 | P8: 4 | Q8: 2 | R8: 2 | S8: 2 | T8: 2 | U8: 2 | V8: 2 | W8: 2 | X8: 2 | Y8: 2 | Z8: 2 | AA8: 2 | AB8: 2 | AC8: 2 | AD8: 2 | AE8: 2 | AF8: 2
A9: 4 | B9: Máy lu rung tự hành | C9: Tải trọng tĩnh 14T, rung đạt 25T (Hamm 3411/Bomag 213) | D9: Chiếc | E9: 6 | F9: 2 | G9: 2 | H9: 2 | I9: 2 | J9: 2 | K9: 2 | L9: 2 | M9: 2 | N9: 5 | O9: 5 | P9: 5 | Q9: 5 | R9: 5 | S9: 5 | T9: 5 | U9: 5 | V9: 5 | W9: 5 | X9: 5 | Y9: 5 | Z9: 2 | AA9: 2 | AB9: 2 | AC9: 2 | AD9: 2 | AE9: 2 | AF9: 2
A10: 5 | B10: Máy rải Cấp phối đá dăm & CTB | C10: Bề rộng rải 3.0 - 9.0m (Vögele Super 1800) | D10: Chiếc | E10: 2 | F10: 0 | G10: 0 | H10: 0 | I10: 0 | J10: 0 | K10: 0 | L10: 0 | M10: 0 | N10: 0 | O10: 0 | P10: 0 | Q10: 0 | R10: 0 | S10: 0 | T10: 2 | U10: 2 | V10: 2 | W10: 2 | X10: 2 | Y10: 2 | Z10: 2 | AA10: 0 | AB10: 0 | AC10: 0 | AD10: 0 | AE10: 0 | AF10: 0
A11: 6 | B11: Trạm trộn BTN & Dàn thảm chuyên dụng | C11: Trạm trộn 120T/h + 2 Máy rải BTN + Lu bánh thép & lu lốp | D11: Dàn | E11: 2 | F11: 0 | G11: 0 | H11: 0 | I11: 0 | J11: 0 | K11: 0 | L11: 0 | M11: 0 | N11: 0 | O11: 0 | P11: 0 | Q11: 0 | R11: 0 | S11: 0 | T11: 0 | U11: 0 | V11: 0 | W11: 0 | X11: 0 | Y11: 2 | Z11: 2 | AA11: 2 | AB11: 2 | AC11: 2 | AD11: 0 | AE11: 0 | AF11: 0
A12: 7 | B12: Cần cẩu bánh lốp phục vụ cống & phụ trợ | C12: Sức nâng 10 - 25 tấn (Kato) | D12: Chiếc | E12: 3 | F12: 2 | G12: 2 | H12: 2 | I12: 2 | J12: 2 | K12: 2 | L12: 2 | M12: 2 | N12: 2 | O12: 2 | P12: 2 | Q12: 2 | R12: 2 | S12: 2 | T12: 2 | U12: 2 | V12: 2 | W12: 2 | X12: 2 | Y12: 2 | Z12: 2 | AA12: 2 | AB12: 2 | AC12: 2 | AD12: 2 | AE12: 2 | AF12: 2
B13: ĐÁNH GIÁ ĐỈNH TẢI TÀI NGUYÊN: | E13: AN TOÀN (Không vượt năng lực)

Sheet TIEN_DO_GIAI_NGAN
A1: KẾ HOẠCH DÒNG TIỀN & TIẾN ĐỘ GIẢI NGÂN (S-CURVE DỰ TOÁN)
A2: Phân bổ giá trị xây lắp hoàn thành theo Quý & Tháng (Công thức sống liên kết BoQ)
A4: STT | B4: Thời Gian (Tháng / Quý) | C4: Nội Dung Công Tác Trọng Điểm | D4: Tỷ Lệ Kế Hoạch Tháng (%) | E4: Giá Trị Giải Ngân Tháng (VNĐ) | F4: Lũy Kế Giải Ngân (VNĐ) | G4: Tỷ Lệ Hoàn Thành Lũy Kế (%)
A5: 1 | B5: T12/2023 | C5: Tạm ứng hợp đồng & Huy động công trường | D5: 0.05 | E5: =D5*BOQ_TIEN_DO!$G$39 -> 6.2440275e+09 | F5: =E5 -> 6.2440275e+09 | G5: =D5 -> 0.05
A6: 2 | B6: Q1/2024 | C6: Bóc đất hữu cơ, đường công vụ & mở hố móng | D6: 0.06 | E6: =D6*BOQ_TIEN_DO!$G$39 -> 7.492833e+09 | F6: =F5+E6 -> 1.373686e+10 | G6: =G5+D6 -> 0.11
A7: 3 | B7: Q2/2024 | C7: Cao điểm đào đất, đào đá phân đoạn A1 & A2 | D7: 0.12 | E7: =D7*BOQ_TIEN_DO!$G$39 -> 1.4985666e+10 | F7: =F6+E7 -> 2.8722526e+10 | G7: =G6+D7 -> 0.23
A8: 4 | B8: Q3/2024 | C8: Tiếp tục đào đất, điều phối đắp K95 & cống ngang | D8: 0.1 | E8: =D8*BOQ_TIEN_DO!$G$39 -> 1.2488055e+10 | F8: =F7+E8 -> 4.1210581e+10 | G8: =G7+D8 -> 0.33
A9: 5 | B9: Q4/2024 | C9: Đắp K95, K98 hoàn thiện nền phân đoạn A1 | D9: 0.14 | E9: =D9*BOQ_TIEN_DO!$G$39 -> 1.7483277e+10 | F9: =F8+E9 -> 5.8693858e+10 | G9: =G8+D9 -> 0.47
A10: 6 | B10: Q1/2025 | C10: Đắp nền A2, thi công móng CPĐD loại 2 A1 | D10: 0.12 | E10: =D10*BOQ_TIEN_DO!$G$39 -> 1.4985666e+10 | F10: =F9+E10 -> 7.3679524e+10 | G10: =G9+D10 -> 0.59
A11: 7 | B11: Q2/2025 | C11: Móng CPĐD loại 1, thi công móng gia cố xi măng CTB | D11: 0.15 | E11: =D11*BOQ_TIEN_DO!$G$39 -> 1.8732082e+10 | F11: =F10+E11 -> 9.2411607e+10 | G11: =G10+D11 -> 0.74
A12: 8 | B12: Q3/2025 | C12: Thảm bê tông nhựa C19 & C12.5 phân đoạn A1 & A2 | D12: 0.16 | E12: =D12*BOQ_TIEN_DO!$G$39 -> 1.9980888e+10 | F12: =F11+E12 -> 1.1239249e+11 | G12: =G11+D12 -> 0.9
A13: 9 | B13: Q4/2025 | C13: Hoàn thiện mặt đường A2, rãnh dọc, hộ lan & ATGT | D13: 0.07 | E13: =D13*BOQ_TIEN_DO!$G$39 -> 8.7416385e+09 | F13: =F12+E13 -> 1.2113413e+11 | G13: =G12+D13 -> 0.97
A14: 10 | B14: Q1/2026 | C14: Nghiệm thu hoàn thành, quyết toán & bàn giao | D14: 0.03 | E14: =D14*BOQ_TIEN_DO!$G$39 -> 3.7464165e+09 | F14: =F13+E14 -> 1.2488055e+11 | G14: =G13+D14 -> 1
C15: TỔNG CỘNG: | D15: =SUM(D5:D14) -> 1 | E15: =SUM(E5:E14) -> 1.2488055e+11 | F15: =F14 -> 1.2488055e+11 | G15: =G14 -> 1

Sheet NGAY_NGHI_LE
A1: DANH MỤC NGÀY NGHỈ LỄ & LỊCH MÙA MƯA

Sheet HUONG_DAN
A1: HƯỚNG DẪN SỬ DỤNG BỘ CÔNG CỤ SCHEDULE ASSISTANT (23HG)

Sheet DB_DINH_MUC
A1: CƠ SỞ DỮ LIỆU ĐỊNH MỨC NĂNG SUẤT CA MÁY (THÔNG TƯ 38/2026/TT-BXD)

Sheet KE_HOACH_QLCL
A1: KẾ HOẠCH NGHIỆM THU & QUẢN LÝ CHẤT LƯỢNG (AEC-QLCL 23HG)
A2: Tuân thủ Nghị định 207/2026/NĐ-CP & Thông tư 32/2026/TT-BXD - Tự động liên kết ngày tháng từ Tiến độ
A4: Mã Biên Bản | B4: Tên Công Việc Nghiệm Thu (NĐ 207/2026) | C4: Vị Trí Lý Trình (WBS) | D4: Ngày Bắt Đầu | E4: Ngày Hoàn Thành | F4: Chỉ Dẫn Kỹ Thuật / Tiêu Chuẩn Áp Dụng | G4: Hồ Sơ Thí Nghiệm Bắt Buộc Kèm Theo | H4: Thời Điểm Lấy Mẫu Thí Nghiệm | I4: Logic Kiểm Soát Hồ Sơ 23HG
A5: NT-001 | B5: Nghiệm thu dọn dẹp, phát quang & bóc đất hữu cơ | C5: Km 0+000 - Km 2+750 | D5: =TIEN_DO!F17 -> 45286 | E5: =TIEN_DO!G17 -> 45345 | F5: TCVN 4447:2012 | G5: Biên bản đo vẽ cao độ đáy bóc hữu cơ | H5: Ngay sau khi bóc xong từng đoạn | I5: Khớp cao độ hoàn công
A6: NT-002 | B6: Nghiệm thu đào nền đường & xử lý đáy đào | C6: Km 0+000 - Km 2+750 | D6: =TIEN_DO!F18 -> 45354 | E6: =TIEN_DO!G18 -> 45618 | F6: TCVN 4447:2012 | G6: Thí nghiệm chỉ tiêu cơ lý đất đáy đào | H6: Trong quá trình đào đất | I6: Không để ngập nước
A7: NT-003 | B7: Nghiệm thu đắp đất nền đường phân lớp K95 | C7: Km 0+000 - Km 2+750 | D7: =TIEN_DO!F20 -> 45544 | E7: =TIEN_DO!G20 -> 45709 | F7: 22 TCN 333-06 / AASHTO | G7: Thí nghiệm độ chặt K >= 0.95 (phễu rót cát) | H7: Từng lớp đắp dày 25-30cm | I7: Bắt buộc trước khi mở lớp mới
A8: NT-004 | B8: Nghiệm thu đắp đất nền đường lớp K98 (dày 30cm) | C8: Km 0+000 - Km 2+750 | D8: =TIEN_DO!F20 -> 45544 | E8: =TIEN_DO!G20 -> 45709 | F8: 22 TCN 333-06 & TCVN 8864 | G8: Độ chặt K >= 0.98 + Đo mô đun E cần Benkelman | H8: Sau khi hoàn thiện lu lèn K98 | I8: Điều kiện tiên quyết vào móng
A9: NT-005 | B9: Nghiệm thu móng Cấp phối đá dăm loại 2 (dày 15cm) | C9: Km 0+000 - Km 2+750 | D9: =TIEN_DO!F21 -> 45708 | E9: =TIEN_DO!G21 -> 45796 | F9: TCVN 8859:2011 | G9: Thành phần hạt, Los Angeles, độ chặt K >= 0.98 | H9: Tại bãi tập kết & sau khi lu lèn | I9: Đảm bảo độ bằng phẳng
A10: NT-006 | B10: Nghiệm thu móng Cấp phối đá dăm loại 1 (dày 15cm) | C10: Km 0+000 - Km 2+750 | D10: =TIEN_DO!F21 -> 45708 | E10: =TIEN_DO!G21 -> 45796 | F10: TCVN 8859:2011 | G10: Độ chặt K >= 0.98 + Thước 3m đo gồ ghề | H10: Ngay sau khi hoàn thành lu lèn | I10: Kiểm tra cao độ trắc dọc/ngang
A11: NT-007 | B11: Nghiệm thu móng CPĐD gia cố xi măng (CTB) | C11: Km 0+000 - Km 2+750 | D11: =TIEN_DO!F22 -> 45808 | E11: =TIEN_DO!G22 -> 45867 | F11: TCVN 8858:2011 | G11: Ép mẫu nén cường độ R7, R28 + Độ chặt K | H11: Lấy mẫu tại trạm trộn & hiện trường | I11: Đủ 7 ngày dưỡng hộ mới thảm
A12: NT-008 | B12: Nghiệm thu lớp tưới nhựa dính bám & BTNC 19 | C12: Km 0+000 - Km 2+750 | D12: =TIEN_DO!F23 -> 45869 | E12: =TIEN_DO!G23 -> 45949 | F12: TCVN 8819:2011 | G12: Độ ổn định Marshall, độ chặt K, nhiệt độ thảm | H12: Kiểm tra nhiệt độ từng xe ben & ép mẫu | I12: Nghiêm cấm thảm khi trời mưa
A13: NT-009 | B13: Nghiệm thu thảm bê tông nhựa hạt mịn BTNC 12.5 | C13: Km 0+000 - Km 2+750 | D13: =TIEN_DO!F23 -> 45869 | E13: =TIEN_DO!G23 -> 45949 | F13: TCVN 8819:2011 & TCVN 8866 | G13: Đo độ nhám con lắc Anh + Độ bằng phẳng thước 3m | H13: Sau khi lu lèn nguội hoàn toàn | I13: Độ dốc ngang & siêu cao chuẩn
A14: NT-010 | B14: Nghiệm thu hệ thống an toàn giao thông & Biển báo | C14: Km 0+000 - Km 5+500 | D14: =TIEN_DO!F31 -> 45930 | E14: =TIEN_DO!G31 -> 45991 | F14: QCVN 41:2019/BGTVT | G14: CO/CQ màng phản quang, sơn dẻo nhiệt | H14: Trước khi thi công lắp đặt | I14: Kiểm tra kích thước hình học
A15: GĐ-001 | B15: NGHIỆM THU HOÀN THÀNH GIAI ĐOẠN XÂY DỰNG | C15: Toàn gói thầu G1 | D15: =TIEN_DO!F9 -> 45261 | E15: =TIEN_DO!G9 -> 45991 | F15: Nghị định 207/2026/NĐ-CP | G15: Trọn bộ hồ sơ hoàn công & biên bản thí nghiệm | H15: Trước khi bàn giao đưa vào sử dụng | I15: Hội đồng nghiệm thu CĐT-TVGS-NT

Sheet EVM_5D_QUAN_TRI
A1: HỆ THỐNG QUẢN TRỊ GIÁ TRỊ THU ĐƯỢC (EVM 5D) & ĐƯỜNG CƠ SỞ BASELINE – 23HG SYSTEM
A2: Kiểm soát Tiến độ - Chi phí (PV, EV, AC, SV, CV, SPI, CPI) theo chuẩn quốc tế PMI & Nghị định 206/2026/NĐ-CP
B4: TỔNG DỰ TOÁN (BAC) | D4: GIÁ TRỊ KẾ HOẠCH (PV) | F4: GIÁ TRỊ THỰC TẾ ĐẠT (EV) | H4: CHI PHÍ THỰC TẾ (AC) | J4: CHÊNH LỆCH TIẾN ĐỘ (SV) | L4: HỆ SỐ TIẾN ĐỘ (SPI) | N4: HỆ SỐ CHI PHÍ (CPI)
B5: =BOQ_TIEN_DO!G39 -> 1.2488055e+11 | D5: =SUM(J11:J33) -> 36558295557 | F5: =SUM(K11:K33) -> 27920185013 | H5: =SUM(L11:L33) -> 27082579463 | J5: =F5-D5 -> -8638110544 | L5: =IF(D5>0, F5/D5, 1) -> 0.76371681 | N5: =IF(H5>0, F5/H5, 1) -> 1.0309278
B8: ĐÁNH GIÁ SỨC KHỎE DỰ ÁN: | D8: =IF(L5>=1, "TIẾN ĐỘ: ĐẠT / VƯỢT KẾ HOẠCH (SPI >= 1.0)", "CẢNH BÁO: CHẬM TIẾN ĐỘ (SPI < 1.0)") -> CẢNH BÁO: CHẬM TIẾN ĐỘ (SPI < 1.0) | J8: =IF(N5>=1, "CHI PHÍ: TIẾT KIỆM SO VỚI DỰ TOÁN (CPI >= 1.0)", "CẢNH BÁO: VƯỢT DỰ TOÁN (CPI < 1.0)") -> CHI PHÍ: TIẾT KIỆM SO VỚI DỰ TOÁN (CPI >= 1.0)
A10: STT | B10: WBS | C10: Hạng mục công tác | D10: Dự toán (VNĐ) | E10: Baseline Bắt đầu | F10: Baseline Kết thúc | G10: Thực tế Bắt đầu | H10: Thực tế Kết thúc | I10: % Hoàn thành | J10: Planned Value (PV) | K10: Earned Value (EV) | L10: Actual Cost (AC) | M10: SPI | N10: Đánh giá trạng thái
A11: 1 | B11: =TIEN_DO!B9 -> 1 | C11: =TIEN_DO!C9 -> GÓI THẦU XÂY LẮP SỐ 1 (ĐƯỜNG G1) | D11: =IF(TIEN_DO!D9="Summary", 0, ROUND(BOQ_TIEN_DO!$G$39 * (TIEN_DO!E9 / 772), 0)) -> 0 | E11: =TIEN_DO!F9 -> 45261 | F11: =TIEN_DO!G9 -> 45991 | G11: =TIEN_DO!F9 -> 45261 | H11: =TIEN_DO!G9 -> 45991 | I11: 1 | J11: =ROUND(D11 * IF(I11>0, 1, 0), 0) -> 0 | K11: =ROUND(D11 * I11, 0) -> 0 | L11: =ROUND(K11 * 0.97, 0) -> 0 | M11: =IF(J11>0, K11/J11, 1) -> 1 | N11: =IF(M11>=1, "ĐẠT / VƯỢT", "CHẬM TRỄ") -> ĐẠT / VƯỢT
A12: 2 | B12: =TIEN_DO!B10 -> 1.1 | C12: =TIEN_DO!C10 -> Công tác chuẩn bị & phụ trợ thi công | D12: =IF(TIEN_DO!D10="Summary", 0, ROUND(BOQ_TIEN_DO!$G$39 * (TIEN_DO!E10 / 772), 0)) -> 0 | E12: =TIEN_DO!F10 -> 45261 | F12: =TIEN_DO!G10 -> 45343 | G12: =TIEN_DO!F10 -> 45261 | H12: =TIEN_DO!G10 -> 45343 | I12: 1 | J12: =ROUND(D12 * IF(I12>0, 1, 0), 0) -> 0 | K12: =ROUND(D12 * I12, 0) -> 0 | L12: =ROUND(K12 * 0.97, 0) -> 0 | M12: =IF(J12>0, K12/J12, 1) -> 1 | N12: =IF(M12>=1, "ĐẠT / VƯỢT", "CHẬM TRỄ") -> ĐẠT / VƯỢT
A13: 3 | B13: =TIEN_DO!B11 -> 1.1.1 | C13: =TIEN_DO!C11 -> Huy động và chuẩn bị công trường A | D13: =IF(TIEN_DO!D11="Summary", 0, ROUND(BOQ_TIEN_DO!$G$39 * (TIEN_DO!E11 / 772), 0)) -> 4044059243 | E13: =TIEN_DO!F11 -> 45261 | F13: =TIEN_DO!G11 -> 45285 | G13: =TIEN_DO!F11 -> 45261 | H13: =TIEN_DO!G11 -> 45285 | I13: 1 | J13: =ROUND(D13 * IF(I13>0, 1, 0), 0) -> 4044059243 | K13: =ROUND(D13 * I13, 0) -> 4044059243 | L13: =ROUND(K13 * 0.97, 0) -> 3922737466 | M13: =IF(J13>0, K13/J13, 1) -> 1 | N13: =IF(M13>=1, "ĐẠT / VƯỢT", "CHẬM TRỄ") -> ĐẠT / VƯỢT
A14: 4 | B14: =TIEN_DO!B12 -> 1.1.2 | C14: =TIEN_DO!C12 -> Đường công vụ, bãi tập kết và ATGT thi công A | D14: =IF(TIEN_DO!D12="Summary", 0, ROUND(BOQ_TIEN_DO!$G$39 * (TIEN_DO!E12 / 772), 0)) -> 9382217444 | E14: =TIEN_DO!F12 -> 45286 | F14: =TIEN_DO!G12 -> 45343 | G14: =TIEN_DO!F12 -> 45286 | H14: =TIEN_DO!G12 -> 45343 | I14: 0.85 | J14: =ROUND(D14 * IF(I14>0, 1, 0), 0) -> 9382217444 | K14: =ROUND(D14 * I14, 0) -> 7974884827 | L14: =ROUND(K14 * 0.97, 0) -> 7735638282 | M14: =IF(J14>0, K14/J14, 1) -> 0.85 | N14: =IF(M14>=1, "ĐẠT / VƯỢT", "CHẬM TRỄ") -> CHẬM TRỄ
A15: 5 | B15: =TIEN_DO!B13 -> 1.1.3 | C15: =TIEN_DO!C13 -> Huy động và chuẩn bị công trường B | D15: =IF(TIEN_DO!D13="Summary", 0, ROUND(BOQ_TIEN_DO!$G$39 * (TIEN_DO!E13 / 772), 0)) -> 4044059243 | E15: =TIEN_DO!F13 -> 45261 | F15: =TIEN_DO!G13 -> 45285 | G15: =TIEN_DO!F13 -> 45261 | H15: =TIEN_DO!G13 -> 45285 | I15: 1 | J15: =ROUND(D15 * IF(I15>0, 1, 0), 0) -> 4044059243 | K15: =ROUND(D15 * I15, 0) -> 4044059243 | L15: =ROUND(K15 * 0.97, 0) -> 3922737466 | M15: =IF(J15>0, K15/J15, 1) -> 1 | N15: =IF(M15>=1, "ĐẠT / VƯỢT", "CHẬM TRỄ") -> ĐẠT / VƯỢT
A16: 6 | B16: =TIEN_DO!B14 -> 1.1.4 | C16: =TIEN_DO!C14 -> Đường công vụ, bãi tập kết và ATGT thi công B | D16: =IF(TIEN_DO!D14="Summary", 0, ROUND(BOQ_TIEN_DO!$G$39 * (TIEN_DO!E14 / 772), 0)) -> 9382217444 | E16: =TIEN_DO!F14 -> 45286 | F16: =TIEN_DO!G14 -> 45343 | G16: =TIEN_DO!F14 -> 45286 | H16: =TIEN_DO!G14 -> 45343 | I16: 0.85 | J16: =ROUND(D16 * IF(I16>0, 1, 0), 0) -> 9382217444 | K16: =ROUND(D16 * I16, 0) -> 7974884827 | L16: =ROUND(K16 * 0.97, 0) -> 7735638282 | M16: =IF(J16>0, K16/J16, 1) -> 0.85 | N16: =IF(M16>=1, "ĐẠT / VƯỢT", "CHẬM TRỄ") -> CHẬM TRỄ
A17: 7 | B17: =TIEN_DO!B15 -> 1.2 | C17: =TIEN_DO!C15 -> Tuyến chính Nhà thầu A (Km 0 - Km 9+020) | D17: =IF(TIEN_DO!D15="Summary", 0, ROUND(BOQ_TIEN_DO!$G$39 * (TIEN_DO!E15 / 772), 0)) -> 0 | E17: =TIEN_DO!F15 -> 45286 | F17: =TIEN_DO!G15 -> 45991 | G17: =TIEN_DO!F15 -> 45286 | H17: =TIEN_DO!G15 -> 45991 | I17: 0.4 | J17: =ROUND(D17 * IF(I17>0, 1, 0), 0) -> 0 | K17: =ROUND(D17 * I17, 0) -> 0 | L17: =ROUND(K17 * 0.97, 0) -> 0 | M17: =IF(J17>0, K17/J17, 1) -> 1 | N17: =IF(M17>=1, "ĐẠT / VƯỢT", "CHẬM TRỄ") -> ĐẠT / VƯỢT
A18: 8 | B18: =TIEN_DO!B16 -> 1.2.1 | C18: =TIEN_DO!C16 -> Phân đoạn A1 (Km 0 - Km 2+750 và Nút giao) | D18: =IF(TIEN_DO!D16="Summary", 0, ROUND(BOQ_TIEN_DO!$G$39 * (TIEN_DO!E16 / 772), 0)) -> 0 | E18: =TIEN_DO!F16 -> 45286 | F18: =TIEN_DO!G16 -> 45949 | G18: =TIEN_DO!F16 -> 45286 | H18: =TIEN_DO!G16 -> 45949 | I18: 0.4 | J18: =ROUND(D18 * IF(I18>0, 1, 0), 0) -> 0 | K18: =ROUND(D18 * I18, 0) -> 0 | L18: =ROUND(K18 * 0.97, 0) -> 0 | M18: =IF(J18>0, K18/J18, 1) -> 1 | N18: =IF(M18>=1, "ĐẠT / VƯỢT", "CHẬM TRỄ") -> ĐẠT / VƯỢT
A19: 9 | B19: =TIEN_DO!B17 -> 1.2.1.1 | C19: =TIEN_DO!C17 -> Chuẩn bị và bóc đất không thích hợp | D19: =IF(TIEN_DO!D17="Summary", 0, ROUND(BOQ_TIEN_DO!$G$39 * (TIEN_DO!E17 / 772), 0)) -> 9705742183 | E19: =TIEN_DO!F17 -> 45286 | F19: =TIEN_DO!G17 -> 45345 | G19: =TIEN_DO!F17 -> 45286 | H19: =TIEN_DO!G17 -> 45345 | I19: 0.4 | J19: =ROUND(D19 * IF(I19>0, 1, 0), 0) -> 9705742183 | K19: =ROUND(D19 * I19, 0) -> 3882296873 | L19: =ROUND(K19 * 0.97, 0) -> 3765827967 | M19: =IF(J19>0, K19/J19, 1) -> 0.4 | N19: =IF(M19>=1, "ĐẠT / VƯỢT", "CHẬM TRỄ") -> CHẬM TRỄ
A20: 10 | B20: =TIEN_DO!B18 -> 1.2.1.2 | C20: =TIEN_DO!C18 -> Đào đất, vận chuyển và điều phối | D20: =IF(TIEN_DO!D18="Summary", 0, ROUND(BOQ_TIEN_DO!$G$39 * (TIEN_DO!E18 / 772), 0)) -> 42867027975 | E20: =TIEN_DO!F18 -> 45354 | F20: =TIEN_DO!G18 -> 45618 | G20: =TIEN_DO!F18 -> 45354 | H20: =TIEN_DO!G18 -> 45618 | I20: 0 | J20: =ROUND(D20 * IF(I20>0, 1, 0), 0) -> 0 | K20: =ROUND(D20 * I20, 0) -> 0 | L20: =ROUND(K20 * 0.97, 0) -> 0 | M20: =IF(J20>0, K20/J20, 1) -> 1 | N20: =IF(M20>=1, "ĐẠT / VƯỢT", "CHẬM TRỄ") -> ĐẠT / VƯỢT
A21: 11 | B21: =TIEN_DO!B19 -> 1.2.1.3 | C21: =TIEN_DO!C19 -> Đào đá và vận chuyển đá | D21: =IF(TIEN_DO!D19="Summary", 0, ROUND(BOQ_TIEN_DO!$G$39 * (TIEN_DO!E19 / 772), 0)) -> 43837602193 | E21: =TIEN_DO!F19 -> 45368 | F21: =TIEN_DO!G19 -> 45638 | G21: =TIEN_DO!F19 -> 45368 | H21: =TIEN_DO!G19 -> 45638 | I21: 0 | J21: =ROUND(D21 * IF(I21>0, 1, 0), 0) -> 0 | K21: =ROUND(D21 * I21, 0) -> 0 | L21: =ROUND(K21 * 0.97, 0) -> 0 | M21: =IF(J21>0, K21/J21, 1) -> 1 | N21: =IF(M21>=1, "ĐẠT / VƯỢT", "CHẬM TRỄ") -> ĐẠT / VƯỢT
A22: 12 | B22: =TIEN_DO!B20 -> 1.2.1.4 | C22: =TIEN_DO!C20 -> Đắp K95, K98 và hoàn thiện nền | D22: =IF(TIEN_DO!D20="Summary", 0, ROUND(BOQ_TIEN_DO!$G$39 * (TIEN_DO!E20 / 772), 0)) -> 26852553373 | E22: =TIEN_DO!F20 -> 45544 | F22: =TIEN_DO!G20 -> 45709 | G22: =TIEN_DO!F20 -> 45544 | H22: =TIEN_DO!G20 -> 45709 | I22: 0 | J22: =ROUND(D22 * IF(I22>0, 1, 0), 0) -> 0 | K22: =ROUND(D22 * I22, 0) -> 0 | L22: =ROUND(K22 * 0.97, 0) -> 0 | M22: =IF(J22>0, K22/J22, 1) -> 1 | N22: =IF(M22>=1, "ĐẠT / VƯỢT", "CHẬM TRỄ") -> ĐẠT / VƯỢT
... A33: 23 | B33: =TIEN_DO!B31 -> 1.2.2.7 | C33: =TIEN_DO!C31 -> Các lớp BTN và tưới nhựa | D33: =IF(TIEN_DO!D31="Summary", 0, ROUND(BOQ_TIEN_DO!$G$39 * (TIEN_DO!E31 / 772), 0)) -> 10029266922 | E33: =TIEN_DO!F31 -> 45930 | F33: =TIEN_DO!G31 -> 45991 | G33: =TIEN_DO!F31 -> 45930 | H33: =TIEN_DO!G31 -> 45991 | I33: 0 | J33: =ROUND(D33 * IF(I33>0, 1, 0), 0) -> 0 | K33: =ROUND(D33 * I33, 0) -> 0 | L33: =ROUND(K33 * 0.97, 0) -> 0 | M33: =IF(J33>0, K33/J33, 1) -> 1 | N33: =IF(M33>=1, "ĐẠT / VƯỢT", "CHẬM TRỄ") -> ĐẠT / VƯỢT
