Workbook

Sheet Theo_Doi_Tan_Suat_Be_Tong
A1: STT | B1: HẠNG MỤC CÔNG VIỆC | C1: N/T/N | D1: KL/T.tế (m3) | E1: Tuổi Bt | G1: 30Mpa-18±2 (Cọc nhồi) | J1: 30Mpa-14±2 (Bệ, thân, mố, trụ, dầm) | M1: Khối lượng vật tư lũy kế | P1: Tần suất lấy mẫu thí nghiệm | S1: Số lô | T1: KL (Tấn)
E2: R7 | F2: R28 | G2: Xi măng 0,445 | H2: Cát 0,525 | I2: Đá 0,696 | J2: Xi măng 0,425 | K2: Cát 0,555 | L2: Đá 0,700 | M2: Xi măng (Tấn) | N2: Cát (m3) | O2: Đá (m3) | P2: Xi măng 50 tấn Lần | Q2: Cát 200m3 Lần | R2: Đá 350m3 Lần
A3: I. HẠNG MỤC CỌC KHOAN NHỒI D1.2M (C30 ĐỘ SỤT 18±2CM) - 26 CỌC (L=872M)
A4: 1 | B4: Bê tông cọc khoan nhồi - C1 mố M1 (L=20m) | D4: 24.71 | E4: =IF(C4="","",C4+7) | F4: =IF(C4="","",C4+28) | G4: 0.445 | H4: 0.525 | I4: 0.696 | M4: =IF(D4="","",ROUND(IF(G4>0,D4*G4,D4*J4),2)) | N4: =IF(D4="","",ROUND(IF(H4>0,D4*H4,D4*K4),2)) | O4: =IF(D4="","",ROUND(IF(I4>0,D4*I4,D4*L4),2)) | P4: =IF(M4="","",IF(INT(M4/50)>0,"Lần " & INT(M4/50),"")) | Q4: =IF(N4="","",IF(INT(N4/200)>0,"Lần " & INT(N4/200),"")) | R4: =IF(O4="","",IF(INT(O4/350)>0,"Lần " & INT(O4/350),""))
A5: 2 | B5: Bê tông cọc khoan nhồi - C2 mố M1 (L=20m) | D5: 24.71 | E5: =IF(C5="","",C5+7) | F5: =IF(C5="","",C5+28) | G5: 0.445 | H5: 0.525 | I5: 0.696 | M5: =IF(D5="","",ROUND(M4+IF(G5>0,D5*G5,D5*J5),2)) | N5: =IF(D5="","",ROUND(N4+IF(H5>0,D5*H5,D5*K5),2)) | O5: =IF(D5="","",ROUND(O4+IF(I5>0,D5*I5,D5*L5),2)) | P5: =IF(M5="","",IF(INT(M5/50)>INT(M4/50),"Lần " & INT(M5/50),"")) | Q5: =IF(N5="","",IF(INT(N5/200)>INT(N4/200),"Lần " & INT(N5/200),"")) | R5: =IF(O5="","",IF(INT(O5/350)>INT(O4/350),"Lần " & INT(O5/350),""))
A6: 3 | B6: Bê tông cọc khoan nhồi - C3 mố M1 (L=20m) | D6: 24.71 | E6: =IF(C6="","",C6+7) | F6: =IF(C6="","",C6+28) | G6: 0.445 | H6: 0.525 | I6: 0.696 | M6: =IF(D6="","",ROUND(M5+IF(G6>0,D6*G6,D6*J6),2)) | N6: =IF(D6="","",ROUND(N5+IF(H6>0,D6*H6,D6*K6),2)) | O6: =IF(D6="","",ROUND(O5+IF(I6>0,D6*I6,D6*L6),2)) | P6: =IF(M6="","",IF(INT(M6/50)>INT(M5/50),"Lần " & INT(M6/50),"")) | Q6: =IF(N6="","",IF(INT(N6/200)>INT(N5/200),"Lần " & INT(N6/200),"")) | R6: =IF(O6="","",IF(INT(O6/350)>INT(O5/350),"Lần " & INT(O6/350),""))
A7: 4 | B7: Bê tông cọc khoan nhồi - C1 trụ T1 (L=40m) | D7: 47.01 | E7: =IF(C7="","",C7+7) | F7: =IF(C7="","",C7+28) | G7: 0.445 | H7: 0.525 | I7: 0.696 | M7: =IF(D7="","",ROUND(M6+IF(G7>0,D7*G7,D7*J7),2)) | N7: =IF(D7="","",ROUND(N6+IF(H7>0,D7*H7,D7*K7),2)) | O7: =IF(D7="","",ROUND(O6+IF(I7>0,D7*I7,D7*L7),2)) | P7: =IF(M7="","",IF(INT(M7/50)>INT(M6/50),"Lần " & INT(M7/50),"")) | Q7: =IF(N7="","",IF(INT(N7/200)>INT(N6/200),"Lần " & INT(N7/200),"")) | R7: =IF(O7="","",IF(INT(O7/350)>INT(O6/350),"Lần " & INT(O7/350),""))
A8: 5 | B8: Bê tông cọc khoan nhồi - C2 trụ T1 (L=40m) | D8: 47.01 | E8: =IF(C8="","",C8+7) | F8: =IF(C8="","",C8+28) | G8: 0.445 | H8: 0.525 | I8: 0.696 | M8: =IF(D8="","",ROUND(M7+IF(G8>0,D8*G8,D8*J8),2)) | N8: =IF(D8="","",ROUND(N7+IF(H8>0,D8*H8,D8*K8),2)) | O8: =IF(D8="","",ROUND(O7+IF(I8>0,D8*I8,D8*L8),2)) | P8: =IF(M8="","",IF(INT(M8/50)>INT(M7/50),"Lần " & INT(M8/50),"")) | Q8: =IF(N8="","",IF(INT(N8/200)>INT(N7/200),"Lần " & INT(N8/200),"")) | R8: =IF(O8="","",IF(INT(O8/350)>INT(O7/350),"Lần " & INT(O8/350),""))
A9: 6 | B9: Bê tông cọc khoan nhồi - C3 trụ T1 (L=40m) | D9: 47.01 | E9: =IF(C9="","",C9+7) | F9: =IF(C9="","",C9+28) | G9: 0.445 | H9: 0.525 | I9: 0.696 | M9: =IF(D9="","",ROUND(M8+IF(G9>0,D9*G9,D9*J9),2)) | N9: =IF(D9="","",ROUND(N8+IF(H9>0,D9*H9,D9*K9),2)) | O9: =IF(D9="","",ROUND(O8+IF(I9>0,D9*I9,D9*L9),2)) | P9: =IF(M9="","",IF(INT(M9/50)>INT(M8/50),"Lần " & INT(M9/50),"")) | Q9: =IF(N9="","",IF(INT(N9/200)>INT(N8/200),"Lần " & INT(N9/200),"")) | R9: =IF(O9="","",IF(INT(O9/350)>INT(O8/350),"Lần " & INT(O9/350),""))
A10: 7 | B10: Bê tông cọc khoan nhồi - C4 trụ T1 (L=40m) | D10: 47.01 | E10: =IF(C10="","",C10+7) | F10: =IF(C10="","",C10+28) | G10: 0.445 | H10: 0.525 | I10: 0.696 | M10: =IF(D10="","",ROUND(M9+IF(G10>0,D10*G10,D10*J10),2)) | N10: =IF(D10="","",ROUND(N9+IF(H10>0,D10*H10,D10*K10),2)) | O10: =IF(D10="","",ROUND(O9+IF(I10>0,D10*I10,D10*L10),2)) | P10: =IF(M10="","",IF(INT(M10/50)>INT(M9/50),"Lần " & INT(M10/50),"")) | Q10: =IF(N10="","",IF(INT(N10/200)>INT(N9/200),"Lần " & INT(N10/200),"")) | R10: =IF(O10="","",IF(INT(O10/350)>INT(O9/350),"Lần " & INT(O10/350),""))
A11: 8 | B11: Bê tông cọc khoan nhồi - C5 trụ T1 (L=40m) | D11: 47.01 | E11: =IF(C11="","",C11+7) | F11: =IF(C11="","",C11+28) | G11: 0.445 | H11: 0.525 | I11: 0.696 | M11: =IF(D11="","",ROUND(M10+IF(G11>0,D11*G11,D11*J11),2)) | N11: =IF(D11="","",ROUND(N10+IF(H11>0,D11*H11,D11*K11),2)) | O11: =IF(D11="","",ROUND(O10+IF(I11>0,D11*I11,D11*L11),2)) | P11: =IF(M11="","",IF(INT(M11/50)>INT(M10/50),"Lần " & INT(M11/50),"")) | Q11: =IF(N11="","",IF(INT(N11/200)>INT(N10/200),"Lần " & INT(N11/200),"")) | R11: =IF(O11="","",IF(INT(O11/350)>INT(O10/350),"Lần " & INT(O11/350),""))
A12: 9 | B12: Bê tông cọc khoan nhồi - C6 trụ T1 (L=40m) | D12: 47.01 | E12: =IF(C12="","",C12+7) | F12: =IF(C12="","",C12+28) | G12: 0.445 | H12: 0.525 | I12: 0.696 | M12: =IF(D12="","",ROUND(M11+IF(G12>0,D12*G12,D12*J12),2)) | N12: =IF(D12="","",ROUND(N11+IF(H12>0,D12*H12,D12*K12),2)) | O12: =IF(D12="","",ROUND(O11+IF(I12>0,D12*I12,D12*L12),2)) | P12: =IF(M12="","",IF(INT(M12/50)>INT(M11/50),"Lần " & INT(M12/50),"")) | Q12: =IF(N12="","",IF(INT(N12/200)>INT(N11/200),"Lần " & INT(N12/200),"")) | R12: =IF(O12="","",IF(INT(O12/350)>INT(O11/350),"Lần " & INT(O12/350),""))
A13: 10 | B13: Bê tông cọc khoan nhồi - C7 trụ T1 (L=40m) | D13: 47.01 | E13: =IF(C13="","",C13+7) | F13: =IF(C13="","",C13+28) | G13: 0.445 | H13: 0.525 | I13: 0.696 | M13: =IF(D13="","",ROUND(M12+IF(G13>0,D13*G13,D13*J13),2)) | N13: =IF(D13="","",ROUND(N12+IF(H13>0,D13*H13,D13*K13),2)) | O13: =IF(D13="","",ROUND(O12+IF(I13>0,D13*I13,D13*L13),2)) | P13: =IF(M13="","",IF(INT(M13/50)>INT(M12/50),"Lần " & INT(M13/50),"")) | Q13: =IF(N13="","",IF(INT(N13/200)>INT(N12/200),"Lần " & INT(N13/200),"")) | R13: =IF(O13="","",IF(INT(O13/350)>INT(O12/350),"Lần " & INT(O13/350),""))
A14: 11 | B14: Bê tông cọc khoan nhồi - C8 trụ T1 (L=40m) | D14: 47.01 | E14: =IF(C14="","",C14+7) | F14: =IF(C14="","",C14+28) | G14: 0.445 | H14: 0.525 | I14: 0.696 | M14: =IF(D14="","",ROUND(M13+IF(G14>0,D14*G14,D14*J14),2)) | N14: =IF(D14="","",ROUND(N13+IF(H14>0,D14*H14,D14*K14),2)) | O14: =IF(D14="","",ROUND(O13+IF(I14>0,D14*I14,D14*L14),2)) | P14: =IF(M14="","",IF(INT(M14/50)>INT(M13/50),"Lần " & INT(M14/50),"")) | Q14: =IF(N14="","",IF(INT(N14/200)>INT(N13/200),"Lần " & INT(N14/200),"")) | R14: =IF(O14="","",IF(INT(O14/350)>INT(O13/350),"Lần " & INT(O14/350),""))
A15: 12 | B15: Bê tông cọc khoan nhồi - C1 trụ T2 (L=30m) | D15: 35.86 | E15: =IF(C15="","",C15+7) | F15: =IF(C15="","",C15+28) | G15: 0.445 | H15: 0.525 | I15: 0.696 | M15: =IF(D15="","",ROUND(M14+IF(G15>0,D15*G15,D15*J15),2)) | N15: =IF(D15="","",ROUND(N14+IF(H15>0,D15*H15,D15*K15),2)) | O15: =IF(D15="","",ROUND(O14+IF(I15>0,D15*I15,D15*L15),2)) | P15: =IF(M15="","",IF(INT(M15/50)>INT(M14/50),"Lần " & INT(M15/50),"")) | Q15: =IF(N15="","",IF(INT(N15/200)>INT(N14/200),"Lần " & INT(N15/200),"")) | R15: =IF(O15="","",IF(INT(O15/350)>INT(O14/350),"Lần " & INT(O15/350),""))
A16: 13 | B16: Bê tông cọc khoan nhồi - C2 trụ T2 (L=30m) | D16: 35.86 | E16: =IF(C16="","",C16+7) | F16: =IF(C16="","",C16+28) | G16: 0.445 | H16: 0.525 | I16: 0.696 | M16: =IF(D16="","",ROUND(M15+IF(G16>0,D16*G16,D16*J16),2)) | N16: =IF(D16="","",ROUND(N15+IF(H16>0,D16*H16,D16*K16),2)) | O16: =IF(D16="","",ROUND(O15+IF(I16>0,D16*I16,D16*L16),2)) | P16: =IF(M16="","",IF(INT(M16/50)>INT(M15/50),"Lần " & INT(M16/50),"")) | Q16: =IF(N16="","",IF(INT(N16/200)>INT(N15/200),"Lần " & INT(N16/200),"")) | R16: =IF(O16="","",IF(INT(O16/350)>INT(O15/350),"Lần " & INT(O16/350),""))
... A29: 26 | B29: Bê tông cọc khoan nhồi - C7 mố M2 (L=36m) | D29: 42.83 | E29: =IF(C29="","",C29+7) | F29: =IF(C29="","",C29+28) | G29: 0.445 | H29: 0.525 | I29: 0.696 | M29: =IF(D29="","",ROUND(M28+IF(G29>0,D29*G29,D29*J29),2)) | N29: =IF(D29="","",ROUND(N28+IF(H29>0,D29*H29,D29*K29),2)) | O29: =IF(D29="","",ROUND(O28+IF(I29>0,D29*I29,D29*L29),2)) | P29: =IF(M29="","",IF(INT(M29/50)>INT(M28/50),"Lần " & INT(M29/50),"")) | Q29: =IF(N29="","",IF(INT(N29/200)>INT(N28/200),"Lần " & INT(N29/200),"")) | R29: =IF(O29="","",IF(INT(O29/350)>INT(O28/350),"Lần " & INT(O29/350),""))
A30: II. HẠNG MỤC BÊ TÔNG BỆ MỐ & BỆ TRỤ (C30 ĐỘ SỤT 14±2CM)
A31: 27 | B31: Bê tông lót móng bệ mố M1 (M100 đá 4x6) | D31: 9.55 | E31: =IF(C31="","",C31+7) | F31: =IF(C31="","",C31+28) | J31: 0.425 | K31: 0.555 | L31: 0.7 | M31: =IF(D31="","",ROUND(M29+IF(G31>0,D31*G31,D31*J31),2)) | N31: =IF(D31="","",ROUND(N29+IF(H31>0,D31*H31,D31*K31),2)) | O31: =IF(D31="","",ROUND(O29+IF(I31>0,D31*I31,D31*L31),2)) | P31: =IF(M31="","",IF(INT(M31/50)>INT(M29/50),"Lần " & INT(M31/50),"")) | Q31: =IF(N31="","",IF(INT(N31/200)>INT(N29/200),"Lần " & INT(N31/200),"")) | R31: =IF(O31="","",IF(INT(O31/350)>INT(O29/350),"Lần " & INT(O31/350),""))
A32: 28 | B32: Bê tông bệ mố M1 (C30 đá 1x2) | D32: 74.5 | E32: =IF(C32="","",C32+7) | F32: =IF(C32="","",C32+28) | J32: 0.425 | K32: 0.555 | L32: 0.7 | M32: =IF(D32="","",ROUND(M31+IF(G32>0,D32*G32,D32*J32),2)) | N32: =IF(D32="","",ROUND(N31+IF(H32>0,D32*H32,D32*K32),2)) | O32: =IF(D32="","",ROUND(O31+IF(I32>0,D32*I32,D32*L32),2)) | P32: =IF(M32="","",IF(INT(M32/50)>INT(M31/50),"Lần " & INT(M32/50),"")) | Q32: =IF(N32="","",IF(INT(N32/200)>INT(N31/200),"Lần " & INT(N32/200),"")) | R32: =IF(O32="","",IF(INT(O32/350)>INT(O31/350),"Lần " & INT(O32/350),""))
A33: 29 | B33: Bê tông lót móng bệ trụ T1 (M100 đá 4x6) | D33: 12.5 | E33: =IF(C33="","",C33+7) | F33: =IF(C33="","",C33+28) | J33: 0.425 | K33: 0.555 | L33: 0.7 | M33: =IF(D33="","",ROUND(M32+IF(G33>0,D33*G33,D33*J33),2)) | N33: =IF(D33="","",ROUND(N32+IF(H33>0,D33*H33,D33*K33),2)) | O33: =IF(D33="","",ROUND(O32+IF(I33>0,D33*I33,D33*L33),2)) | P33: =IF(M33="","",IF(INT(M33/50)>INT(M32/50),"Lần " & INT(M33/50),"")) | Q33: =IF(N33="","",IF(INT(N33/200)>INT(N32/200),"Lần " & INT(N33/200),"")) | R33: =IF(O33="","",IF(INT(O33/350)>INT(O32/350),"Lần " & INT(O33/350),""))
A34: 30 | B34: Bê tông bệ trụ T1 - Đợt 1 (C30 đá 1x2) | D34: 82.5 | E34: =IF(C34="","",C34+7) | F34: =IF(C34="","",C34+28) | J34: 0.425 | K34: 0.555 | L34: 0.7 | M34: =IF(D34="","",ROUND(M33+IF(G34>0,D34*G34,D34*J34),2)) | N34: =IF(D34="","",ROUND(N33+IF(H34>0,D34*H34,D34*K34),2)) | O34: =IF(D34="","",ROUND(O33+IF(I34>0,D34*I34,D34*L34),2)) | P34: =IF(M34="","",IF(INT(M34/50)>INT(M33/50),"Lần " & INT(M34/50),"")) | Q34: =IF(N34="","",IF(INT(N34/200)>INT(N33/200),"Lần " & INT(N34/200),"")) | R34: =IF(O34="","",IF(INT(O34/350)>INT(O33/350),"Lần " & INT(O34/350),""))
A35: 31 | B35: Bê tông bệ trụ T1 - Đợt 2 (C30 đá 1x2) | D35: 82.5 | E35: =IF(C35="","",C35+7) | F35: =IF(C35="","",C35+28) | J35: 0.425 | K35: 0.555 | L35: 0.7 | M35: =IF(D35="","",ROUND(M34+IF(G35>0,D35*G35,D35*J35),2)) | N35: =IF(D35="","",ROUND(N34+IF(H35>0,D35*H35,D35*K35),2)) | O35: =IF(D35="","",ROUND(O34+IF(I35>0,D35*I35,D35*L35),2)) | P35: =IF(M35="","",IF(INT(M35/50)>INT(M34/50),"Lần " & INT(M35/50),"")) | Q35: =IF(N35="","",IF(INT(N35/200)>INT(N34/200),"Lần " & INT(N35/200),"")) | R35: =IF(O35="","",IF(INT(O35/350)>INT(O34/350),"Lần " & INT(O35/350),""))
A36: 32 | B36: Bê tông lót móng bệ trụ T2 (M100 đá 4x6) | D36: 12.5 | E36: =IF(C36="","",C36+7) | F36: =IF(C36="","",C36+28) | J36: 0.425 | K36: 0.555 | L36: 0.7 | M36: =IF(D36="","",ROUND(M35+IF(G36>0,D36*G36,D36*J36),2)) | N36: =IF(D36="","",ROUND(N35+IF(H36>0,D36*H36,D36*K36),2)) | O36: =IF(D36="","",ROUND(O35+IF(I36>0,D36*I36,D36*L36),2)) | P36: =IF(M36="","",IF(INT(M36/50)>INT(M35/50),"Lần " & INT(M36/50),"")) | Q36: =IF(N36="","",IF(INT(N36/200)>INT(N35/200),"Lần " & INT(N36/200),"")) | R36: =IF(O36="","",IF(INT(O36/350)>INT(O35/350),"Lần " & INT(O36/350),""))
A37: 33 | B37: Bê tông bệ trụ T2 - Đợt 1 (C30 đá 1x2) | D37: 82.5 | E37: =IF(C37="","",C37+7) | F37: =IF(C37="","",C37+28) | J37: 0.425 | K37: 0.555 | L37: 0.7 | M37: =IF(D37="","",ROUND(M36+IF(G37>0,D37*G37,D37*J37),2)) | N37: =IF(D37="","",ROUND(N36+IF(H37>0,D37*H37,D37*K37),2)) | O37: =IF(D37="","",ROUND(O36+IF(I37>0,D37*I37,D37*L37),2)) | P37: =IF(M37="","",IF(INT(M37/50)>INT(M36/50),"Lần " & INT(M37/50),"")) | Q37: =IF(N37="","",IF(INT(N37/200)>INT(N36/200),"Lần " & INT(N37/200),"")) | R37: =IF(O37="","",IF(INT(O37/350)>INT(O36/350),"Lần " & INT(O37/350),""))
A38: 34 | B38: Bê tông bệ trụ T2 - Đợt 2 (C30 đá 1x2) | D38: 82.5 | E38: =IF(C38="","",C38+7) | F38: =IF(C38="","",C38+28) | J38: 0.425 | K38: 0.555 | L38: 0.7 | M38: =IF(D38="","",ROUND(M37+IF(G38>0,D38*G38,D38*J38),2)) | N38: =IF(D38="","",ROUND(N37+IF(H38>0,D38*H38,D38*K38),2)) | O38: =IF(D38="","",ROUND(O37+IF(I38>0,D38*I38,D38*L38),2)) | P38: =IF(M38="","",IF(INT(M38/50)>INT(M37/50),"Lần " & INT(M38/50),"")) | Q38: =IF(N38="","",IF(INT(N38/200)>INT(N37/200),"Lần " & INT(N38/200),"")) | R38: =IF(O38="","",IF(INT(O38/350)>INT(O37/350),"Lần " & INT(O38/350),""))
A39: 35 | B39: Bê tông lót móng bệ mố M2 (M100 đá 4x6) | D39: 9.55 | E39: =IF(C39="","",C39+7) | F39: =IF(C39="","",C39+28) | J39: 0.425 | K39: 0.555 | L39: 0.7 | M39: =IF(D39="","",ROUND(M38+IF(G39>0,D39*G39,D39*J39),2)) | N39: =IF(D39="","",ROUND(N38+IF(H39>0,D39*H39,D39*K39),2)) | O39: =IF(D39="","",ROUND(O38+IF(I39>0,D39*I39,D39*L39),2)) | P39: =IF(M39="","",IF(INT(M39/50)>INT(M38/50),"Lần " & INT(M39/50),"")) | Q39: =IF(N39="","",IF(INT(N39/200)>INT(N38/200),"Lần " & INT(N39/200),"")) | R39: =IF(O39="","",IF(INT(O39/350)>INT(O38/350),"Lần " & INT(O39/350),""))
A40: 36 | B40: Bê tông bệ mố M2 (C30 đá 1x2) | D40: 74.5 | E40: =IF(C40="","",C40+7) | F40: =IF(C40="","",C40+28) | J40: 0.425 | K40: 0.555 | L40: 0.7 | M40: =IF(D40="","",ROUND(M39+IF(G40>0,D40*G40,D40*J40),2)) | N40: =IF(D40="","",ROUND(N39+IF(H40>0,D40*H40,D40*K40),2)) | O40: =IF(D40="","",ROUND(O39+IF(I40>0,D40*I40,D40*L40),2)) | P40: =IF(M40="","",IF(INT(M40/50)>INT(M39/50),"Lần " & INT(M40/50),"")) | Q40: =IF(N40="","",IF(INT(N40/200)>INT(N39/200),"Lần " & INT(N40/200),"")) | R40: =IF(O40="","",IF(INT(O40/350)>INT(O39/350),"Lần " & INT(O40/350),""))
A41: III. HẠNG MỤC THÂN TRỤ, THÂN MỐ & XÀ MŨ (CÁC ĐỐT LÊN HOÀN THIỆN)
A42: 37 | B42: Bê tông thân trụ T1 - Đốt 1 (C30 đá 1x2) | D42: 42 | E42: =IF(C42="","",C42+7) | F42: =IF(C42="","",C42+28) | J42: 0.425 | K42: 0.555 | L42: 0.7 | M42: =IF(D42="","",ROUND(M40+IF(G42>0,D42*G42,D42*J42),2)) | N42: =IF(D42="","",ROUND(N40+IF(H42>0,D42*H42,D42*K42),2)) | O42: =IF(D42="","",ROUND(O40+IF(I42>0,D42*I42,D42*L42),2)) | P42: =IF(M42="","",IF(INT(M42/50)>INT(M40/50),"Lần " & INT(M42/50),"")) | Q42: =IF(N42="","",IF(INT(N42/200)>INT(N40/200),"Lần " & INT(N42/200),"")) | R42: =IF(O42="","",IF(INT(O42/350)>INT(O40/350),"Lần " & INT(O42/350),""))
A43: 38 | B43: Bê tông thân trụ T1 - Đốt 2 (C30 đá 1x2) | D43: 42 | E43: =IF(C43="","",C43+7) | F43: =IF(C43="","",C43+28) | J43: 0.425 | K43: 0.555 | L43: 0.7 | M43: =IF(D43="","",ROUND(M42+IF(G43>0,D43*G43,D43*J43),2)) | N43: =IF(D43="","",ROUND(N42+IF(H43>0,D43*H43,D43*K43),2)) | O43: =IF(D43="","",ROUND(O42+IF(I43>0,D43*I43,D43*L43),2)) | P43: =IF(M43="","",IF(INT(M43/50)>INT(M42/50),"Lần " & INT(M43/50),"")) | Q43: =IF(N43="","",IF(INT(N43/200)>INT(N42/200),"Lần " & INT(N43/200),"")) | R43: =IF(O43="","",IF(INT(O43/350)>INT(O42/350),"Lần " & INT(O43/350),""))
A44: 39 | B44: Bê tông thân trụ T1 - Đốt 3 (C30 đá 1x2) | D44: 38 | E44: =IF(C44="","",C44+7) | F44: =IF(C44="","",C44+28) | J44: 0.425 | K44: 0.555 | L44: 0.7 | M44: =IF(D44="","",ROUND(M43+IF(G44>0,D44*G44,D44*J44),2)) | N44: =IF(D44="","",ROUND(N43+IF(H44>0,D44*H44,D44*K44),2)) | O44: =IF(D44="","",ROUND(O43+IF(I44>0,D44*I44,D44*L44),2)) | P44: =IF(M44="","",IF(INT(M44/50)>INT(M43/50),"Lần " & INT(M44/50),"")) | Q44: =IF(N44="","",IF(INT(N44/200)>INT(N43/200),"Lần " & INT(N44/200),"")) | R44: =IF(O44="","",IF(INT(O44/350)>INT(O43/350),"Lần " & INT(O44/350),""))
A45: 40 | B45: Bê tông xà mũ trụ T1 & đá kê gối (C35/C30 đá 1x2) | D45: 45 | E45: =IF(C45="","",C45+7) | F45: =IF(C45="","",C45+28) | J45: 0.425 | K45: 0.555 | L45: 0.7 | M45: =IF(D45="","",ROUND(M44+IF(G45>0,D45*G45,D45*J45),2)) | N45: =IF(D45="","",ROUND(N44+IF(H45>0,D45*H45,D45*K45),2)) | O45: =IF(D45="","",ROUND(O44+IF(I45>0,D45*I45,D45*L45),2)) | P45: =IF(M45="","",IF(INT(M45/50)>INT(M44/50),"Lần " & INT(M45/50),"")) | Q45: =IF(N45="","",IF(INT(N45/200)>INT(N44/200),"Lần " & INT(N45/200),"")) | R45: =IF(O45="","",IF(INT(O45/350)>INT(O44/350),"Lần " & INT(O45/350),""))
A46: 41 | B46: Bê tông thân trụ T2 - Đốt 1 (C30 đá 1x2) | D46: 45 | E46: =IF(C46="","",C46+7) | F46: =IF(C46="","",C46+28) | J46: 0.425 | K46: 0.555 | L46: 0.7 | M46: =IF(D46="","",ROUND(M45+IF(G46>0,D46*G46,D46*J46),2)) | N46: =IF(D46="","",ROUND(N45+IF(H46>0,D46*H46,D46*K46),2)) | O46: =IF(D46="","",ROUND(O45+IF(I46>0,D46*I46,D46*L46),2)) | P46: =IF(M46="","",IF(INT(M46/50)>INT(M45/50),"Lần " & INT(M46/50),"")) | Q46: =IF(N46="","",IF(INT(N46/200)>INT(N45/200),"Lần " & INT(N46/200),"")) | R46: =IF(O46="","",IF(INT(O46/350)>INT(O45/350),"Lần " & INT(O46/350),""))
A47: 42 | B47: Bê tông thân trụ T2 - Đốt 2 (C30 đá 1x2) | D47: 45 | E47: =IF(C47="","",C47+7) | F47: =IF(C47="","",C47+28) | J47: 0.425 | K47: 0.555 | L47: 0.7 | M47: =IF(D47="","",ROUND(M46+IF(G47>0,D47*G47,D47*J47),2)) | N47: =IF(D47="","",ROUND(N46+IF(H47>0,D47*H47,D47*K47),2)) | O47: =IF(D47="","",ROUND(O46+IF(I47>0,D47*I47,D47*L47),2)) | P47: =IF(M47="","",IF(INT(M47/50)>INT(M46/50),"Lần " & INT(M47/50),"")) | Q47: =IF(N47="","",IF(INT(N47/200)>INT(N46/200),"Lần " & INT(N47/200),"")) | R47: =IF(O47="","",IF(INT(O47/350)>INT(O46/350),"Lần " & INT(O47/350),""))
A48: 43 | B48: Bê tông thân trụ T2 - Đốt 3 (C30 đá 1x2) | D48: 42 | E48: =IF(C48="","",C48+7) | F48: =IF(C48="","",C48+28) | J48: 0.425 | K48: 0.555 | L48: 0.7 | M48: =IF(D48="","",ROUND(M47+IF(G48>0,D48*G48,D48*J48),2)) | N48: =IF(D48="","",ROUND(N47+IF(H48>0,D48*H48,D48*K48),2)) | O48: =IF(D48="","",ROUND(O47+IF(I48>0,D48*I48,D48*L48),2)) | P48: =IF(M48="","",IF(INT(M48/50)>INT(M47/50),"Lần " & INT(M48/50),"")) | Q48: =IF(N48="","",IF(INT(N48/200)>INT(N47/200),"Lần " & INT(N48/200),"")) | R48: =IF(O48="","",IF(INT(O48/350)>INT(O47/350),"Lần " & INT(O48/350),""))
A49: 44 | B49: Bê tông xà mũ trụ T2 & đá kê gối (C35/C30 đá 1x2) | D49: 45 | E49: =IF(C49="","",C49+7) | F49: =IF(C49="","",C49+28) | J49: 0.425 | K49: 0.555 | L49: 0.7 | M49: =IF(D49="","",ROUND(M48+IF(G49>0,D49*G49,D49*J49),2)) | N49: =IF(D49="","",ROUND(N48+IF(H49>0,D49*H49,D49*K49),2)) | O49: =IF(D49="","",ROUND(O48+IF(I49>0,D49*I49,D49*L49),2)) | P49: =IF(M49="","",IF(INT(M49/50)>INT(M48/50),"Lần " & INT(M49/50),"")) | Q49: =IF(N49="","",IF(INT(N49/200)>INT(N48/200),"Lần " & INT(N49/200),"")) | R49: =IF(O49="","",IF(INT(O49/350)>INT(O48/350),"Lần " & INT(O49/350),""))
A50: 45 | B50: Bê tông tường thân mố M1 - Đợt 1 (C30 đá 1x2) | D50: 45 | E50: =IF(C50="","",C50+7) | F50: =IF(C50="","",C50+28) | J50: 0.425 | K50: 0.555 | L50: 0.7 | M50: =IF(D50="","",ROUND(M49+IF(G50>0,D50*G50,D50*J50),2)) | N50: =IF(D50="","",ROUND(N49+IF(H50>0,D50*H50,D50*K50),2)) | O50: =IF(D50="","",ROUND(O49+IF(I50>0,D50*I50,D50*L50),2)) | P50: =IF(M50="","",IF(INT(M50/50)>INT(M49/50),"Lần " & INT(M50/50),"")) | Q50: =IF(N50="","",IF(INT(N50/200)>INT(N49/200),"Lần " & INT(N50/200),"")) | R50: =IF(O50="","",IF(INT(O50/350)>INT(O49/350),"Lần " & INT(O50/350),""))
A51: 46 | B51: Bê tông tường thân mố M1 - Đợt 2 (C30 đá 1x2) | D51: 39.44 | E51: =IF(C51="","",C51+7) | F51: =IF(C51="","",C51+28) | J51: 0.425 | K51: 0.555 | L51: 0.7 | M51: =IF(D51="","",ROUND(M50+IF(G51>0,D51*G51,D51*J51),2)) | N51: =IF(D51="","",ROUND(N50+IF(H51>0,D51*H51,D51*K51),2)) | O51: =IF(D51="","",ROUND(O50+IF(I51>0,D51*I51,D51*L51),2)) | P51: =IF(M51="","",IF(INT(M51/50)>INT(M50/50),"Lần " & INT(M51/50),"")) | Q51: =IF(N51="","",IF(INT(N51/200)>INT(N50/200),"Lần " & INT(N51/200),"")) | R51: =IF(O51="","",IF(INT(O51/350)>INT(O50/350),"Lần " & INT(O51/350),""))
A52: 47 | B52: Bê tông tường đỉnh mố M1 & đá kê gối (C30) | D52: 14.33 | E52: =IF(C52="","",C52+7) | F52: =IF(C52="","",C52+28) | J52: 0.425 | K52: 0.555 | L52: 0.7 | M52: =IF(D52="","",ROUND(M51+IF(G52>0,D52*G52,D52*J52),2)) | N52: =IF(D52="","",ROUND(N51+IF(H52>0,D52*H52,D52*K52),2)) | O52: =IF(D52="","",ROUND(O51+IF(I52>0,D52*I52,D52*L52),2)) | P52: =IF(M52="","",IF(INT(M52/50)>INT(M51/50),"Lần " & INT(M52/50),"")) | Q52: =IF(N52="","",IF(INT(N52/200)>INT(N51/200),"Lần " & INT(N52/200),"")) | R52: =IF(O52="","",IF(INT(O52/350)>INT(O51/350),"Lần " & INT(O52/350),""))
A53: 48 | B53: Bê tông tường cánh mố M1 (C30 đá 1x2) | D53: 10.13 | E53: =IF(C53="","",C53+7) | F53: =IF(C53="","",C53+28) | J53: 0.425 | K53: 0.555 | L53: 0.7 | M53: =IF(D53="","",ROUND(M52+IF(G53>0,D53*G53,D53*J53),2)) | N53: =IF(D53="","",ROUND(N52+IF(H53>0,D53*H53,D53*K53),2)) | O53: =IF(D53="","",ROUND(O52+IF(I53>0,D53*I53,D53*L53),2)) | P53: =IF(M53="","",IF(INT(M53/50)>INT(M52/50),"Lần " & INT(M53/50),"")) | Q53: =IF(N53="","",IF(INT(N53/200)>INT(N52/200),"Lần " & INT(N53/200),"")) | R53: =IF(O53="","",IF(INT(O53/350)>INT(O52/350),"Lần " & INT(O53/350),""))
A54: 49 | B54: Bê tông tường thân mố M2 - Đợt 1 (C30 đá 1x2) | D54: 45 | E54: =IF(C54="","",C54+7) | F54: =IF(C54="","",C54+28) | J54: 0.425 | K54: 0.555 | L54: 0.7 | M54: =IF(D54="","",ROUND(M53+IF(G54>0,D54*G54,D54*J54),2)) | N54: =IF(D54="","",ROUND(N53+IF(H54>0,D54*H54,D54*K54),2)) | O54: =IF(D54="","",ROUND(O53+IF(I54>0,D54*I54,D54*L54),2)) | P54: =IF(M54="","",IF(INT(M54/50)>INT(M53/50),"Lần " & INT(M54/50),"")) | Q54: =IF(N54="","",IF(INT(N54/200)>INT(N53/200),"Lần " & INT(N54/200),"")) | R54: =IF(O54="","",IF(INT(O54/350)>INT(O53/350),"Lần " & INT(O54/350),""))
... A57: 52 | B57: Bê tông tường cánh mố M2 (C30 đá 1x2) | D57: 10.13 | E57: =IF(C57="","",C57+7) | F57: =IF(C57="","",C57+28) | J57: 0.425 | K57: 0.555 | L57: 0.7 | M57: =IF(D57="","",ROUND(M56+IF(G57>0,D57*G57,D57*J57),2)) | N57: =IF(D57="","",ROUND(N56+IF(H57>0,D57*H57,D57*K57),2)) | O57: =IF(D57="","",ROUND(O56+IF(I57>0,D57*I57,D57*L57),2)) | P57: =IF(M57="","",IF(INT(M57/50)>INT(M56/50),"Lần " & INT(M57/50),"")) | Q57: =IF(N57="","",IF(INT(N57/200)>INT(N56/200),"Lần " & INT(N57/200),"")) | R57: =IF(O57="","",IF(INT(O57/350)>INT(O56/350),"Lần " & INT(O57/350),""))
A58: IV. HẠNG MỤC DẦM CHỦ SUPER-T L=38.2M (15 PHIẾN DẦM C45/C35)
A59: 53 | B59: Bê tông dầm Super-T Nhịp 1 - Phiến D1 (C45 đá 1x2) | D59: 28.99 | E59: =IF(C59="","",C59+7) | F59: =IF(C59="","",C59+28) | J59: 0.425 | K59: 0.555 | L59: 0.7 | M59: =IF(D59="","",ROUND(M57+IF(G59>0,D59*G59,D59*J59),2)) | N59: =IF(D59="","",ROUND(N57+IF(H59>0,D59*H59,D59*K59),2)) | O59: =IF(D59="","",ROUND(O57+IF(I59>0,D59*I59,D59*L59),2)) | P59: =IF(M59="","",IF(INT(M59/50)>INT(M57/50),"Lần " & INT(M59/50),"")) | Q59: =IF(N59="","",IF(INT(N59/200)>INT(N57/200),"Lần " & INT(N59/200),"")) | R59: =IF(O59="","",IF(INT(O59/350)>INT(O57/350),"Lần " & INT(O59/350),""))
A60: 54 | B60: Bê tông dầm Super-T Nhịp 1 - Phiến D2 (C45 đá 1x2) | D60: 28.99 | E60: =IF(C60="","",C60+7) | F60: =IF(C60="","",C60+28) | J60: 0.425 | K60: 0.555 | L60: 0.7 | M60: =IF(D60="","",ROUND(M59+IF(G60>0,D60*G60,D60*J60),2)) | N60: =IF(D60="","",ROUND(N59+IF(H60>0,D60*H60,D60*K60),2)) | O60: =IF(D60="","",ROUND(O59+IF(I60>0,D60*I60,D60*L60),2)) | P60: =IF(M60="","",IF(INT(M60/50)>INT(M59/50),"Lần " & INT(M60/50),"")) | Q60: =IF(N60="","",IF(INT(N60/200)>INT(N59/200),"Lần " & INT(N60/200),"")) | R60: =IF(O60="","",IF(INT(O60/350)>INT(O59/350),"Lần " & INT(O60/350),""))
A61: 55 | B61: Bê tông dầm Super-T Nhịp 1 - Phiến D3 (C45 đá 1x2) | D61: 28.99 | E61: =IF(C61="","",C61+7) | F61: =IF(C61="","",C61+28) | J61: 0.425 | K61: 0.555 | L61: 0.7 | M61: =IF(D61="","",ROUND(M60+IF(G61>0,D61*G61,D61*J61),2)) | N61: =IF(D61="","",ROUND(N60+IF(H61>0,D61*H61,D61*K61),2)) | O61: =IF(D61="","",ROUND(O60+IF(I61>0,D61*I61,D61*L61),2)) | P61: =IF(M61="","",IF(INT(M61/50)>INT(M60/50),"Lần " & INT(M61/50),"")) | Q61: =IF(N61="","",IF(INT(N61/200)>INT(N60/200),"Lần " & INT(N61/200),"")) | R61: =IF(O61="","",IF(INT(O61/350)>INT(O60/350),"Lần " & INT(O61/350),""))
A62: 56 | B62: Bê tông dầm Super-T Nhịp 1 - Phiến D4 (C45 đá 1x2) | D62: 28.99 | E62: =IF(C62="","",C62+7) | F62: =IF(C62="","",C62+28) | J62: 0.425 | K62: 0.555 | L62: 0.7 | M62: =IF(D62="","",ROUND(M61+IF(G62>0,D62*G62,D62*J62),2)) | N62: =IF(D62="","",ROUND(N61+IF(H62>0,D62*H62,D62*K62),2)) | O62: =IF(D62="","",ROUND(O61+IF(I62>0,D62*I62,D62*L62),2)) | P62: =IF(M62="","",IF(INT(M62/50)>INT(M61/50),"Lần " & INT(M62/50),"")) | Q62: =IF(N62="","",IF(INT(N62/200)>INT(N61/200),"Lần " & INT(N62/200),"")) | R62: =IF(O62="","",IF(INT(O62/350)>INT(O61/350),"Lần " & INT(O62/350),""))
A63: 57 | B63: Bê tông dầm Super-T Nhịp 1 - Phiến D5 (C45 đá 1x2) | D63: 28.99 | E63: =IF(C63="","",C63+7) | F63: =IF(C63="","",C63+28) | J63: 0.425 | K63: 0.555 | L63: 0.7 | M63: =IF(D63="","",ROUND(M62+IF(G63>0,D63*G63,D63*J63),2)) | N63: =IF(D63="","",ROUND(N62+IF(H63>0,D63*H63,D63*K63),2)) | O63: =IF(D63="","",ROUND(O62+IF(I63>0,D63*I63,D63*L63),2)) | P63: =IF(M63="","",IF(INT(M63/50)>INT(M62/50),"Lần " & INT(M63/50),"")) | Q63: =IF(N63="","",IF(INT(N63/200)>INT(N62/200),"Lần " & INT(N63/200),"")) | R63: =IF(O63="","",IF(INT(O63/350)>INT(O62/350),"Lần " & INT(O63/350),""))
A64: 58 | B64: Bê tông dầm Super-T Nhịp 2 - Phiến D1 (C45 đá 1x2) | D64: 28.99 | E64: =IF(C64="","",C64+7) | F64: =IF(C64="","",C64+28) | J64: 0.425 | K64: 0.555 | L64: 0.7 | M64: =IF(D64="","",ROUND(M63+IF(G64>0,D64*G64,D64*J64),2)) | N64: =IF(D64="","",ROUND(N63+IF(H64>0,D64*H64,D64*K64),2)) | O64: =IF(D64="","",ROUND(O63+IF(I64>0,D64*I64,D64*L64),2)) | P64: =IF(M64="","",IF(INT(M64/50)>INT(M63/50),"Lần " & INT(M64/50),"")) | Q64: =IF(N64="","",IF(INT(N64/200)>INT(N63/200),"Lần " & INT(N64/200),"")) | R64: =IF(O64="","",IF(INT(O64/350)>INT(O63/350),"Lần " & INT(O64/350),""))
A65: 59 | B65: Bê tông dầm Super-T Nhịp 2 - Phiến D2 (C45 đá 1x2) | D65: 28.99 | E65: =IF(C65="","",C65+7) | F65: =IF(C65="","",C65+28) | J65: 0.425 | K65: 0.555 | L65: 0.7 | M65: =IF(D65="","",ROUND(M64+IF(G65>0,D65*G65,D65*J65),2)) | N65: =IF(D65="","",ROUND(N64+IF(H65>0,D65*H65,D65*K65),2)) | O65: =IF(D65="","",ROUND(O64+IF(I65>0,D65*I65,D65*L65),2)) | P65: =IF(M65="","",IF(INT(M65/50)>INT(M64/50),"Lần " & INT(M65/50),"")) | Q65: =IF(N65="","",IF(INT(N65/200)>INT(N64/200),"Lần " & INT(N65/200),"")) | R65: =IF(O65="","",IF(INT(O65/350)>INT(O64/350),"Lần " & INT(O65/350),""))
A66: 60 | B66: Bê tông dầm Super-T Nhịp 2 - Phiến D3 (C45 đá 1x2) | D66: 28.99 | E66: =IF(C66="","",C66+7) | F66: =IF(C66="","",C66+28) | J66: 0.425 | K66: 0.555 | L66: 0.7 | M66: =IF(D66="","",ROUND(M65+IF(G66>0,D66*G66,D66*J66),2)) | N66: =IF(D66="","",ROUND(N65+IF(H66>0,D66*H66,D66*K66),2)) | O66: =IF(D66="","",ROUND(O65+IF(I66>0,D66*I66,D66*L66),2)) | P66: =IF(M66="","",IF(INT(M66/50)>INT(M65/50),"Lần " & INT(M66/50),"")) | Q66: =IF(N66="","",IF(INT(N66/200)>INT(N65/200),"Lần " & INT(N66/200),"")) | R66: =IF(O66="","",IF(INT(O66/350)>INT(O65/350),"Lần " & INT(O66/350),""))
A67: 61 | B67: Bê tông dầm Super-T Nhịp 2 - Phiến D4 (C45 đá 1x2) | D67: 28.99 | E67: =IF(C67="","",C67+7) | F67: =IF(C67="","",C67+28) | J67: 0.425 | K67: 0.555 | L67: 0.7 | M67: =IF(D67="","",ROUND(M66+IF(G67>0,D67*G67,D67*J67),2)) | N67: =IF(D67="","",ROUND(N66+IF(H67>0,D67*H67,D67*K67),2)) | O67: =IF(D67="","",ROUND(O66+IF(I67>0,D67*I67,D67*L67),2)) | P67: =IF(M67="","",IF(INT(M67/50)>INT(M66/50),"Lần " & INT(M67/50),"")) | Q67: =IF(N67="","",IF(INT(N67/200)>INT(N66/200),"Lần " & INT(N67/200),"")) | R67: =IF(O67="","",IF(INT(O67/350)>INT(O66/350),"Lần " & INT(O67/350),""))
A68: 62 | B68: Bê tông dầm Super-T Nhịp 2 - Phiến D5 (C45 đá 1x2) | D68: 28.99 | E68: =IF(C68="","",C68+7) | F68: =IF(C68="","",C68+28) | J68: 0.425 | K68: 0.555 | L68: 0.7 | M68: =IF(D68="","",ROUND(M67+IF(G68>0,D68*G68,D68*J68),2)) | N68: =IF(D68="","",ROUND(N67+IF(H68>0,D68*H68,D68*K68),2)) | O68: =IF(D68="","",ROUND(O67+IF(I68>0,D68*I68,D68*L68),2)) | P68: =IF(M68="","",IF(INT(M68/50)>INT(M67/50),"Lần " & INT(M68/50),"")) | Q68: =IF(N68="","",IF(INT(N68/200)>INT(N67/200),"Lần " & INT(N68/200),"")) | R68: =IF(O68="","",IF(INT(O68/350)>INT(O67/350),"Lần " & INT(O68/350),""))
A69: 63 | B69: Bê tông dầm Super-T Nhịp 3 - Phiến D1 (C45 đá 1x2) | D69: 28.99 | E69: =IF(C69="","",C69+7) | F69: =IF(C69="","",C69+28) | J69: 0.425 | K69: 0.555 | L69: 0.7 | M69: =IF(D69="","",ROUND(M68+IF(G69>0,D69*G69,D69*J69),2)) | N69: =IF(D69="","",ROUND(N68+IF(H69>0,D69*H69,D69*K69),2)) | O69: =IF(D69="","",ROUND(O68+IF(I69>0,D69*I69,D69*L69),2)) | P69: =IF(M69="","",IF(INT(M69/50)>INT(M68/50),"Lần " & INT(M69/50),"")) | Q69: =IF(N69="","",IF(INT(N69/200)>INT(N68/200),"Lần " & INT(N69/200),"")) | R69: =IF(O69="","",IF(INT(O69/350)>INT(O68/350),"Lần " & INT(O69/350),""))
A70: 64 | B70: Bê tông dầm Super-T Nhịp 3 - Phiến D2 (C45 đá 1x2) | D70: 28.99 | E70: =IF(C70="","",C70+7) | F70: =IF(C70="","",C70+28) | J70: 0.425 | K70: 0.555 | L70: 0.7 | M70: =IF(D70="","",ROUND(M69+IF(G70>0,D70*G70,D70*J70),2)) | N70: =IF(D70="","",ROUND(N69+IF(H70>0,D70*H70,D70*K70),2)) | O70: =IF(D70="","",ROUND(O69+IF(I70>0,D70*I70,D70*L70),2)) | P70: =IF(M70="","",IF(INT(M70/50)>INT(M69/50),"Lần " & INT(M70/50),"")) | Q70: =IF(N70="","",IF(INT(N70/200)>INT(N69/200),"Lần " & INT(N70/200),"")) | R70: =IF(O70="","",IF(INT(O70/350)>INT(O69/350),"Lần " & INT(O70/350),""))
A71: 65 | B71: Bê tông dầm Super-T Nhịp 3 - Phiến D3 (C45 đá 1x2) | D71: 28.99 | E71: =IF(C71="","",C71+7) | F71: =IF(C71="","",C71+28) | J71: 0.425 | K71: 0.555 | L71: 0.7 | M71: =IF(D71="","",ROUND(M70+IF(G71>0,D71*G71,D71*J71),2)) | N71: =IF(D71="","",ROUND(N70+IF(H71>0,D71*H71,D71*K71),2)) | O71: =IF(D71="","",ROUND(O70+IF(I71>0,D71*I71,D71*L71),2)) | P71: =IF(M71="","",IF(INT(M71/50)>INT(M70/50),"Lần " & INT(M71/50),"")) | Q71: =IF(N71="","",IF(INT(N71/200)>INT(N70/200),"Lần " & INT(N71/200),"")) | R71: =IF(O71="","",IF(INT(O71/350)>INT(O70/350),"Lần " & INT(O71/350),""))
... A73: 67 | B73: Bê tông dầm Super-T Nhịp 3 - Phiến D5 (C45 đá 1x2) | D73: 28.99 | E73: =IF(C73="","",C73+7) | F73: =IF(C73="","",C73+28) | J73: 0.425 | K73: 0.555 | L73: 0.7 | M73: =IF(D73="","",ROUND(M72+IF(G73>0,D73*G73,D73*J73),2)) | N73: =IF(D73="","",ROUND(N72+IF(H73>0,D73*H73,D73*K73),2)) | O73: =IF(D73="","",ROUND(O72+IF(I73>0,D73*I73,D73*L73),2)) | P73: =IF(M73="","",IF(INT(M73/50)>INT(M72/50),"Lần " & INT(M73/50),"")) | Q73: =IF(N73="","",IF(INT(N73/200)>INT(N72/200),"Lần " & INT(N73/200),"")) | R73: =IF(O73="","",IF(INT(O73/350)>INT(O72/350),"Lần " & INT(O73/350),""))
A74: V. HẠNG MỤC DẦM NGANG, BẢN MẶT CẦU & KẾT CẤU HOÀN THIỆN
A75: 68 | B75: Bê tông dầm ngang mố M1 & Trụ T1 (C35 đá 1x2) | D75: 6.46 | E75: =IF(C75="","",C75+7) | F75: =IF(C75="","",C75+28) | J75: 0.425 | K75: 0.555 | L75: 0.7 | M75: =IF(D75="","",ROUND(M73+IF(G75>0,D75*G75,D75*J75),2)) | N75: =IF(D75="","",ROUND(N73+IF(H75>0,D75*H75,D75*K75),2)) | O75: =IF(D75="","",ROUND(O73+IF(I75>0,D75*I75,D75*L75),2)) | P75: =IF(M75="","",IF(INT(M75/50)>INT(M73/50),"Lần " & INT(M75/50),"")) | Q75: =IF(N75="","",IF(INT(N75/200)>INT(N73/200),"Lần " & INT(N75/200),"")) | R75: =IF(O75="","",IF(INT(O75/350)>INT(O73/350),"Lần " & INT(O75/350),""))
A76: 69 | B76: Bê tông dầm ngang Trụ T1 & Trụ T2 (C35 đá 1x2) | D76: 6.46 | E76: =IF(C76="","",C76+7) | F76: =IF(C76="","",C76+28) | J76: 0.425 | K76: 0.555 | L76: 0.7 | M76: =IF(D76="","",ROUND(M75+IF(G76>0,D76*G76,D76*J76),2)) | N76: =IF(D76="","",ROUND(N75+IF(H76>0,D76*H76,D76*K76),2)) | O76: =IF(D76="","",ROUND(O75+IF(I76>0,D76*I76,D76*L76),2)) | P76: =IF(M76="","",IF(INT(M76/50)>INT(M75/50),"Lần " & INT(M76/50),"")) | Q76: =IF(N76="","",IF(INT(N76/200)>INT(N75/200),"Lần " & INT(N76/200),"")) | R76: =IF(O76="","",IF(INT(O76/350)>INT(O75/350),"Lần " & INT(O76/350),""))
A77: 70 | B77: Bê tông dầm ngang Trụ T2 & Mố M2 (C35 đá 1x2) | D77: 6.46 | E77: =IF(C77="","",C77+7) | F77: =IF(C77="","",C77+28) | J77: 0.425 | K77: 0.555 | L77: 0.7 | M77: =IF(D77="","",ROUND(M76+IF(G77>0,D77*G77,D77*J77),2)) | N77: =IF(D77="","",ROUND(N76+IF(H77>0,D77*H77,D77*K77),2)) | O77: =IF(D77="","",ROUND(O76+IF(I77>0,D77*I77,D77*L77),2)) | P77: =IF(M77="","",IF(INT(M77/50)>INT(M76/50),"Lần " & INT(M77/50),"")) | Q77: =IF(N77="","",IF(INT(N77/200)>INT(N76/200),"Lần " & INT(N77/200),"")) | R77: =IF(O77="","",IF(INT(O77/350)>INT(O76/350),"Lần " & INT(O77/350),""))
A78: 71 | B78: Bê tông mối nối ướt liên tục nhiệt dầm Super-T (C45) | D78: 8.5 | E78: =IF(C78="","",C78+7) | F78: =IF(C78="","",C78+28) | J78: 0.425 | K78: 0.555 | L78: 0.7 | M78: =IF(D78="","",ROUND(M77+IF(G78>0,D78*G78,D78*J78),2)) | N78: =IF(D78="","",ROUND(N77+IF(H78>0,D78*H78,D78*K78),2)) | O78: =IF(D78="","",ROUND(O77+IF(I78>0,D78*I78,D78*L78),2)) | P78: =IF(M78="","",IF(INT(M78/50)>INT(M77/50),"Lần " & INT(M78/50),"")) | Q78: =IF(N78="","",IF(INT(N78/200)>INT(N77/200),"Lần " & INT(N78/200),"")) | R78: =IF(O78="","",IF(INT(O78/350)>INT(O77/350),"Lần " & INT(O78/350),""))
A79: 72 | B79: Bê tông bản mặt cầu Nhịp 1 (C35 đá 1x2) | D79: 85 | E79: =IF(C79="","",C79+7) | F79: =IF(C79="","",C79+28) | J79: 0.425 | K79: 0.555 | L79: 0.7 | M79: =IF(D79="","",ROUND(M78+IF(G79>0,D79*G79,D79*J79),2)) | N79: =IF(D79="","",ROUND(N78+IF(H79>0,D79*H79,D79*K79),2)) | O79: =IF(D79="","",ROUND(O78+IF(I79>0,D79*I79,D79*L79),2)) | P79: =IF(M79="","",IF(INT(M79/50)>INT(M78/50),"Lần " & INT(M79/50),"")) | Q79: =IF(N79="","",IF(INT(N79/200)>INT(N78/200),"Lần " & INT(N79/200),"")) | R79: =IF(O79="","",IF(INT(O79/350)>INT(O78/350),"Lần " & INT(O79/350),""))
A80: 73 | B80: Bê tông bản mặt cầu Nhịp 2 (C35 đá 1x2) | D80: 85 | E80: =IF(C80="","",C80+7) | F80: =IF(C80="","",C80+28) | J80: 0.425 | K80: 0.555 | L80: 0.7 | M80: =IF(D80="","",ROUND(M79+IF(G80>0,D80*G80,D80*J80),2)) | N80: =IF(D80="","",ROUND(N79+IF(H80>0,D80*H80,D80*K80),2)) | O80: =IF(D80="","",ROUND(O79+IF(I80>0,D80*I80,D80*L80),2)) | P80: =IF(M80="","",IF(INT(M80/50)>INT(M79/50),"Lần " & INT(M80/50),"")) | Q80: =IF(N80="","",IF(INT(N80/200)>INT(N79/200),"Lần " & INT(N80/200),"")) | R80: =IF(O80="","",IF(INT(O80/350)>INT(O79/350),"Lần " & INT(O80/350),""))
A81: 74 | B81: Bê tông bản mặt cầu Nhịp 3 (C35 đá 1x2) | D81: 85 | E81: =IF(C81="","",C81+7) | F81: =IF(C81="","",C81+28) | J81: 0.425 | K81: 0.555 | L81: 0.7 | M81: =IF(D81="","",ROUND(M80+IF(G81>0,D81*G81,D81*J81),2)) | N81: =IF(D81="","",ROUND(N80+IF(H81>0,D81*H81,D81*K81),2)) | O81: =IF(D81="","",ROUND(O80+IF(I81>0,D81*I81,D81*L81),2)) | P81: =IF(M81="","",IF(INT(M81/50)>INT(M80/50),"Lần " & INT(M81/50),"")) | Q81: =IF(N81="","",IF(INT(N81/200)>INT(N80/200),"Lần " & INT(N81/200),"")) | R81: =IF(O81="","",IF(INT(O81/350)>INT(O80/350),"Lần " & INT(O81/350),""))
A82: 75 | B82: Bê tông bản quá độ mố M1 (C30 đá 1x2) | D82: 16 | E82: =IF(C82="","",C82+7) | F82: =IF(C82="","",C82+28) | J82: 0.425 | K82: 0.555 | L82: 0.7 | M82: =IF(D82="","",ROUND(M81+IF(G82>0,D82*G82,D82*J82),2)) | N82: =IF(D82="","",ROUND(N81+IF(H82>0,D82*H82,D82*K82),2)) | O82: =IF(D82="","",ROUND(O81+IF(I82>0,D82*I82,D82*L82),2)) | P82: =IF(M82="","",IF(INT(M82/50)>INT(M81/50),"Lần " & INT(M82/50),"")) | Q82: =IF(N82="","",IF(INT(N82/200)>INT(N81/200),"Lần " & INT(N82/200),"")) | R82: =IF(O82="","",IF(INT(O82/350)>INT(O81/350),"Lần " & INT(O82/350),""))
A83: 76 | B83: Bê tông bản quá độ mố M2 (C30 đá 1x2) | D83: 16 | E83: =IF(C83="","",C83+7) | F83: =IF(C83="","",C83+28) | J83: 0.425 | K83: 0.555 | L83: 0.7 | M83: =IF(D83="","",ROUND(M82+IF(G83>0,D83*G83,D83*J83),2)) | N83: =IF(D83="","",ROUND(N82+IF(H83>0,D83*H83,D83*K83),2)) | O83: =IF(D83="","",ROUND(O82+IF(I83>0,D83*I83,D83*L83),2)) | P83: =IF(M83="","",IF(INT(M83/50)>INT(M82/50),"Lần " & INT(M83/50),"")) | Q83: =IF(N83="","",IF(INT(N83/200)>INT(N82/200),"Lần " & INT(N83/200),"")) | R83: =IF(O83="","",IF(INT(O83/350)>INT(O82/350),"Lần " & INT(O83/350),""))
A84: 77 | B84: Bê tông gờ lan can mố M1 & Nhịp 1 (C30 đá 1x2) | D84: 9.5 | E84: =IF(C84="","",C84+7) | F84: =IF(C84="","",C84+28) | J84: 0.425 | K84: 0.555 | L84: 0.7 | M84: =IF(D84="","",ROUND(M83+IF(G84>0,D84*G84,D84*J84),2)) | N84: =IF(D84="","",ROUND(N83+IF(H84>0,D84*H84,D84*K84),2)) | O84: =IF(D84="","",ROUND(O83+IF(I84>0,D84*I84,D84*L84),2)) | P84: =IF(M84="","",IF(INT(M84/50)>INT(M83/50),"Lần " & INT(M84/50),"")) | Q84: =IF(N84="","",IF(INT(N84/200)>INT(N83/200),"Lần " & INT(N84/200),"")) | R84: =IF(O84="","",IF(INT(O84/350)>INT(O83/350),"Lần " & INT(O84/350),""))
A85: 78 | B85: Bê tông gờ lan can Nhịp 2, Nhịp 3 & mố M2 (C30) | D85: 9.5 | E85: =IF(C85="","",C85+7) | F85: =IF(C85="","",C85+28) | J85: 0.425 | K85: 0.555 | L85: 0.7 | M85: =IF(D85="","",ROUND(M84+IF(G85>0,D85*G85,D85*J85),2)) | N85: =IF(D85="","",ROUND(N84+IF(H85>0,D85*H85,D85*K85),2)) | O85: =IF(D85="","",ROUND(O84+IF(I85>0,D85*I85,D85*L85),2)) | P85: =IF(M85="","",IF(INT(M85/50)>INT(M84/50),"Lần " & INT(M85/50),"")) | Q85: =IF(N85="","",IF(INT(N85/200)>INT(N84/200),"Lần " & INT(N85/200),"")) | R85: =IF(O85="","",IF(INT(O85/350)>INT(O84/350),"Lần " & INT(O85/350),""))
A86: 79 | B86: Bê tông khe co giãn răng lược D=100mm mố M1 & M2 (C40) | D86: 4.67 | E86: =IF(C86="","",C86+7) | F86: =IF(C86="","",C86+28) | J86: 0.425 | K86: 0.555 | L86: 0.7 | M86: =IF(D86="","",ROUND(M85+IF(G86>0,D86*G86,D86*J86),2)) | N86: =IF(D86="","",ROUND(N85+IF(H86>0,D86*H86,D86*K86),2)) | O86: =IF(D86="","",ROUND(O85+IF(I86>0,D86*I86,D86*L86),2)) | P86: =IF(M86="","",IF(INT(M86/50)>INT(M85/50),"Lần " & INT(M86/50),"")) | Q86: =IF(N86="","",IF(INT(N86/200)>INT(N85/200),"Lần " & INT(N86/200),"")) | R86: =IF(O86="","",IF(INT(O86/350)>INT(O85/350),"Lần " & INT(O86/350),""))
A87: TỔNG CỘNG TOÀN CẦU | D87: =SUM(D4:D86) | M87: =M86 | N87: =N86 | O87: =O86

Sheet Theo_Doi_Tan_Suat_Cot_Thep
A1: STT | B1: HẠNG MỤC CẤU KIỆN | C1: BỘ PHẬN / VỊ TRÍ CHI TIẾT | D1: KÝ HIỆU THANH | E1: ĐƯỜNG KÍNH Ø (mm) | F1: MÁC THÉP / TIÊU CHUẨN | G1: HÌNH DẠNG / QUY CÁCH | H1: CHIỀU DÀI 1 THANH (m) | I1: SỐ LƯỢNG (Thanh) | J1: TRỌNG LƯỢNG 1M (kg/m) | K1: TỔNG KL (kg) | L1: KHỐI LƯỢNG (Tấn) | M1: N/T/N LẮP DỰNG | N1: SỐ LÔ / HEAT NO CO-CQ RIÊNG TỪNG Ø | O1: CẢNH BÁO LẤY MẪU TN KÉO/UỐN (20T/LẦN) | P1: KHỐI LƯỢNG LŨY KẾ THEO TỪNG LOẠI ĐƯỜNG KÍNH Ø (TẤN) | AA1: TẦN SUẤT THÍ NGHIỆM CƠ LÝ KÉO / UỐN RIÊNG TỪNG Ø (20 TẤN / LẦN - TCVN 1651:2018) | AL1: ĐÁNH GIÁ & KẾT LUẬN
P2: Ø10 (kèm Ø8) (CB240-T) | Q2: Ø12 (CB400-V) | R2: Ø14 (CB400-V) | S2: Ø16 (CB400-V) | T2: Ø18 (CB400-V) | U2: Ø20 (CB400-V) | V2: Ø22 (CB400-V) | W2: Ø25 (CB400-V) | X2: Ø28 (CB400-V) | Y2: Ø32 (CB400-V) | Z2: Cáp DƯL 15.2 (ASTM A416) | AA2: TN Ø10 20T / Lần | AB2: TN Ø12 20T / Lần | AC2: TN Ø14 20T / Lần | AD2: TN Ø16 20T / Lần | AE2: TN Ø18 20T / Lần | AF2: TN Ø20 20T / Lần | AG2: TN Ø22 20T / Lần | AH2: TN Ø25 20T / Lần | AI2: TN Ø28 20T / Lần | AJ2: TN Ø32 20T / Lần | AK2: TN Cáp 15.2 20T / Lần
A3: PHẦN I: KẾT CẤU CỌC KHOAN NHỒI D1.2M (26 CỌC TOÀN CẦU: M1=3, T1=8, T2=8, M2=7)
A4: --- CỌC KHOAN NHỒI C1 MỐ M1 (D1.2M, L=20.0M) ---
A5: 1 | B5: Cọc khoan nhồi C1 Mố M1 (D1.2m, L=20.0m) | C5: Thép đai xoắn lồng cọc | D5: P1 | E5: 10 | F5: CB240-T | G5: Đai xoắn tròn | H5: 96.604 | I5: 1 | J5: 0.617 | K5: =ROUND(H5*I5*J5, 2) | L5: =ROUND(K5/1000, 3) | P5: =IF(AND(E5<=10, F5<>"ASTM A416"), L5, 0) | Q5: =IF(AND(E5=12, F5<>"ASTM A416"), L5, 0) | R5: =IF(AND(E5=14, F5<>"ASTM A416"), L5, 0) | S5: =IF(AND(E5=16, F5<>"ASTM A416"), L5, 0) | T5: =IF(AND(E5=18, F5<>"ASTM A416"), L5, 0) | U5: =IF(AND(E5=20, F5<>"ASTM A416"), L5, 0) | V5: =IF(AND(E5=22, F5<>"ASTM A416"), L5, 0) | W5: =IF(AND(E5=25, F5<>"ASTM A416"), L5, 0) | X5: =IF(AND(E5=28, F5<>"ASTM A416"), L5, 0) | Y5: =IF(AND(E5=32, F5<>"ASTM A416"), L5, 0) | Z5: =IF(F5="ASTM A416", L5, 0) | AA5: =IF(P5=0, "", IF(INT(P5/20)>0, "Lần " & INT(P5/20), "")) | AB5: =IF(Q5=0, "", IF(INT(Q5/20)>0, "Lần " & INT(Q5/20), "")) | AC5: =IF(R5=0, "", IF(INT(R5/20)>0, "Lần " & INT(R5/20), "")) | AD5: =IF(S5=0, "", IF(INT(S5/20)>0, "Lần " & INT(S5/20), "")) | AE5: =IF(T5=0, "", IF(INT(T5/20)>0, "Lần " & INT(T5/20), "")) | AF5: =IF(U5=0, "", IF(INT(U5/20)>0, "Lần " & INT(U5/20), "")) | AG5: =IF(V5=0, "", IF(INT(V5/20)>0, "Lần " & INT(V5/20), "")) | AH5: =IF(W5=0, "", IF(INT(W5/20)>0, "Lần " & INT(W5/20), "")) | ... AK5: =IF(Z5=0, "", IF(INT(Z5/20)>0, "Lần " & INT(Z5/20), "")) | AL5: ĐẠT TCVN 1651:2018
A6: 2 | B6: Cọc khoan nhồi C1 Mố M1 (D1.2m, L=20.0m) | C6: Thép đai xoắn lồng cọc | D6: P1A | E6: 10 | F6: CB240-T | G6: Đai xoắn tròn | H6: 373.535 | I6: 1 | J6: 0.617 | K6: =ROUND(H6*I6*J6, 2) | L6: =ROUND(K6/1000, 3) | O6: =IF(AND(E6<=10, F6<>"ASTM A416", INT(P6/20)>INT(P5/20)), "TN Ø10 (Lần " & INT(P6/20) & ")", IF(AND(E6=12, INT(Q6/20)>INT(Q5/20)), "TN Ø12 (Lần " & INT(Q6/20) & ")", IF(AND(E6=14, INT(R6/20)>INT(R5/20)), "TN Ø14 (Lần " & INT(R6/20) & ")", IF(AND(E6=16, INT(S6/20)>INT(S5/20)), "TN Ø16 (Lần " & INT(S6/20) & ")", IF(AND(E6=18, INT(T6/20)>INT(T5/20)), "TN Ø18 (Lần " & INT(T6/20) & ")", IF(AND(E6=20, INT(U6/20)>INT(U5/20)), "TN Ø20 (Lần " & INT(U6/20) & ")", IF(AND(E6=22, INT(V6/20)>INT(V5/20)), "TN Ø22 (Lần " & INT(V6/20) & ")", IF(AND(E6=25, INT(W6/20)>INT(W5/20)), "TN Ø25 (Lần " & INT(W6/20) & ")", IF(AND(E6=28, INT(X6/20)>INT(X5/20)), "TN Ø28 (Lần " & INT(X6/20) & ")", IF(AND(E6=32, INT(Y6/20)>INT(Y5/20)), "TN Ø32 (Lần " & INT(Y6/20) & ")", IF(AND(F6="ASTM A416", INT(Z6/20)>INT(Z5/20)), "TN Cáp 15.2 (Lần " & INT(Z6/20) & ")", ""))))))))))) | P6: =ROUND(P5 + IF(AND(E6<=10, F6<>"ASTM A416"), L6, 0), 3) | Q6: =ROUND(Q5 + IF(AND(E6=12, F6<>"ASTM A416"), L6, 0), 3) | R6: =ROUND(R5 + IF(AND(E6=14, F6<>"ASTM A416"), L6, 0), 3) | S6: =ROUND(S5 + IF(AND(E6=16, F6<>"ASTM A416"), L6, 0), 3) | T6: =ROUND(T5 + IF(AND(E6=18, F6<>"ASTM A416"), L6, 0), 3) | U6: =ROUND(U5 + IF(AND(E6=20, F6<>"ASTM A416"), L6, 0), 3) | V6: =ROUND(V5 + IF(AND(E6=22, F6<>"ASTM A416"), L6, 0), 3) | W6: =ROUND(W5 + IF(AND(E6=25, F6<>"ASTM A416"), L6, 0), 3) | X6: =ROUND(X5 + IF(AND(E6=28, F6<>"ASTM A416"), L6, 0), 3) | Y6: =ROUND(Y5 + IF(AND(E6=32, F6<>"ASTM A416"), L6, 0), 3) | Z6: =ROUND(Z5 + IF(F6="ASTM A416", L6, 0), 3) | AA6: =IF(INT(P6/20)>INT(P5/20), "Lần " & INT(P6/20), "") | AB6: =IF(INT(Q6/20)>INT(Q5/20), "Lần " & INT(Q6/20), "") | AC6: =IF(INT(R6/20)>INT(R5/20), "Lần " & INT(R6/20), "") | AD6: =IF(INT(S6/20)>INT(S5/20), "Lần " & INT(S6/20), "") | AE6: =IF(INT(T6/20)>INT(T5/20), "Lần " & INT(T6/20), "") | AF6: =IF(INT(U6/20)>INT(U5/20), "Lần " & INT(U6/20), "") | AG6: =IF(INT(V6/20)>INT(V5/20), "Lần " & INT(V6/20), "") | AH6: =IF(INT(W6/20)>INT(W5/20), "Lần " & INT(W6/20), "") | ... AK6: =IF(INT(Z6/20)>INT(Z5/20), "Lần " & INT(Z6/20), "") | AL6: ĐẠT TCVN 1651:2018
A7: 3 | B7: Cọc khoan nhồi C1 Mố M1 (D1.2m, L=20.0m) | C7: Thép đai xoắn lồng cọc | D7: P1C | E7: 10 | F7: CB240-T | G7: Đai xoắn tròn | H7: 3.592 | I7: 2 | J7: 0.617 | K7: =ROUND(H7*I7*J7, 2) | L7: =ROUND(K7/1000, 3) | O7: =IF(AND(E7<=10, F7<>"ASTM A416", INT(P7/20)>INT(P6/20)), "TN Ø10 (Lần " & INT(P7/20) & ")", IF(AND(E7=12, INT(Q7/20)>INT(Q6/20)), "TN Ø12 (Lần " & INT(Q7/20) & ")", IF(AND(E7=14, INT(R7/20)>INT(R6/20)), "TN Ø14 (Lần " & INT(R7/20) & ")", IF(AND(E7=16, INT(S7/20)>INT(S6/20)), "TN Ø16 (Lần " & INT(S7/20) & ")", IF(AND(E7=18, INT(T7/20)>INT(T6/20)), "TN Ø18 (Lần " & INT(T7/20) & ")", IF(AND(E7=20, INT(U7/20)>INT(U6/20)), "TN Ø20 (Lần " & INT(U7/20) & ")", IF(AND(E7=22, INT(V7/20)>INT(V6/20)), "TN Ø22 (Lần " & INT(V7/20) & ")", IF(AND(E7=25, INT(W7/20)>INT(W6/20)), "TN Ø25 (Lần " & INT(W7/20) & ")", IF(AND(E7=28, INT(X7/20)>INT(X6/20)), "TN Ø28 (Lần " & INT(X7/20) & ")", IF(AND(E7=32, INT(Y7/20)>INT(Y6/20)), "TN Ø32 (Lần " & INT(Y7/20) & ")", IF(AND(F7="ASTM A416", INT(Z7/20)>INT(Z6/20)), "TN Cáp 15.2 (Lần " & INT(Z7/20) & ")", ""))))))))))) | P7: =ROUND(P6 + IF(AND(E7<=10, F7<>"ASTM A416"), L7, 0), 3) | Q7: =ROUND(Q6 + IF(AND(E7=12, F7<>"ASTM A416"), L7, 0), 3) | R7: =ROUND(R6 + IF(AND(E7=14, F7<>"ASTM A416"), L7, 0), 3) | S7: =ROUND(S6 + IF(AND(E7=16, F7<>"ASTM A416"), L7, 0), 3) | T7: =ROUND(T6 + IF(AND(E7=18, F7<>"ASTM A416"), L7, 0), 3) | U7: =ROUND(U6 + IF(AND(E7=20, F7<>"ASTM A416"), L7, 0), 3) | V7: =ROUND(V6 + IF(AND(E7=22, F7<>"ASTM A416"), L7, 0), 3) | W7: =ROUND(W6 + IF(AND(E7=25, F7<>"ASTM A416"), L7, 0), 3) | X7: =ROUND(X6 + IF(AND(E7=28, F7<>"ASTM A416"), L7, 0), 3) | Y7: =ROUND(Y6 + IF(AND(E7=32, F7<>"ASTM A416"), L7, 0), 3) | Z7: =ROUND(Z6 + IF(F7="ASTM A416", L7, 0), 3) | AA7: =IF(INT(P7/20)>INT(P6/20), "Lần " & INT(P7/20), "") | AB7: =IF(INT(Q7/20)>INT(Q6/20), "Lần " & INT(Q7/20), "") | AC7: =IF(INT(R7/20)>INT(R6/20), "Lần " & INT(R7/20), "") | AD7: =IF(INT(S7/20)>INT(S6/20), "Lần " & INT(S7/20), "") | AE7: =IF(INT(T7/20)>INT(T6/20), "Lần " & INT(T7/20), "") | AF7: =IF(INT(U7/20)>INT(U6/20), "Lần " & INT(U7/20), "") | AG7: =IF(INT(V7/20)>INT(V6/20), "Lần " & INT(V7/20), "") | AH7: =IF(INT(W7/20)>INT(W6/20), "Lần " & INT(W7/20), "") | ... AK7: =IF(INT(Z7/20)>INT(Z6/20), "Lần " & INT(Z7/20), "") | AL7: ĐẠT TCVN 1651:2018
A8: 4 | B8: Cọc khoan nhồi C1 Mố M1 (D1.2m, L=20.0m) | C8: Thép đai xoắn lồng cọc | D8: P1D | E8: 10 | F8: CB240-T | G8: Đai xoắn tròn | H8: 19.721 | I8: 1 | J8: 0.617 | K8: =ROUND(H8*I8*J8, 2) | L8: =ROUND(K8/1000, 3) | O8: =IF(AND(E8<=10, F8<>"ASTM A416", INT(P8/20)>INT(P7/20)), "TN Ø10 (Lần " & INT(P8/20) & ")", IF(AND(E8=12, INT(Q8/20)>INT(Q7/20)), "TN Ø12 (Lần " & INT(Q8/20) & ")", IF(AND(E8=14, INT(R8/20)>INT(R7/20)), "TN Ø14 (Lần " & INT(R8/20) & ")", IF(AND(E8=16, INT(S8/20)>INT(S7/20)), "TN Ø16 (Lần " & INT(S8/20) & ")", IF(AND(E8=18, INT(T8/20)>INT(T7/20)), "TN Ø18 (Lần " & INT(T8/20) & ")", IF(AND(E8=20, INT(U8/20)>INT(U7/20)), "TN Ø20 (Lần " & INT(U8/20) & ")", IF(AND(E8=22, INT(V8/20)>INT(V7/20)), "TN Ø22 (Lần " & INT(V8/20) & ")", IF(AND(E8=25, INT(W8/20)>INT(W7/20)), "TN Ø25 (Lần " & INT(W8/20) & ")", IF(AND(E8=28, INT(X8/20)>INT(X7/20)), "TN Ø28 (Lần " & INT(X8/20) & ")", IF(AND(E8=32, INT(Y8/20)>INT(Y7/20)), "TN Ø32 (Lần " & INT(Y8/20) & ")", IF(AND(F8="ASTM A416", INT(Z8/20)>INT(Z7/20)), "TN Cáp 15.2 (Lần " & INT(Z8/20) & ")", ""))))))))))) | P8: =ROUND(P7 + IF(AND(E8<=10, F8<>"ASTM A416"), L8, 0), 3) | Q8: =ROUND(Q7 + IF(AND(E8=12, F8<>"ASTM A416"), L8, 0), 3) | R8: =ROUND(R7 + IF(AND(E8=14, F8<>"ASTM A416"), L8, 0), 3) | S8: =ROUND(S7 + IF(AND(E8=16, F8<>"ASTM A416"), L8, 0), 3) | T8: =ROUND(T7 + IF(AND(E8=18, F8<>"ASTM A416"), L8, 0), 3) | U8: =ROUND(U7 + IF(AND(E8=20, F8<>"ASTM A416"), L8, 0), 3) | V8: =ROUND(V7 + IF(AND(E8=22, F8<>"ASTM A416"), L8, 0), 3) | W8: =ROUND(W7 + IF(AND(E8=25, F8<>"ASTM A416"), L8, 0), 3) | X8: =ROUND(X7 + IF(AND(E8=28, F8<>"ASTM A416"), L8, 0), 3) | Y8: =ROUND(Y7 + IF(AND(E8=32, F8<>"ASTM A416"), L8, 0), 3) | Z8: =ROUND(Z7 + IF(F8="ASTM A416", L8, 0), 3) | AA8: =IF(INT(P8/20)>INT(P7/20), "Lần " & INT(P8/20), "") | AB8: =IF(INT(Q8/20)>INT(Q7/20), "Lần " & INT(Q8/20), "") | AC8: =IF(INT(R8/20)>INT(R7/20), "Lần " & INT(R8/20), "") | AD8: =IF(INT(S8/20)>INT(S7/20), "Lần " & INT(S8/20), "") | AE8: =IF(INT(T8/20)>INT(T7/20), "Lần " & INT(T8/20), "") | AF8: =IF(INT(U8/20)>INT(U7/20), "Lần " & INT(U8/20), "") | AG8: =IF(INT(V8/20)>INT(V7/20), "Lần " & INT(V8/20), "") | AH8: =IF(INT(W8/20)>INT(W7/20), "Lần " & INT(W8/20), "") | ... AK8: =IF(INT(Z8/20)>INT(Z7/20), "Lần " & INT(Z8/20), "") | AL8: ĐẠT TCVN 1651:2018
A9: 5 | B9: Cọc khoan nhồi C1 Mố M1 (D1.2m, L=20.0m) | C9: Cốt thép chủ chịu lực cọc | D9: P2B | E9: 25 | F9: CB400-V | G9: Thanh thẳng nối ren/hàn | H9: 2.985 | I9: 8 | J9: 3.85 | K9: =ROUND(H9*I9*J9, 2) | L9: =ROUND(K9/1000, 3) | O9: =IF(AND(E9<=10, F9<>"ASTM A416", INT(P9/20)>INT(P8/20)), "TN Ø10 (Lần " & INT(P9/20) & ")", IF(AND(E9=12, INT(Q9/20)>INT(Q8/20)), "TN Ø12 (Lần " & INT(Q9/20) & ")", IF(AND(E9=14, INT(R9/20)>INT(R8/20)), "TN Ø14 (Lần " & INT(R9/20) & ")", IF(AND(E9=16, INT(S9/20)>INT(S8/20)), "TN Ø16 (Lần " & INT(S9/20) & ")", IF(AND(E9=18, INT(T9/20)>INT(T8/20)), "TN Ø18 (Lần " & INT(T9/20) & ")", IF(AND(E9=20, INT(U9/20)>INT(U8/20)), "TN Ø20 (Lần " & INT(U9/20) & ")", IF(AND(E9=22, INT(V9/20)>INT(V8/20)), "TN Ø22 (Lần " & INT(V9/20) & ")", IF(AND(E9=25, INT(W9/20)>INT(W8/20)), "TN Ø25 (Lần " & INT(W9/20) & ")", IF(AND(E9=28, INT(X9/20)>INT(X8/20)), "TN Ø28 (Lần " & INT(X9/20) & ")", IF(AND(E9=32, INT(Y9/20)>INT(Y8/20)), "TN Ø32 (Lần " & INT(Y9/20) & ")", IF(AND(F9="ASTM A416", INT(Z9/20)>INT(Z8/20)), "TN Cáp 15.2 (Lần " & INT(Z9/20) & ")", ""))))))))))) | P9: =ROUND(P8 + IF(AND(E9<=10, F9<>"ASTM A416"), L9, 0), 3) | Q9: =ROUND(Q8 + IF(AND(E9=12, F9<>"ASTM A416"), L9, 0), 3) | R9: =ROUND(R8 + IF(AND(E9=14, F9<>"ASTM A416"), L9, 0), 3) | S9: =ROUND(S8 + IF(AND(E9=16, F9<>"ASTM A416"), L9, 0), 3) | T9: =ROUND(T8 + IF(AND(E9=18, F9<>"ASTM A416"), L9, 0), 3) | U9: =ROUND(U8 + IF(AND(E9=20, F9<>"ASTM A416"), L9, 0), 3) | V9: =ROUND(V8 + IF(AND(E9=22, F9<>"ASTM A416"), L9, 0), 3) | W9: =ROUND(W8 + IF(AND(E9=25, F9<>"ASTM A416"), L9, 0), 3) | X9: =ROUND(X8 + IF(AND(E9=28, F9<>"ASTM A416"), L9, 0), 3) | Y9: =ROUND(Y8 + IF(AND(E9=32, F9<>"ASTM A416"), L9, 0), 3) | Z9: =ROUND(Z8 + IF(F9="ASTM A416", L9, 0), 3) | AA9: =IF(INT(P9/20)>INT(P8/20), "Lần " & INT(P9/20), "") | AB9: =IF(INT(Q9/20)>INT(Q8/20), "Lần " & INT(Q9/20), "") | AC9: =IF(INT(R9/20)>INT(R8/20), "Lần " & INT(R9/20), "") | AD9: =IF(INT(S9/20)>INT(S8/20), "Lần " & INT(S9/20), "") | AE9: =IF(INT(T9/20)>INT(T8/20), "Lần " & INT(T9/20), "") | AF9: =IF(INT(U9/20)>INT(U8/20), "Lần " & INT(U9/20), "") | AG9: =IF(INT(V9/20)>INT(V8/20), "Lần " & INT(V9/20), "") | AH9: =IF(INT(W9/20)>INT(W8/20), "Lần " & INT(W9/20), "") | ... AK9: =IF(INT(Z9/20)>INT(Z8/20), "Lần " & INT(Z9/20), "") | AL9: ĐẠT TCVN 1651:2018
A10: 6 | B10: Cọc khoan nhồi C1 Mố M1 (D1.2m, L=20.0m) | C10: Cốt thép chủ chịu lực cọc | D10: P3 | E10: 25 | F10: CB400-V | G10: Thanh thẳng nối ren/hàn | H10: 10.7 | I10: 12 | J10: 3.85 | K10: =ROUND(H10*I10*J10, 2) | L10: =ROUND(K10/1000, 3) | O10: =IF(AND(E10<=10, F10<>"ASTM A416", INT(P10/20)>INT(P9/20)), "TN Ø10 (Lần " & INT(P10/20) & ")", IF(AND(E10=12, INT(Q10/20)>INT(Q9/20)), "TN Ø12 (Lần " & INT(Q10/20) & ")", IF(AND(E10=14, INT(R10/20)>INT(R9/20)), "TN Ø14 (Lần " & INT(R10/20) & ")", IF(AND(E10=16, INT(S10/20)>INT(S9/20)), "TN Ø16 (Lần " & INT(S10/20) & ")", IF(AND(E10=18, INT(T10/20)>INT(T9/20)), "TN Ø18 (Lần " & INT(T10/20) & ")", IF(AND(E10=20, INT(U10/20)>INT(U9/20)), "TN Ø20 (Lần " & INT(U10/20) & ")", IF(AND(E10=22, INT(V10/20)>INT(V9/20)), "TN Ø22 (Lần " & INT(V10/20) & ")", IF(AND(E10=25, INT(W10/20)>INT(W9/20)), "TN Ø25 (Lần " & INT(W10/20) & ")", IF(AND(E10=28, INT(X10/20)>INT(X9/20)), "TN Ø28 (Lần " & INT(X10/20) & ")", IF(AND(E10=32, INT(Y10/20)>INT(Y9/20)), "TN Ø32 (Lần " & INT(Y10/20) & ")", IF(AND(F10="ASTM A416", INT(Z10/20)>INT(Z9/20)), "TN Cáp 15.2 (Lần " & INT(Z10/20) & ")", ""))))))))))) | P10: =ROUND(P9 + IF(AND(E10<=10, F10<>"ASTM A416"), L10, 0), 3) | Q10: =ROUND(Q9 + IF(AND(E10=12, F10<>"ASTM A416"), L10, 0), 3) | R10: =ROUND(R9 + IF(AND(E10=14, F10<>"ASTM A416"), L10, 0), 3) | S10: =ROUND(S9 + IF(AND(E10=16, F10<>"ASTM A416"), L10, 0), 3) | T10: =ROUND(T9 + IF(AND(E10=18, F10<>"ASTM A416"), L10, 0), 3) | U10: =ROUND(U9 + IF(AND(E10=20, F10<>"ASTM A416"), L10, 0), 3) | V10: =ROUND(V9 + IF(AND(E10=22, F10<>"ASTM A416"), L10, 0), 3) | W10: =ROUND(W9 + IF(AND(E10=25, F10<>"ASTM A416"), L10, 0), 3) | X10: =ROUND(X9 + IF(AND(E10=28, F10<>"ASTM A416"), L10, 0), 3) | Y10: =ROUND(Y9 + IF(AND(E10=32, F10<>"ASTM A416"), L10, 0), 3) | Z10: =ROUND(Z9 + IF(F10="ASTM A416", L10, 0), 3) | AA10: =IF(INT(P10/20)>INT(P9/20), "Lần " & INT(P10/20), "") | AB10: =IF(INT(Q10/20)>INT(Q9/20), "Lần " & INT(Q10/20), "") | AC10: =IF(INT(R10/20)>INT(R9/20), "Lần " & INT(R10/20), "") | AD10: =IF(INT(S10/20)>INT(S9/20), "Lần " & INT(S10/20), "") | AE10: =IF(INT(T10/20)>INT(T9/20), "Lần " & INT(T10/20), "") | AF10: =IF(INT(U10/20)>INT(U9/20), "Lần " & INT(U10/20), "") | AG10: =IF(INT(V10/20)>INT(V9/20), "Lần " & INT(V10/20), "") | AH10: =IF(INT(W10/20)>INT(W9/20), "Lần " & INT(W10/20), "") | ... AK10: =IF(INT(Z10/20)>INT(Z9/20), "Lần " & INT(Z10/20), "") | AL10: ĐẠT TCVN 1651:2018
A11: 7 | B11: Cọc khoan nhồi C1 Mố M1 (D1.2m, L=20.0m) | C11: Cốt thép chủ chịu lực cọc | D11: P4 | E11: 25 | F11: CB400-V | G11: Thanh thẳng nối ren/hàn | H11: 11.7 | I11: 12 | J11: 3.85 | K11: =ROUND(H11*I11*J11, 2) | L11: =ROUND(K11/1000, 3) | O11: =IF(AND(E11<=10, F11<>"ASTM A416", INT(P11/20)>INT(P10/20)), "TN Ø10 (Lần " & INT(P11/20) & ")", IF(AND(E11=12, INT(Q11/20)>INT(Q10/20)), "TN Ø12 (Lần " & INT(Q11/20) & ")", IF(AND(E11=14, INT(R11/20)>INT(R10/20)), "TN Ø14 (Lần " & INT(R11/20) & ")", IF(AND(E11=16, INT(S11/20)>INT(S10/20)), "TN Ø16 (Lần " & INT(S11/20) & ")", IF(AND(E11=18, INT(T11/20)>INT(T10/20)), "TN Ø18 (Lần " & INT(T11/20) & ")", IF(AND(E11=20, INT(U11/20)>INT(U10/20)), "TN Ø20 (Lần " & INT(U11/20) & ")", IF(AND(E11=22, INT(V11/20)>INT(V10/20)), "TN Ø22 (Lần " & INT(V11/20) & ")", IF(AND(E11=25, INT(W11/20)>INT(W10/20)), "TN Ø25 (Lần " & INT(W11/20) & ")", IF(AND(E11=28, INT(X11/20)>INT(X10/20)), "TN Ø28 (Lần " & INT(X11/20) & ")", IF(AND(E11=32, INT(Y11/20)>INT(Y10/20)), "TN Ø32 (Lần " & INT(Y11/20) & ")", IF(AND(F11="ASTM A416", INT(Z11/20)>INT(Z10/20)), "TN Cáp 15.2 (Lần " & INT(Z11/20) & ")", ""))))))))))) | P11: =ROUND(P10 + IF(AND(E11<=10, F11<>"ASTM A416"), L11, 0), 3) | Q11: =ROUND(Q10 + IF(AND(E11=12, F11<>"ASTM A416"), L11, 0), 3) | R11: =ROUND(R10 + IF(AND(E11=14, F11<>"ASTM A416"), L11, 0), 3) | S11: =ROUND(S10 + IF(AND(E11=16, F11<>"ASTM A416"), L11, 0), 3) | T11: =ROUND(T10 + IF(AND(E11=18, F11<>"ASTM A416"), L11, 0), 3) | U11: =ROUND(U10 + IF(AND(E11=20, F11<>"ASTM A416"), L11, 0), 3) | V11: =ROUND(V10 + IF(AND(E11=22, F11<>"ASTM A416"), L11, 0), 3) | W11: =ROUND(W10 + IF(AND(E11=25, F11<>"ASTM A416"), L11, 0), 3) | X11: =ROUND(X10 + IF(AND(E11=28, F11<>"ASTM A416"), L11, 0), 3) | Y11: =ROUND(Y10 + IF(AND(E11=32, F11<>"ASTM A416"), L11, 0), 3) | Z11: =ROUND(Z10 + IF(F11="ASTM A416", L11, 0), 3) | AA11: =IF(INT(P11/20)>INT(P10/20), "Lần " & INT(P11/20), "") | AB11: =IF(INT(Q11/20)>INT(Q10/20), "Lần " & INT(Q11/20), "") | AC11: =IF(INT(R11/20)>INT(R10/20), "Lần " & INT(R11/20), "") | AD11: =IF(INT(S11/20)>INT(S10/20), "Lần " & INT(S11/20), "") | AE11: =IF(INT(T11/20)>INT(T10/20), "Lần " & INT(T11/20), "") | AF11: =IF(INT(U11/20)>INT(U10/20), "Lần " & INT(U11/20), "") | AG11: =IF(INT(V11/20)>INT(V10/20), "Lần " & INT(V11/20), "") | AH11: =IF(INT(W11/20)>INT(W10/20), "Lần " & INT(W11/20), "") | ... AK11: =IF(INT(Z11/20)>INT(Z10/20), "Lần " & INT(Z11/20), "") | AL11: ĐẠT TCVN 1651:2018
A12: 8 | B12: Cọc khoan nhồi C1 Mố M1 (D1.2m, L=20.0m) | C12: Cốt thép chủ chịu lực cọc | D12: P6 | E12: 25 | F12: CB400-V | G12: Thanh thẳng nối ren/hàn | H12: 10.433 | I12: 12 | J12: 3.85 | K12: =ROUND(H12*I12*J12, 2) | L12: =ROUND(K12/1000, 3) | O12: =IF(AND(E12<=10, F12<>"ASTM A416", INT(P12/20)>INT(P11/20)), "TN Ø10 (Lần " & INT(P12/20) & ")", IF(AND(E12=12, INT(Q12/20)>INT(Q11/20)), "TN Ø12 (Lần " & INT(Q12/20) & ")", IF(AND(E12=14, INT(R12/20)>INT(R11/20)), "TN Ø14 (Lần " & INT(R12/20) & ")", IF(AND(E12=16, INT(S12/20)>INT(S11/20)), "TN Ø16 (Lần " & INT(S12/20) & ")", IF(AND(E12=18, INT(T12/20)>INT(T11/20)), "TN Ø18 (Lần " & INT(T12/20) & ")", IF(AND(E12=20, INT(U12/20)>INT(U11/20)), "TN Ø20 (Lần " & INT(U12/20) & ")", IF(AND(E12=22, INT(V12/20)>INT(V11/20)), "TN Ø22 (Lần " & INT(V12/20) & ")", IF(AND(E12=25, INT(W12/20)>INT(W11/20)), "TN Ø25 (Lần " & INT(W12/20) & ")", IF(AND(E12=28, INT(X12/20)>INT(X11/20)), "TN Ø28 (Lần " & INT(X12/20) & ")", IF(AND(E12=32, INT(Y12/20)>INT(Y11/20)), "TN Ø32 (Lần " & INT(Y12/20) & ")", IF(AND(F12="ASTM A416", INT(Z12/20)>INT(Z11/20)), "TN Cáp 15.2 (Lần " & INT(Z12/20) & ")", ""))))))))))) | P12: =ROUND(P11 + IF(AND(E12<=10, F12<>"ASTM A416"), L12, 0), 3) | Q12: =ROUND(Q11 + IF(AND(E12=12, F12<>"ASTM A416"), L12, 0), 3) | R12: =ROUND(R11 + IF(AND(E12=14, F12<>"ASTM A416"), L12, 0), 3) | S12: =ROUND(S11 + IF(AND(E12=16, F12<>"ASTM A416"), L12, 0), 3) | T12: =ROUND(T11 + IF(AND(E12=18, F12<>"ASTM A416"), L12, 0), 3) | U12: =ROUND(U11 + IF(AND(E12=20, F12<>"ASTM A416"), L12, 0), 3) | V12: =ROUND(V11 + IF(AND(E12=22, F12<>"ASTM A416"), L12, 0), 3) | W12: =ROUND(W11 + IF(AND(E12=25, F12<>"ASTM A416"), L12, 0), 3) | X12: =ROUND(X11 + IF(AND(E12=28, F12<>"ASTM A416"), L12, 0), 3) | Y12: =ROUND(Y11 + IF(AND(E12=32, F12<>"ASTM A416"), L12, 0), 3) | Z12: =ROUND(Z11 + IF(F12="ASTM A416", L12, 0), 3) | AA12: =IF(INT(P12/20)>INT(P11/20), "Lần " & INT(P12/20), "") | AB12: =IF(INT(Q12/20)>INT(Q11/20), "Lần " & INT(Q12/20), "") | AC12: =IF(INT(R12/20)>INT(R11/20), "Lần " & INT(R12/20), "") | AD12: =IF(INT(S12/20)>INT(S11/20), "Lần " & INT(S12/20), "") | AE12: =IF(INT(T12/20)>INT(T11/20), "Lần " & INT(T12/20), "") | AF12: =IF(INT(U12/20)>INT(U11/20), "Lần " & INT(U12/20), "") | AG12: =IF(INT(V12/20)>INT(V11/20), "Lần " & INT(V12/20), "") | AH12: =IF(INT(W12/20)>INT(W11/20), "Lần " & INT(W12/20), "") | ... AK12: =IF(INT(Z12/20)>INT(Z11/20), "Lần " & INT(Z12/20), "") | AL12: ĐẠT TCVN 1651:2018
A13: 9 | B13: Cọc khoan nhồi C1 Mố M1 (D1.2m, L=20.0m) | C13: Cốt thép chủ chịu lực cọc | D13: P7 | E13: 25 | F13: CB400-V | G13: Thanh thẳng nối ren/hàn | H13: 11.433 | I13: 12 | J13: 3.85 | K13: =ROUND(H13*I13*J13, 2) | L13: =ROUND(K13/1000, 3) | O13: =IF(AND(E13<=10, F13<>"ASTM A416", INT(P13/20)>INT(P12/20)), "TN Ø10 (Lần " & INT(P13/20) & ")", IF(AND(E13=12, INT(Q13/20)>INT(Q12/20)), "TN Ø12 (Lần " & INT(Q13/20) & ")", IF(AND(E13=14, INT(R13/20)>INT(R12/20)), "TN Ø14 (Lần " & INT(R13/20) & ")", IF(AND(E13=16, INT(S13/20)>INT(S12/20)), "TN Ø16 (Lần " & INT(S13/20) & ")", IF(AND(E13=18, INT(T13/20)>INT(T12/20)), "TN Ø18 (Lần " & INT(T13/20) & ")", IF(AND(E13=20, INT(U13/20)>INT(U12/20)), "TN Ø20 (Lần " & INT(U13/20) & ")", IF(AND(E13=22, INT(V13/20)>INT(V12/20)), "TN Ø22 (Lần " & INT(V13/20) & ")", IF(AND(E13=25, INT(W13/20)>INT(W12/20)), "TN Ø25 (Lần " & INT(W13/20) & ")", IF(AND(E13=28, INT(X13/20)>INT(X12/20)), "TN Ø28 (Lần " & INT(X13/20) & ")", IF(AND(E13=32, INT(Y13/20)>INT(Y12/20)), "TN Ø32 (Lần " & INT(Y13/20) & ")", IF(AND(F13="ASTM A416", INT(Z13/20)>INT(Z12/20)), "TN Cáp 15.2 (Lần " & INT(Z13/20) & ")", ""))))))))))) | P13: =ROUND(P12 + IF(AND(E13<=10, F13<>"ASTM A416"), L13, 0), 3) | Q13: =ROUND(Q12 + IF(AND(E13=12, F13<>"ASTM A416"), L13, 0), 3) | R13: =ROUND(R12 + IF(AND(E13=14, F13<>"ASTM A416"), L13, 0), 3) | S13: =ROUND(S12 + IF(AND(E13=16, F13<>"ASTM A416"), L13, 0), 3) | T13: =ROUND(T12 + IF(AND(E13=18, F13<>"ASTM A416"), L13, 0), 3) | U13: =ROUND(U12 + IF(AND(E13=20, F13<>"ASTM A416"), L13, 0), 3) | V13: =ROUND(V12 + IF(AND(E13=22, F13<>"ASTM A416"), L13, 0), 3) | W13: =ROUND(W12 + IF(AND(E13=25, F13<>"ASTM A416"), L13, 0), 3) | X13: =ROUND(X12 + IF(AND(E13=28, F13<>"ASTM A416"), L13, 0), 3) | Y13: =ROUND(Y12 + IF(AND(E13=32, F13<>"ASTM A416"), L13, 0), 3) | Z13: =ROUND(Z12 + IF(F13="ASTM A416", L13, 0), 3) | AA13: =IF(INT(P13/20)>INT(P12/20), "Lần " & INT(P13/20), "") | AB13: =IF(INT(Q13/20)>INT(Q12/20), "Lần " & INT(Q13/20), "") | AC13: =IF(INT(R13/20)>INT(R12/20), "Lần " & INT(R13/20), "") | AD13: =IF(INT(S13/20)>INT(S12/20), "Lần " & INT(S13/20), "") | AE13: =IF(INT(T13/20)>INT(T12/20), "Lần " & INT(T13/20), "") | AF13: =IF(INT(U13/20)>INT(U12/20), "Lần " & INT(U13/20), "") | AG13: =IF(INT(V13/20)>INT(V12/20), "Lần " & INT(V13/20), "") | AH13: =IF(INT(W13/20)>INT(W12/20), "Lần " & INT(W13/20), "") | ... AK13: =IF(INT(Z13/20)>INT(Z12/20), "Lần " & INT(Z13/20), "") | AL13: ĐẠT TCVN 1651:2018
A14: 10 | B14: Cọc khoan nhồi C1 Mố M1 (D1.2m, L=20.0m) | C14: Đai tăng cường / Con kê bảo vệ | D14: P8 | E14: 12 | F14: CB400-V | G14: Móc neo / Vòng đai | H14: 0.647 | I14: 8 | J14: 0.888 | K14: =ROUND(H14*I14*J14, 2) | L14: =ROUND(K14/1000, 3) | O14: =IF(AND(E14<=10, F14<>"ASTM A416", INT(P14/20)>INT(P13/20)), "TN Ø10 (Lần " & INT(P14/20) & ")", IF(AND(E14=12, INT(Q14/20)>INT(Q13/20)), "TN Ø12 (Lần " & INT(Q14/20) & ")", IF(AND(E14=14, INT(R14/20)>INT(R13/20)), "TN Ø14 (Lần " & INT(R14/20) & ")", IF(AND(E14=16, INT(S14/20)>INT(S13/20)), "TN Ø16 (Lần " & INT(S14/20) & ")", IF(AND(E14=18, INT(T14/20)>INT(T13/20)), "TN Ø18 (Lần " & INT(T14/20) & ")", IF(AND(E14=20, INT(U14/20)>INT(U13/20)), "TN Ø20 (Lần " & INT(U14/20) & ")", IF(AND(E14=22, INT(V14/20)>INT(V13/20)), "TN Ø22 (Lần " & INT(V14/20) & ")", IF(AND(E14=25, INT(W14/20)>INT(W13/20)), "TN Ø25 (Lần " & INT(W14/20) & ")", IF(AND(E14=28, INT(X14/20)>INT(X13/20)), "TN Ø28 (Lần " & INT(X14/20) & ")", IF(AND(E14=32, INT(Y14/20)>INT(Y13/20)), "TN Ø32 (Lần " & INT(Y14/20) & ")", IF(AND(F14="ASTM A416", INT(Z14/20)>INT(Z13/20)), "TN Cáp 15.2 (Lần " & INT(Z14/20) & ")", ""))))))))))) | P14: =ROUND(P13 + IF(AND(E14<=10, F14<>"ASTM A416"), L14, 0), 3) | Q14: =ROUND(Q13 + IF(AND(E14=12, F14<>"ASTM A416"), L14, 0), 3) | R14: =ROUND(R13 + IF(AND(E14=14, F14<>"ASTM A416"), L14, 0), 3) | S14: =ROUND(S13 + IF(AND(E14=16, F14<>"ASTM A416"), L14, 0), 3) | T14: =ROUND(T13 + IF(AND(E14=18, F14<>"ASTM A416"), L14, 0), 3) | U14: =ROUND(U13 + IF(AND(E14=20, F14<>"ASTM A416"), L14, 0), 3) | V14: =ROUND(V13 + IF(AND(E14=22, F14<>"ASTM A416"), L14, 0), 3) | W14: =ROUND(W13 + IF(AND(E14=25, F14<>"ASTM A416"), L14, 0), 3) | X14: =ROUND(X13 + IF(AND(E14=28, F14<>"ASTM A416"), L14, 0), 3) | Y14: =ROUND(Y13 + IF(AND(E14=32, F14<>"ASTM A416"), L14, 0), 3) | Z14: =ROUND(Z13 + IF(F14="ASTM A416", L14, 0), 3) | AA14: =IF(INT(P14/20)>INT(P13/20), "Lần " & INT(P14/20), "") | AB14: =IF(INT(Q14/20)>INT(Q13/20), "Lần " & INT(Q14/20), "") | AC14: =IF(INT(R14/20)>INT(R13/20), "Lần " & INT(R14/20), "") | AD14: =IF(INT(S14/20)>INT(S13/20), "Lần " & INT(S14/20), "") | AE14: =IF(INT(T14/20)>INT(T13/20), "Lần " & INT(T14/20), "") | AF14: =IF(INT(U14/20)>INT(U13/20), "Lần " & INT(U14/20), "") | AG14: =IF(INT(V14/20)>INT(V13/20), "Lần " & INT(V14/20), "") | AH14: =IF(INT(W14/20)>INT(W13/20), "Lần " & INT(W14/20), "") | ... AK14: =IF(INT(Z14/20)>INT(Z13/20), "Lần " & INT(Z14/20), "") | AL14: ĐẠT TCVN 1651:2018
A15: 11 | B15: Cọc khoan nhồi C1 Mố M1 (D1.2m, L=20.0m) | C15: Đai tăng cường / Con kê bảo vệ | D15: P9 | E15: 12 | F15: CB400-V | G15: Móc neo / Vòng đai | H15: 0.379 | I15: 24 | J15: 0.888 | K15: =ROUND(H15*I15*J15, 2) | L15: =ROUND(K15/1000, 3) | O15: =IF(AND(E15<=10, F15<>"ASTM A416", INT(P15/20)>INT(P14/20)), "TN Ø10 (Lần " & INT(P15/20) & ")", IF(AND(E15=12, INT(Q15/20)>INT(Q14/20)), "TN Ø12 (Lần " & INT(Q15/20) & ")", IF(AND(E15=14, INT(R15/20)>INT(R14/20)), "TN Ø14 (Lần " & INT(R15/20) & ")", IF(AND(E15=16, INT(S15/20)>INT(S14/20)), "TN Ø16 (Lần " & INT(S15/20) & ")", IF(AND(E15=18, INT(T15/20)>INT(T14/20)), "TN Ø18 (Lần " & INT(T15/20) & ")", IF(AND(E15=20, INT(U15/20)>INT(U14/20)), "TN Ø20 (Lần " & INT(U15/20) & ")", IF(AND(E15=22, INT(V15/20)>INT(V14/20)), "TN Ø22 (Lần " & INT(V15/20) & ")", IF(AND(E15=25, INT(W15/20)>INT(W14/20)), "TN Ø25 (Lần " & INT(W15/20) & ")", IF(AND(E15=28, INT(X15/20)>INT(X14/20)), "TN Ø28 (Lần " & INT(X15/20) & ")", IF(AND(E15=32, INT(Y15/20)>INT(Y14/20)), "TN Ø32 (Lần " & INT(Y15/20) & ")", IF(AND(F15="ASTM A416", INT(Z15/20)>INT(Z14/20)), "TN Cáp 15.2 (Lần " & INT(Z15/20) & ")", ""))))))))))) | P15: =ROUND(P14 + IF(AND(E15<=10, F15<>"ASTM A416"), L15, 0), 3) | Q15: =ROUND(Q14 + IF(AND(E15=12, F15<>"ASTM A416"), L15, 0), 3) | R15: =ROUND(R14 + IF(AND(E15=14, F15<>"ASTM A416"), L15, 0), 3) | S15: =ROUND(S14 + IF(AND(E15=16, F15<>"ASTM A416"), L15, 0), 3) | T15: =ROUND(T14 + IF(AND(E15=18, F15<>"ASTM A416"), L15, 0), 3) | U15: =ROUND(U14 + IF(AND(E15=20, F15<>"ASTM A416"), L15, 0), 3) | V15: =ROUND(V14 + IF(AND(E15=22, F15<>"ASTM A416"), L15, 0), 3) | W15: =ROUND(W14 + IF(AND(E15=25, F15<>"ASTM A416"), L15, 0), 3) | X15: =ROUND(X14 + IF(AND(E15=28, F15<>"ASTM A416"), L15, 0), 3) | Y15: =ROUND(Y14 + IF(AND(E15=32, F15<>"ASTM A416"), L15, 0), 3) | Z15: =ROUND(Z14 + IF(F15="ASTM A416", L15, 0), 3) | AA15: =IF(INT(P15/20)>INT(P14/20), "Lần " & INT(P15/20), "") | AB15: =IF(INT(Q15/20)>INT(Q14/20), "Lần " & INT(Q15/20), "") | AC15: =IF(INT(R15/20)>INT(R14/20), "Lần " & INT(R15/20), "") | AD15: =IF(INT(S15/20)>INT(S14/20), "Lần " & INT(S15/20), "") | AE15: =IF(INT(T15/20)>INT(T14/20), "Lần " & INT(T15/20), "") | AF15: =IF(INT(U15/20)>INT(U14/20), "Lần " & INT(U15/20), "") | AG15: =IF(INT(V15/20)>INT(V14/20), "Lần " & INT(V15/20), "") | AH15: =IF(INT(W15/20)>INT(W14/20), "Lần " & INT(W15/20), "") | ... AK15: =IF(INT(Z15/20)>INT(Z14/20), "Lần " & INT(Z15/20), "") | AL15: ĐẠT TCVN 1651:2018
A16: 12 | B16: Cọc khoan nhồi C1 Mố M1 (D1.2m, L=20.0m) | C16: Thép đai xoắn lồng cọc | D16: P10 | E16: 20 | F16: CB400-V | G16: Đai xoắn tròn | H16: 2.057 | I16: 1 | J16: 2.47 | K16: =ROUND(H16*I16*J16, 2) | L16: =ROUND(K16/1000, 3) | O16: =IF(AND(E16<=10, F16<>"ASTM A416", INT(P16/20)>INT(P15/20)), "TN Ø10 (Lần " & INT(P16/20) & ")", IF(AND(E16=12, INT(Q16/20)>INT(Q15/20)), "TN Ø12 (Lần " & INT(Q16/20) & ")", IF(AND(E16=14, INT(R16/20)>INT(R15/20)), "TN Ø14 (Lần " & INT(R16/20) & ")", IF(AND(E16=16, INT(S16/20)>INT(S15/20)), "TN Ø16 (Lần " & INT(S16/20) & ")", IF(AND(E16=18, INT(T16/20)>INT(T15/20)), "TN Ø18 (Lần " & INT(T16/20) & ")", IF(AND(E16=20, INT(U16/20)>INT(U15/20)), "TN Ø20 (Lần " & INT(U16/20) & ")", IF(AND(E16=22, INT(V16/20)>INT(V15/20)), "TN Ø22 (Lần " & INT(V16/20) & ")", IF(AND(E16=25, INT(W16/20)>INT(W15/20)), "TN Ø25 (Lần " & INT(W16/20) & ")", IF(AND(E16=28, INT(X16/20)>INT(X15/20)), "TN Ø28 (Lần " & INT(X16/20) & ")", IF(AND(E16=32, INT(Y16/20)>INT(Y15/20)), "TN Ø32 (Lần " & INT(Y16/20) & ")", IF(AND(F16="ASTM A416", INT(Z16/20)>INT(Z15/20)), "TN Cáp 15.2 (Lần " & INT(Z16/20) & ")", ""))))))))))) | P16: =ROUND(P15 + IF(AND(E16<=10, F16<>"ASTM A416"), L16, 0), 3) | Q16: =ROUND(Q15 + IF(AND(E16=12, F16<>"ASTM A416"), L16, 0), 3) | R16: =ROUND(R15 + IF(AND(E16=14, F16<>"ASTM A416"), L16, 0), 3) | S16: =ROUND(S15 + IF(AND(E16=16, F16<>"ASTM A416"), L16, 0), 3) | T16: =ROUND(T15 + IF(AND(E16=18, F16<>"ASTM A416"), L16, 0), 3) | U16: =ROUND(U15 + IF(AND(E16=20, F16<>"ASTM A416"), L16, 0), 3) | V16: =ROUND(V15 + IF(AND(E16=22, F16<>"ASTM A416"), L16, 0), 3) | W16: =ROUND(W15 + IF(AND(E16=25, F16<>"ASTM A416"), L16, 0), 3) | X16: =ROUND(X15 + IF(AND(E16=28, F16<>"ASTM A416"), L16, 0), 3) | Y16: =ROUND(Y15 + IF(AND(E16=32, F16<>"ASTM A416"), L16, 0), 3) | Z16: =ROUND(Z15 + IF(F16="ASTM A416", L16, 0), 3) | AA16: =IF(INT(P16/20)>INT(P15/20), "Lần " & INT(P16/20), "") | AB16: =IF(INT(Q16/20)>INT(Q15/20), "Lần " & INT(Q16/20), "") | AC16: =IF(INT(R16/20)>INT(R15/20), "Lần " & INT(R16/20), "") | AD16: =IF(INT(S16/20)>INT(S15/20), "Lần " & INT(S16/20), "") | AE16: =IF(INT(T16/20)>INT(T15/20), "Lần " & INT(T16/20), "") | AF16: =IF(INT(U16/20)>INT(U15/20), "Lần " & INT(U16/20), "") | AG16: =IF(INT(V16/20)>INT(V15/20), "Lần " & INT(V16/20), "") | AH16: =IF(INT(W16/20)>INT(W15/20), "Lần " & INT(W16/20), "") | ... AK16: =IF(INT(Z16/20)>INT(Z15/20), "Lần " & INT(Z16/20), "") | AL16: ĐẠT TCVN 1651:2018
A17: 13 | B17: Cọc khoan nhồi C1 Mố M1 (D1.2m, L=20.0m) | C17: Thanh thép treo lồng cọc | D17: P11 | E17: 16 | F17: CB400-V | G17: Thanh treo lồng (bảng phụ tr.64) | H17: 2.604 | I17: 4 | J17: 1.58 | K17: =ROUND(H17*I17*J17, 2) | L17: =ROUND(K17/1000, 3) | O17: =IF(AND(E17<=10, F17<>"ASTM A416", INT(P17/20)>INT(P16/20)), "TN Ø10 (Lần " & INT(P17/20) & ")", IF(AND(E17=12, INT(Q17/20)>INT(Q16/20)), "TN Ø12 (Lần " & INT(Q17/20) & ")", IF(AND(E17=14, INT(R17/20)>INT(R16/20)), "TN Ø14 (Lần " & INT(R17/20) & ")", IF(AND(E17=16, INT(S17/20)>INT(S16/20)), "TN Ø16 (Lần " & INT(S17/20) & ")", IF(AND(E17=18, INT(T17/20)>INT(T16/20)), "TN Ø18 (Lần " & INT(T17/20) & ")", IF(AND(E17=20, INT(U17/20)>INT(U16/20)), "TN Ø20 (Lần " & INT(U17/20) & ")", IF(AND(E17=22, INT(V17/20)>INT(V16/20)), "TN Ø22 (Lần " & INT(V17/20) & ")", IF(AND(E17=25, INT(W17/20)>INT(W16/20)), "TN Ø25 (Lần " & INT(W17/20) & ")", IF(AND(E17=28, INT(X17/20)>INT(X16/20)), "TN Ø28 (Lần " & INT(X17/20) & ")", IF(AND(E17=32, INT(Y17/20)>INT(Y16/20)), "TN Ø32 (Lần " & INT(Y17/20) & ")", IF(AND(F17="ASTM A416", INT(Z17/20)>INT(Z16/20)), "TN Cáp 15.2 (Lần " & INT(Z17/20) & ")", ""))))))))))) | P17: =ROUND(P16 + IF(AND(E17<=10, F17<>"ASTM A416"), L17, 0), 3) | Q17: =ROUND(Q16 + IF(AND(E17=12, F17<>"ASTM A416"), L17, 0), 3) | R17: =ROUND(R16 + IF(AND(E17=14, F17<>"ASTM A416"), L17, 0), 3) | S17: =ROUND(S16 + IF(AND(E17=16, F17<>"ASTM A416"), L17, 0), 3) | T17: =ROUND(T16 + IF(AND(E17=18, F17<>"ASTM A416"), L17, 0), 3) | U17: =ROUND(U16 + IF(AND(E17=20, F17<>"ASTM A416"), L17, 0), 3) | V17: =ROUND(V16 + IF(AND(E17=22, F17<>"ASTM A416"), L17, 0), 3) | W17: =ROUND(W16 + IF(AND(E17=25, F17<>"ASTM A416"), L17, 0), 3) | X17: =ROUND(X16 + IF(AND(E17=28, F17<>"ASTM A416"), L17, 0), 3) | Y17: =ROUND(Y16 + IF(AND(E17=32, F17<>"ASTM A416"), L17, 0), 3) | Z17: =ROUND(Z16 + IF(F17="ASTM A416", L17, 0), 3) | AA17: =IF(INT(P17/20)>INT(P16/20), "Lần " & INT(P17/20), "") | AB17: =IF(INT(Q17/20)>INT(Q16/20), "Lần " & INT(Q17/20), "") | AC17: =IF(INT(R17/20)>INT(R16/20), "Lần " & INT(R17/20), "") | AD17: =IF(INT(S17/20)>INT(S16/20), "Lần " & INT(S17/20), "") | AE17: =IF(INT(T17/20)>INT(T16/20), "Lần " & INT(T17/20), "") | AF17: =IF(INT(U17/20)>INT(U16/20), "Lần " & INT(U17/20), "") | AG17: =IF(INT(V17/20)>INT(V16/20), "Lần " & INT(V17/20), "") | AH17: =IF(INT(W17/20)>INT(W16/20), "Lần " & INT(W17/20), "") | ... AK17: =IF(INT(Z17/20)>INT(Z16/20), "Lần " & INT(Z17/20), "") | AL17: ĐẠT TCVN 1651:2018
A18: 14 | B18: Cọc khoan nhồi C1 Mố M1 (D1.2m, L=20.0m) | C18: Thép đai xoắn lồng cọc | D18: P12 | E18: 20 | F18: CB400-V | G18: Đai xoắn tròn | H18: 0.583 | I18: 32 | J18: 2.47 | K18: =ROUND(H18*I18*J18, 2) | L18: =ROUND(K18/1000, 3) | O18: =IF(AND(E18<=10, F18<>"ASTM A416", INT(P18/20)>INT(P17/20)), "TN Ø10 (Lần " & INT(P18/20) & ")", IF(AND(E18=12, INT(Q18/20)>INT(Q17/20)), "TN Ø12 (Lần " & INT(Q18/20) & ")", IF(AND(E18=14, INT(R18/20)>INT(R17/20)), "TN Ø14 (Lần " & INT(R18/20) & ")", IF(AND(E18=16, INT(S18/20)>INT(S17/20)), "TN Ø16 (Lần " & INT(S18/20) & ")", IF(AND(E18=18, INT(T18/20)>INT(T17/20)), "TN Ø18 (Lần " & INT(T18/20) & ")", IF(AND(E18=20, INT(U18/20)>INT(U17/20)), "TN Ø20 (Lần " & INT(U18/20) & ")", IF(AND(E18=22, INT(V18/20)>INT(V17/20)), "TN Ø22 (Lần " & INT(V18/20) & ")", IF(AND(E18=25, INT(W18/20)>INT(W17/20)), "TN Ø25 (Lần " & INT(W18/20) & ")", IF(AND(E18=28, INT(X18/20)>INT(X17/20)), "TN Ø28 (Lần " & INT(X18/20) & ")", IF(AND(E18=32, INT(Y18/20)>INT(Y17/20)), "TN Ø32 (Lần " & INT(Y18/20) & ")", IF(AND(F18="ASTM A416", INT(Z18/20)>INT(Z17/20)), "TN Cáp 15.2 (Lần " & INT(Z18/20) & ")", ""))))))))))) | P18: =ROUND(P17 + IF(AND(E18<=10, F18<>"ASTM A416"), L18, 0), 3) | Q18: =ROUND(Q17 + IF(AND(E18=12, F18<>"ASTM A416"), L18, 0), 3) | R18: =ROUND(R17 + IF(AND(E18=14, F18<>"ASTM A416"), L18, 0), 3) | S18: =ROUND(S17 + IF(AND(E18=16, F18<>"ASTM A416"), L18, 0), 3) | T18: =ROUND(T17 + IF(AND(E18=18, F18<>"ASTM A416"), L18, 0), 3) | U18: =ROUND(U17 + IF(AND(E18=20, F18<>"ASTM A416"), L18, 0), 3) | V18: =ROUND(V17 + IF(AND(E18=22, F18<>"ASTM A416"), L18, 0), 3) | W18: =ROUND(W17 + IF(AND(E18=25, F18<>"ASTM A416"), L18, 0), 3) | X18: =ROUND(X17 + IF(AND(E18=28, F18<>"ASTM A416"), L18, 0), 3) | Y18: =ROUND(Y17 + IF(AND(E18=32, F18<>"ASTM A416"), L18, 0), 3) | Z18: =ROUND(Z17 + IF(F18="ASTM A416", L18, 0), 3) | AA18: =IF(INT(P18/20)>INT(P17/20), "Lần " & INT(P18/20), "") | AB18: =IF(INT(Q18/20)>INT(Q17/20), "Lần " & INT(Q18/20), "") | AC18: =IF(INT(R18/20)>INT(R17/20), "Lần " & INT(R18/20), "") | AD18: =IF(INT(S18/20)>INT(S17/20), "Lần " & INT(S18/20), "") | AE18: =IF(INT(T18/20)>INT(T17/20), "Lần " & INT(T18/20), "") | AF18: =IF(INT(U18/20)>INT(U17/20), "Lần " & INT(U18/20), "") | AG18: =IF(INT(V18/20)>INT(V17/20), "Lần " & INT(V18/20), "") | AH18: =IF(INT(W18/20)>INT(W17/20), "Lần " & INT(W18/20), "") | ... AK18: =IF(INT(Z18/20)>INT(Z17/20), "Lần " & INT(Z18/20), "") | AL18: ĐẠT TCVN 1651:2018
A19: --- CỌC KHOAN NHỒI C2 MỐ M1 (D1.2M, L=20.0M) ---
A20: 15 | B20: Cọc khoan nhồi C2 Mố M1 (D1.2m, L=20.0m) | C20: Thép đai xoắn lồng cọc | D20: P1 | E20: 10 | F20: CB240-T | G20: Đai xoắn tròn | H20: 96.604 | I20: 1 | J20: 0.617 | K20: =ROUND(H20*I20*J20, 2) | L20: =ROUND(K20/1000, 3) | O20: =IF(AND(E20<=10, F20<>"ASTM A416", INT(P20/20)>INT(P18/20)), "TN Ø10 (Lần " & INT(P20/20) & ")", IF(AND(E20=12, INT(Q20/20)>INT(Q18/20)), "TN Ø12 (Lần " & INT(Q20/20) & ")", IF(AND(E20=14, INT(R20/20)>INT(R18/20)), "TN Ø14 (Lần " & INT(R20/20) & ")", IF(AND(E20=16, INT(S20/20)>INT(S18/20)), "TN Ø16 (Lần " & INT(S20/20) & ")", IF(AND(E20=18, INT(T20/20)>INT(T18/20)), "TN Ø18 (Lần " & INT(T20/20) & ")", IF(AND(E20=20, INT(U20/20)>INT(U18/20)), "TN Ø20 (Lần " & INT(U20/20) & ")", IF(AND(E20=22, INT(V20/20)>INT(V18/20)), "TN Ø22 (Lần " & INT(V20/20) & ")", IF(AND(E20=25, INT(W20/20)>INT(W18/20)), "TN Ø25 (Lần " & INT(W20/20) & ")", IF(AND(E20=28, INT(X20/20)>INT(X18/20)), "TN Ø28 (Lần " & INT(X20/20) & ")", IF(AND(E20=32, INT(Y20/20)>INT(Y18/20)), "TN Ø32 (Lần " & INT(Y20/20) & ")", IF(AND(F20="ASTM A416", INT(Z20/20)>INT(Z18/20)), "TN Cáp 15.2 (Lần " & INT(Z20/20) & ")", ""))))))))))) | P20: =ROUND(P18 + IF(AND(E20<=10, F20<>"ASTM A416"), L20, 0), 3) | Q20: =ROUND(Q18 + IF(AND(E20=12, F20<>"ASTM A416"), L20, 0), 3) | R20: =ROUND(R18 + IF(AND(E20=14, F20<>"ASTM A416"), L20, 0), 3) | S20: =ROUND(S18 + IF(AND(E20=16, F20<>"ASTM A416"), L20, 0), 3) | T20: =ROUND(T18 + IF(AND(E20=18, F20<>"ASTM A416"), L20, 0), 3) | U20: =ROUND(U18 + IF(AND(E20=20, F20<>"ASTM A416"), L20, 0), 3) | V20: =ROUND(V18 + IF(AND(E20=22, F20<>"ASTM A416"), L20, 0), 3) | W20: =ROUND(W18 + IF(AND(E20=25, F20<>"ASTM A416"), L20, 0), 3) | X20: =ROUND(X18 + IF(AND(E20=28, F20<>"ASTM A416"), L20, 0), 3) | Y20: =ROUND(Y18 + IF(AND(E20=32, F20<>"ASTM A416"), L20, 0), 3) | Z20: =ROUND(Z18 + IF(F20="ASTM A416", L20, 0), 3) | AA20: =IF(INT(P20/20)>INT(P18/20), "Lần " & INT(P20/20), "") | AB20: =IF(INT(Q20/20)>INT(Q18/20), "Lần " & INT(Q20/20), "") | AC20: =IF(INT(R20/20)>INT(R18/20), "Lần " & INT(R20/20), "") | AD20: =IF(INT(S20/20)>INT(S18/20), "Lần " & INT(S20/20), "") | AE20: =IF(INT(T20/20)>INT(T18/20), "Lần " & INT(T20/20), "") | AF20: =IF(INT(U20/20)>INT(U18/20), "Lần " & INT(U20/20), "") | AG20: =IF(INT(V20/20)>INT(V18/20), "Lần " & INT(V20/20), "") | AH20: =IF(INT(W20/20)>INT(W18/20), "Lần " & INT(W20/20), "") | ... AK20: =IF(INT(Z20/20)>INT(Z18/20), "Lần " & INT(Z20/20), "") | AL20: ĐẠT TCVN 1651:2018
A21: 16 | B21: Cọc khoan nhồi C2 Mố M1 (D1.2m, L=20.0m) | C21: Thép đai xoắn lồng cọc | D21: P1A | E21: 10 | F21: CB240-T | G21: Đai xoắn tròn | H21: 373.535 | I21: 1 | J21: 0.617 | K21: =ROUND(H21*I21*J21, 2) | L21: =ROUND(K21/1000, 3) | O21: =IF(AND(E21<=10, F21<>"ASTM A416", INT(P21/20)>INT(P20/20)), "TN Ø10 (Lần " & INT(P21/20) & ")", IF(AND(E21=12, INT(Q21/20)>INT(Q20/20)), "TN Ø12 (Lần " & INT(Q21/20) & ")", IF(AND(E21=14, INT(R21/20)>INT(R20/20)), "TN Ø14 (Lần " & INT(R21/20) & ")", IF(AND(E21=16, INT(S21/20)>INT(S20/20)), "TN Ø16 (Lần " & INT(S21/20) & ")", IF(AND(E21=18, INT(T21/20)>INT(T20/20)), "TN Ø18 (Lần " & INT(T21/20) & ")", IF(AND(E21=20, INT(U21/20)>INT(U20/20)), "TN Ø20 (Lần " & INT(U21/20) & ")", IF(AND(E21=22, INT(V21/20)>INT(V20/20)), "TN Ø22 (Lần " & INT(V21/20) & ")", IF(AND(E21=25, INT(W21/20)>INT(W20/20)), "TN Ø25 (Lần " & INT(W21/20) & ")", IF(AND(E21=28, INT(X21/20)>INT(X20/20)), "TN Ø28 (Lần " & INT(X21/20) & ")", IF(AND(E21=32, INT(Y21/20)>INT(Y20/20)), "TN Ø32 (Lần " & INT(Y21/20) & ")", IF(AND(F21="ASTM A416", INT(Z21/20)>INT(Z20/20)), "TN Cáp 15.2 (Lần " & INT(Z21/20) & ")", ""))))))))))) | P21: =ROUND(P20 + IF(AND(E21<=10, F21<>"ASTM A416"), L21, 0), 3) | Q21: =ROUND(Q20 + IF(AND(E21=12, F21<>"ASTM A416"), L21, 0), 3) | R21: =ROUND(R20 + IF(AND(E21=14, F21<>"ASTM A416"), L21, 0), 3) | S21: =ROUND(S20 + IF(AND(E21=16, F21<>"ASTM A416"), L21, 0), 3) | T21: =ROUND(T20 + IF(AND(E21=18, F21<>"ASTM A416"), L21, 0), 3) | U21: =ROUND(U20 + IF(AND(E21=20, F21<>"ASTM A416"), L21, 0), 3) | V21: =ROUND(V20 + IF(AND(E21=22, F21<>"ASTM A416"), L21, 0), 3) | W21: =ROUND(W20 + IF(AND(E21=25, F21<>"ASTM A416"), L21, 0), 3) | X21: =ROUND(X20 + IF(AND(E21=28, F21<>"ASTM A416"), L21, 0), 3) | Y21: =ROUND(Y20 + IF(AND(E21=32, F21<>"ASTM A416"), L21, 0), 3) | Z21: =ROUND(Z20 + IF(F21="ASTM A416", L21, 0), 3) | AA21: =IF(INT(P21/20)>INT(P20/20), "Lần " & INT(P21/20), "") | AB21: =IF(INT(Q21/20)>INT(Q20/20), "Lần " & INT(Q21/20), "") | AC21: =IF(INT(R21/20)>INT(R20/20), "Lần " & INT(R21/20), "") | AD21: =IF(INT(S21/20)>INT(S20/20), "Lần " & INT(S21/20), "") | AE21: =IF(INT(T21/20)>INT(T20/20), "Lần " & INT(T21/20), "") | AF21: =IF(INT(U21/20)>INT(U20/20), "Lần " & INT(U21/20), "") | AG21: =IF(INT(V21/20)>INT(V20/20), "Lần " & INT(V21/20), "") | AH21: =IF(INT(W21/20)>INT(W20/20), "Lần " & INT(W21/20), "") | ... AK21: =IF(INT(Z21/20)>INT(Z20/20), "Lần " & INT(Z21/20), "") | AL21: ĐẠT TCVN 1651:2018
A22: 17 | B22: Cọc khoan nhồi C2 Mố M1 (D1.2m, L=20.0m) | C22: Thép đai xoắn lồng cọc | D22: P1C | E22: 10 | F22: CB240-T | G22: Đai xoắn tròn | H22: 3.592 | I22: 2 | J22: 0.617 | K22: =ROUND(H22*I22*J22, 2) | L22: =ROUND(K22/1000, 3) | O22: =IF(AND(E22<=10, F22<>"ASTM A416", INT(P22/20)>INT(P21/20)), "TN Ø10 (Lần " & INT(P22/20) & ")", IF(AND(E22=12, INT(Q22/20)>INT(Q21/20)), "TN Ø12 (Lần " & INT(Q22/20) & ")", IF(AND(E22=14, INT(R22/20)>INT(R21/20)), "TN Ø14 (Lần " & INT(R22/20) & ")", IF(AND(E22=16, INT(S22/20)>INT(S21/20)), "TN Ø16 (Lần " & INT(S22/20) & ")", IF(AND(E22=18, INT(T22/20)>INT(T21/20)), "TN Ø18 (Lần " & INT(T22/20) & ")", IF(AND(E22=20, INT(U22/20)>INT(U21/20)), "TN Ø20 (Lần " & INT(U22/20) & ")", IF(AND(E22=22, INT(V22/20)>INT(V21/20)), "TN Ø22 (Lần " & INT(V22/20) & ")", IF(AND(E22=25, INT(W22/20)>INT(W21/20)), "TN Ø25 (Lần " & INT(W22/20) & ")", IF(AND(E22=28, INT(X22/20)>INT(X21/20)), "TN Ø28 (Lần " & INT(X22/20) & ")", IF(AND(E22=32, INT(Y22/20)>INT(Y21/20)), "TN Ø32 (Lần " & INT(Y22/20) & ")", IF(AND(F22="ASTM A416", INT(Z22/20)>INT(Z21/20)), "TN Cáp 15.2 (Lần " & INT(Z22/20) & ")", ""))))))))))) | P22: =ROUND(P21 + IF(AND(E22<=10, F22<>"ASTM A416"), L22, 0), 3) | Q22: =ROUND(Q21 + IF(AND(E22=12, F22<>"ASTM A416"), L22, 0), 3) | R22: =ROUND(R21 + IF(AND(E22=14, F22<>"ASTM A416"), L22, 0), 3) | S22: =ROUND(S21 + IF(AND(E22=16, F22<>"ASTM A416"), L22, 0), 3) | T22: =ROUND(T21 + IF(AND(E22=18, F22<>"ASTM A416"), L22, 0), 3) | U22: =ROUND(U21 + IF(AND(E22=20, F22<>"ASTM A416"), L22, 0), 3) | V22: =ROUND(V21 + IF(AND(E22=22, F22<>"ASTM A416"), L22, 0), 3) | W22: =ROUND(W21 + IF(AND(E22=25, F22<>"ASTM A416"), L22, 0), 3) | X22: =ROUND(X21 + IF(AND(E22=28, F22<>"ASTM A416"), L22, 0), 3) | Y22: =ROUND(Y21 + IF(AND(E22=32, F22<>"ASTM A416"), L22, 0), 3) | Z22: =ROUND(Z21 + IF(F22="ASTM A416", L22, 0), 3) | AA22: =IF(INT(P22/20)>INT(P21/20), "Lần " & INT(P22/20), "") | AB22: =IF(INT(Q22/20)>INT(Q21/20), "Lần " & INT(Q22/20), "") | AC22: =IF(INT(R22/20)>INT(R21/20), "Lần " & INT(R22/20), "") | AD22: =IF(INT(S22/20)>INT(S21/20), "Lần " & INT(S22/20), "") | AE22: =IF(INT(T22/20)>INT(T21/20), "Lần " & INT(T22/20), "") | AF22: =IF(INT(U22/20)>INT(U21/20), "Lần " & INT(U22/20), "") | AG22: =IF(INT(V22/20)>INT(V21/20), "Lần " & INT(V22/20), "") | AH22: =IF(INT(W22/20)>INT(W21/20), "Lần " & INT(W22/20), "") | ... AK22: =IF(INT(Z22/20)>INT(Z21/20), "Lần " & INT(Z22/20), "") | AL22: ĐẠT TCVN 1651:2018
A23: 18 | B23: Cọc khoan nhồi C2 Mố M1 (D1.2m, L=20.0m) | C23: Thép đai xoắn lồng cọc | D23: P1D | E23: 10 | F23: CB240-T | G23: Đai xoắn tròn | H23: 19.721 | I23: 1 | J23: 0.617 | K23: =ROUND(H23*I23*J23, 2) | L23: =ROUND(K23/1000, 3) | O23: =IF(AND(E23<=10, F23<>"ASTM A416", INT(P23/20)>INT(P22/20)), "TN Ø10 (Lần " & INT(P23/20) & ")", IF(AND(E23=12, INT(Q23/20)>INT(Q22/20)), "TN Ø12 (Lần " & INT(Q23/20) & ")", IF(AND(E23=14, INT(R23/20)>INT(R22/20)), "TN Ø14 (Lần " & INT(R23/20) & ")", IF(AND(E23=16, INT(S23/20)>INT(S22/20)), "TN Ø16 (Lần " & INT(S23/20) & ")", IF(AND(E23=18, INT(T23/20)>INT(T22/20)), "TN Ø18 (Lần " & INT(T23/20) & ")", IF(AND(E23=20, INT(U23/20)>INT(U22/20)), "TN Ø20 (Lần " & INT(U23/20) & ")", IF(AND(E23=22, INT(V23/20)>INT(V22/20)), "TN Ø22 (Lần " & INT(V23/20) & ")", IF(AND(E23=25, INT(W23/20)>INT(W22/20)), "TN Ø25 (Lần " & INT(W23/20) & ")", IF(AND(E23=28, INT(X23/20)>INT(X22/20)), "TN Ø28 (Lần " & INT(X23/20) & ")", IF(AND(E23=32, INT(Y23/20)>INT(Y22/20)), "TN Ø32 (Lần " & INT(Y23/20) & ")", IF(AND(F23="ASTM A416", INT(Z23/20)>INT(Z22/20)), "TN Cáp 15.2 (Lần " & INT(Z23/20) & ")", ""))))))))))) | P23: =ROUND(P22 + IF(AND(E23<=10, F23<>"ASTM A416"), L23, 0), 3) | Q23: =ROUND(Q22 + IF(AND(E23=12, F23<>"ASTM A416"), L23, 0), 3) | R23: =ROUND(R22 + IF(AND(E23=14, F23<>"ASTM A416"), L23, 0), 3) | S23: =ROUND(S22 + IF(AND(E23=16, F23<>"ASTM A416"), L23, 0), 3) | T23: =ROUND(T22 + IF(AND(E23=18, F23<>"ASTM A416"), L23, 0), 3) | U23: =ROUND(U22 + IF(AND(E23=20, F23<>"ASTM A416"), L23, 0), 3) | V23: =ROUND(V22 + IF(AND(E23=22, F23<>"ASTM A416"), L23, 0), 3) | W23: =ROUND(W22 + IF(AND(E23=25, F23<>"ASTM A416"), L23, 0), 3) | X23: =ROUND(X22 + IF(AND(E23=28, F23<>"ASTM A416"), L23, 0), 3) | Y23: =ROUND(Y22 + IF(AND(E23=32, F23<>"ASTM A416"), L23, 0), 3) | Z23: =ROUND(Z22 + IF(F23="ASTM A416", L23, 0), 3) | AA23: =IF(INT(P23/20)>INT(P22/20), "Lần " & INT(P23/20), "") | AB23: =IF(INT(Q23/20)>INT(Q22/20), "Lần " & INT(Q23/20), "") | AC23: =IF(INT(R23/20)>INT(R22/20), "Lần " & INT(R23/20), "") | AD23: =IF(INT(S23/20)>INT(S22/20), "Lần " & INT(S23/20), "") | AE23: =IF(INT(T23/20)>INT(T22/20), "Lần " & INT(T23/20), "") | AF23: =IF(INT(U23/20)>INT(U22/20), "Lần " & INT(U23/20), "") | AG23: =IF(INT(V23/20)>INT(V22/20), "Lần " & INT(V23/20), "") | AH23: =IF(INT(W23/20)>INT(W22/20), "Lần " & INT(W23/20), "") | ... AK23: =IF(INT(Z23/20)>INT(Z22/20), "Lần " & INT(Z23/20), "") | AL23: ĐẠT TCVN 1651:2018
A24: 19 | B24: Cọc khoan nhồi C2 Mố M1 (D1.2m, L=20.0m) | C24: Cốt thép chủ chịu lực cọc | D24: P2B | E24: 25 | F24: CB400-V | G24: Thanh thẳng nối ren/hàn | H24: 2.985 | I24: 8 | J24: 3.85 | K24: =ROUND(H24*I24*J24, 2) | L24: =ROUND(K24/1000, 3) | O24: =IF(AND(E24<=10, F24<>"ASTM A416", INT(P24/20)>INT(P23/20)), "TN Ø10 (Lần " & INT(P24/20) & ")", IF(AND(E24=12, INT(Q24/20)>INT(Q23/20)), "TN Ø12 (Lần " & INT(Q24/20) & ")", IF(AND(E24=14, INT(R24/20)>INT(R23/20)), "TN Ø14 (Lần " & INT(R24/20) & ")", IF(AND(E24=16, INT(S24/20)>INT(S23/20)), "TN Ø16 (Lần " & INT(S24/20) & ")", IF(AND(E24=18, INT(T24/20)>INT(T23/20)), "TN Ø18 (Lần " & INT(T24/20) & ")", IF(AND(E24=20, INT(U24/20)>INT(U23/20)), "TN Ø20 (Lần " & INT(U24/20) & ")", IF(AND(E24=22, INT(V24/20)>INT(V23/20)), "TN Ø22 (Lần " & INT(V24/20) & ")", IF(AND(E24=25, INT(W24/20)>INT(W23/20)), "TN Ø25 (Lần " & INT(W24/20) & ")", IF(AND(E24=28, INT(X24/20)>INT(X23/20)), "TN Ø28 (Lần " & INT(X24/20) & ")", IF(AND(E24=32, INT(Y24/20)>INT(Y23/20)), "TN Ø32 (Lần " & INT(Y24/20) & ")", IF(AND(F24="ASTM A416", INT(Z24/20)>INT(Z23/20)), "TN Cáp 15.2 (Lần " & INT(Z24/20) & ")", ""))))))))))) | P24: =ROUND(P23 + IF(AND(E24<=10, F24<>"ASTM A416"), L24, 0), 3) | Q24: =ROUND(Q23 + IF(AND(E24=12, F24<>"ASTM A416"), L24, 0), 3) | R24: =ROUND(R23 + IF(AND(E24=14, F24<>"ASTM A416"), L24, 0), 3) | S24: =ROUND(S23 + IF(AND(E24=16, F24<>"ASTM A416"), L24, 0), 3) | T24: =ROUND(T23 + IF(AND(E24=18, F24<>"ASTM A416"), L24, 0), 3) | U24: =ROUND(U23 + IF(AND(E24=20, F24<>"ASTM A416"), L24, 0), 3) | V24: =ROUND(V23 + IF(AND(E24=22, F24<>"ASTM A416"), L24, 0), 3) | W24: =ROUND(W23 + IF(AND(E24=25, F24<>"ASTM A416"), L24, 0), 3) | X24: =ROUND(X23 + IF(AND(E24=28, F24<>"ASTM A416"), L24, 0), 3) | Y24: =ROUND(Y23 + IF(AND(E24=32, F24<>"ASTM A416"), L24, 0), 3) | Z24: =ROUND(Z23 + IF(F24="ASTM A416", L24, 0), 3) | AA24: =IF(INT(P24/20)>INT(P23/20), "Lần " & INT(P24/20), "") | AB24: =IF(INT(Q24/20)>INT(Q23/20), "Lần " & INT(Q24/20), "") | AC24: =IF(INT(R24/20)>INT(R23/20), "Lần " & INT(R24/20), "") | AD24: =IF(INT(S24/20)>INT(S23/20), "Lần " & INT(S24/20), "") | AE24: =IF(INT(T24/20)>INT(T23/20), "Lần " & INT(T24/20), "") | AF24: =IF(INT(U24/20)>INT(U23/20), "Lần " & INT(U24/20), "") | AG24: =IF(INT(V24/20)>INT(V23/20), "Lần " & INT(V24/20), "") | AH24: =IF(INT(W24/20)>INT(W23/20), "Lần " & INT(W24/20), "") | ... AK24: =IF(INT(Z24/20)>INT(Z23/20), "Lần " & INT(Z24/20), "") | AL24: ĐẠT TCVN 1651:2018
A25: 20 | B25: Cọc khoan nhồi C2 Mố M1 (D1.2m, L=20.0m) | C25: Cốt thép chủ chịu lực cọc | D25: P3 | E25: 25 | F25: CB400-V | G25: Thanh thẳng nối ren/hàn | H25: 10.7 | I25: 12 | J25: 3.85 | K25: =ROUND(H25*I25*J25, 2) | L25: =ROUND(K25/1000, 3) | O25: =IF(AND(E25<=10, F25<>"ASTM A416", INT(P25/20)>INT(P24/20)), "TN Ø10 (Lần " & INT(P25/20) & ")", IF(AND(E25=12, INT(Q25/20)>INT(Q24/20)), "TN Ø12 (Lần " & INT(Q25/20) & ")", IF(AND(E25=14, INT(R25/20)>INT(R24/20)), "TN Ø14 (Lần " & INT(R25/20) & ")", IF(AND(E25=16, INT(S25/20)>INT(S24/20)), "TN Ø16 (Lần " & INT(S25/20) & ")", IF(AND(E25=18, INT(T25/20)>INT(T24/20)), "TN Ø18 (Lần " & INT(T25/20) & ")", IF(AND(E25=20, INT(U25/20)>INT(U24/20)), "TN Ø20 (Lần " & INT(U25/20) & ")", IF(AND(E25=22, INT(V25/20)>INT(V24/20)), "TN Ø22 (Lần " & INT(V25/20) & ")", IF(AND(E25=25, INT(W25/20)>INT(W24/20)), "TN Ø25 (Lần " & INT(W25/20) & ")", IF(AND(E25=28, INT(X25/20)>INT(X24/20)), "TN Ø28 (Lần " & INT(X25/20) & ")", IF(AND(E25=32, INT(Y25/20)>INT(Y24/20)), "TN Ø32 (Lần " & INT(Y25/20) & ")", IF(AND(F25="ASTM A416", INT(Z25/20)>INT(Z24/20)), "TN Cáp 15.2 (Lần " & INT(Z25/20) & ")", ""))))))))))) | P25: =ROUND(P24 + IF(AND(E25<=10, F25<>"ASTM A416"), L25, 0), 3) | Q25: =ROUND(Q24 + IF(AND(E25=12, F25<>"ASTM A416"), L25, 0), 3) | R25: =ROUND(R24 + IF(AND(E25=14, F25<>"ASTM A416"), L25, 0), 3) | S25: =ROUND(S24 + IF(AND(E25=16, F25<>"ASTM A416"), L25, 0), 3) | T25: =ROUND(T24 + IF(AND(E25=18, F25<>"ASTM A416"), L25, 0), 3) | U25: =ROUND(U24 + IF(AND(E25=20, F25<>"ASTM A416"), L25, 0), 3) | V25: =ROUND(V24 + IF(AND(E25=22, F25<>"ASTM A416"), L25, 0), 3) | W25: =ROUND(W24 + IF(AND(E25=25, F25<>"ASTM A416"), L25, 0), 3) | X25: =ROUND(X24 + IF(AND(E25=28, F25<>"ASTM A416"), L25, 0), 3) | Y25: =ROUND(Y24 + IF(AND(E25=32, F25<>"ASTM A416"), L25, 0), 3) | Z25: =ROUND(Z24 + IF(F25="ASTM A416", L25, 0), 3) | AA25: =IF(INT(P25/20)>INT(P24/20), "Lần " & INT(P25/20), "") | AB25: =IF(INT(Q25/20)>INT(Q24/20), "Lần " & INT(Q25/20), "") | AC25: =IF(INT(R25/20)>INT(R24/20), "Lần " & INT(R25/20), "") | AD25: =IF(INT(S25/20)>INT(S24/20), "Lần " & INT(S25/20), "") | AE25: =IF(INT(T25/20)>INT(T24/20), "Lần " & INT(T25/20), "") | AF25: =IF(INT(U25/20)>INT(U24/20), "Lần " & INT(U25/20), "") | AG25: =IF(INT(V25/20)>INT(V24/20), "Lần " & INT(V25/20), "") | AH25: =IF(INT(W25/20)>INT(W24/20), "Lần " & INT(W25/20), "") | ... AK25: =IF(INT(Z25/20)>INT(Z24/20), "Lần " & INT(Z25/20), "") | AL25: ĐẠT TCVN 1651:2018
A26: 21 | B26: Cọc khoan nhồi C2 Mố M1 (D1.2m, L=20.0m) | C26: Cốt thép chủ chịu lực cọc | D26: P4 | E26: 25 | F26: CB400-V | G26: Thanh thẳng nối ren/hàn | H26: 11.7 | I26: 12 | J26: 3.85 | K26: =ROUND(H26*I26*J26, 2) | L26: =ROUND(K26/1000, 3) | O26: =IF(AND(E26<=10, F26<>"ASTM A416", INT(P26/20)>INT(P25/20)), "TN Ø10 (Lần " & INT(P26/20) & ")", IF(AND(E26=12, INT(Q26/20)>INT(Q25/20)), "TN Ø12 (Lần " & INT(Q26/20) & ")", IF(AND(E26=14, INT(R26/20)>INT(R25/20)), "TN Ø14 (Lần " & INT(R26/20) & ")", IF(AND(E26=16, INT(S26/20)>INT(S25/20)), "TN Ø16 (Lần " & INT(S26/20) & ")", IF(AND(E26=18, INT(T26/20)>INT(T25/20)), "TN Ø18 (Lần " & INT(T26/20) & ")", IF(AND(E26=20, INT(U26/20)>INT(U25/20)), "TN Ø20 (Lần " & INT(U26/20) & ")", IF(AND(E26=22, INT(V26/20)>INT(V25/20)), "TN Ø22 (Lần " & INT(V26/20) & ")", IF(AND(E26=25, INT(W26/20)>INT(W25/20)), "TN Ø25 (Lần " & INT(W26/20) & ")", IF(AND(E26=28, INT(X26/20)>INT(X25/20)), "TN Ø28 (Lần " & INT(X26/20) & ")", IF(AND(E26=32, INT(Y26/20)>INT(Y25/20)), "TN Ø32 (Lần " & INT(Y26/20) & ")", IF(AND(F26="ASTM A416", INT(Z26/20)>INT(Z25/20)), "TN Cáp 15.2 (Lần " & INT(Z26/20) & ")", ""))))))))))) | P26: =ROUND(P25 + IF(AND(E26<=10, F26<>"ASTM A416"), L26, 0), 3) | Q26: =ROUND(Q25 + IF(AND(E26=12, F26<>"ASTM A416"), L26, 0), 3) | R26: =ROUND(R25 + IF(AND(E26=14, F26<>"ASTM A416"), L26, 0), 3) | S26: =ROUND(S25 + IF(AND(E26=16, F26<>"ASTM A416"), L26, 0), 3) | T26: =ROUND(T25 + IF(AND(E26=18, F26<>"ASTM A416"), L26, 0), 3) | U26: =ROUND(U25 + IF(AND(E26=20, F26<>"ASTM A416"), L26, 0), 3) | V26: =ROUND(V25 + IF(AND(E26=22, F26<>"ASTM A416"), L26, 0), 3) | W26: =ROUND(W25 + IF(AND(E26=25, F26<>"ASTM A416"), L26, 0), 3) | X26: =ROUND(X25 + IF(AND(E26=28, F26<>"ASTM A416"), L26, 0), 3) | Y26: =ROUND(Y25 + IF(AND(E26=32, F26<>"ASTM A416"), L26, 0), 3) | Z26: =ROUND(Z25 + IF(F26="ASTM A416", L26, 0), 3) | AA26: =IF(INT(P26/20)>INT(P25/20), "Lần " & INT(P26/20), "") | AB26: =IF(INT(Q26/20)>INT(Q25/20), "Lần " & INT(Q26/20), "") | AC26: =IF(INT(R26/20)>INT(R25/20), "Lần " & INT(R26/20), "") | AD26: =IF(INT(S26/20)>INT(S25/20), "Lần " & INT(S26/20), "") | AE26: =IF(INT(T26/20)>INT(T25/20), "Lần " & INT(T26/20), "") | AF26: =IF(INT(U26/20)>INT(U25/20), "Lần " & INT(U26/20), "") | AG26: =IF(INT(V26/20)>INT(V25/20), "Lần " & INT(V26/20), "") | AH26: =IF(INT(W26/20)>INT(W25/20), "Lần " & INT(W26/20), "") | ... AK26: =IF(INT(Z26/20)>INT(Z25/20), "Lần " & INT(Z26/20), "") | AL26: ĐẠT TCVN 1651:2018
A27: 22 | B27: Cọc khoan nhồi C2 Mố M1 (D1.2m, L=20.0m) | C27: Cốt thép chủ chịu lực cọc | D27: P6 | E27: 25 | F27: CB400-V | G27: Thanh thẳng nối ren/hàn | H27: 10.433 | I27: 12 | J27: 3.85 | K27: =ROUND(H27*I27*J27, 2) | L27: =ROUND(K27/1000, 3) | O27: =IF(AND(E27<=10, F27<>"ASTM A416", INT(P27/20)>INT(P26/20)), "TN Ø10 (Lần " & INT(P27/20) & ")", IF(AND(E27=12, INT(Q27/20)>INT(Q26/20)), "TN Ø12 (Lần " & INT(Q27/20) & ")", IF(AND(E27=14, INT(R27/20)>INT(R26/20)), "TN Ø14 (Lần " & INT(R27/20) & ")", IF(AND(E27=16, INT(S27/20)>INT(S26/20)), "TN Ø16 (Lần " & INT(S27/20) & ")", IF(AND(E27=18, INT(T27/20)>INT(T26/20)), "TN Ø18 (Lần " & INT(T27/20) & ")", IF(AND(E27=20, INT(U27/20)>INT(U26/20)), "TN Ø20 (Lần " & INT(U27/20) & ")", IF(AND(E27=22, INT(V27/20)>INT(V26/20)), "TN Ø22 (Lần " & INT(V27/20) & ")", IF(AND(E27=25, INT(W27/20)>INT(W26/20)), "TN Ø25 (Lần " & INT(W27/20) & ")", IF(AND(E27=28, INT(X27/20)>INT(X26/20)), "TN Ø28 (Lần " & INT(X27/20) & ")", IF(AND(E27=32, INT(Y27/20)>INT(Y26/20)), "TN Ø32 (Lần " & INT(Y27/20) & ")", IF(AND(F27="ASTM A416", INT(Z27/20)>INT(Z26/20)), "TN Cáp 15.2 (Lần " & INT(Z27/20) & ")", ""))))))))))) | P27: =ROUND(P26 + IF(AND(E27<=10, F27<>"ASTM A416"), L27, 0), 3) | Q27: =ROUND(Q26 + IF(AND(E27=12, F27<>"ASTM A416"), L27, 0), 3) | R27: =ROUND(R26 + IF(AND(E27=14, F27<>"ASTM A416"), L27, 0), 3) | S27: =ROUND(S26 + IF(AND(E27=16, F27<>"ASTM A416"), L27, 0), 3) | T27: =ROUND(T26 + IF(AND(E27=18, F27<>"ASTM A416"), L27, 0), 3) | U27: =ROUND(U26 + IF(AND(E27=20, F27<>"ASTM A416"), L27, 0), 3) | V27: =ROUND(V26 + IF(AND(E27=22, F27<>"ASTM A416"), L27, 0), 3) | W27: =ROUND(W26 + IF(AND(E27=25, F27<>"ASTM A416"), L27, 0), 3) | X27: =ROUND(X26 + IF(AND(E27=28, F27<>"ASTM A416"), L27, 0), 3) | Y27: =ROUND(Y26 + IF(AND(E27=32, F27<>"ASTM A416"), L27, 0), 3) | Z27: =ROUND(Z26 + IF(F27="ASTM A416", L27, 0), 3) | AA27: =IF(INT(P27/20)>INT(P26/20), "Lần " & INT(P27/20), "") | AB27: =IF(INT(Q27/20)>INT(Q26/20), "Lần " & INT(Q27/20), "") | AC27: =IF(INT(R27/20)>INT(R26/20), "Lần " & INT(R27/20), "") | AD27: =IF(INT(S27/20)>INT(S26/20), "Lần " & INT(S27/20), "") | AE27: =IF(INT(T27/20)>INT(T26/20), "Lần " & INT(T27/20), "") | AF27: =IF(INT(U27/20)>INT(U26/20), "Lần " & INT(U27/20), "") | AG27: =IF(INT(V27/20)>INT(V26/20), "Lần " & INT(V27/20), "") | AH27: =IF(INT(W27/20)>INT(W26/20), "Lần " & INT(W27/20), "") | ... AK27: =IF(INT(Z27/20)>INT(Z26/20), "Lần " & INT(Z27/20), "") | AL27: ĐẠT TCVN 1651:2018
A28: 23 | B28: Cọc khoan nhồi C2 Mố M1 (D1.2m, L=20.0m) | C28: Cốt thép chủ chịu lực cọc | D28: P7 | E28: 25 | F28: CB400-V | G28: Thanh thẳng nối ren/hàn | H28: 11.433 | I28: 12 | J28: 3.85 | K28: =ROUND(H28*I28*J28, 2) | L28: =ROUND(K28/1000, 3) | O28: =IF(AND(E28<=10, F28<>"ASTM A416", INT(P28/20)>INT(P27/20)), "TN Ø10 (Lần " & INT(P28/20) & ")", IF(AND(E28=12, INT(Q28/20)>INT(Q27/20)), "TN Ø12 (Lần " & INT(Q28/20) & ")", IF(AND(E28=14, INT(R28/20)>INT(R27/20)), "TN Ø14 (Lần " & INT(R28/20) & ")", IF(AND(E28=16, INT(S28/20)>INT(S27/20)), "TN Ø16 (Lần " & INT(S28/20) & ")", IF(AND(E28=18, INT(T28/20)>INT(T27/20)), "TN Ø18 (Lần " & INT(T28/20) & ")", IF(AND(E28=20, INT(U28/20)>INT(U27/20)), "TN Ø20 (Lần " & INT(U28/20) & ")", IF(AND(E28=22, INT(V28/20)>INT(V27/20)), "TN Ø22 (Lần " & INT(V28/20) & ")", IF(AND(E28=25, INT(W28/20)>INT(W27/20)), "TN Ø25 (Lần " & INT(W28/20) & ")", IF(AND(E28=28, INT(X28/20)>INT(X27/20)), "TN Ø28 (Lần " & INT(X28/20) & ")", IF(AND(E28=32, INT(Y28/20)>INT(Y27/20)), "TN Ø32 (Lần " & INT(Y28/20) & ")", IF(AND(F28="ASTM A416", INT(Z28/20)>INT(Z27/20)), "TN Cáp 15.2 (Lần " & INT(Z28/20) & ")", ""))))))))))) | P28: =ROUND(P27 + IF(AND(E28<=10, F28<>"ASTM A416"), L28, 0), 3) | Q28: =ROUND(Q27 + IF(AND(E28=12, F28<>"ASTM A416"), L28, 0), 3) | R28: =ROUND(R27 + IF(AND(E28=14, F28<>"ASTM A416"), L28, 0), 3) | S28: =ROUND(S27 + IF(AND(E28=16, F28<>"ASTM A416"), L28, 0), 3) | T28: =ROUND(T27 + IF(AND(E28=18, F28<>"ASTM A416"), L28, 0), 3) | U28: =ROUND(U27 + IF(AND(E28=20, F28<>"ASTM A416"), L28, 0), 3) | V28: =ROUND(V27 + IF(AND(E28=22, F28<>"ASTM A416"), L28, 0), 3) | W28: =ROUND(W27 + IF(AND(E28=25, F28<>"ASTM A416"), L28, 0), 3) | X28: =ROUND(X27 + IF(AND(E28=28, F28<>"ASTM A416"), L28, 0), 3) | Y28: =ROUND(Y27 + IF(AND(E28=32, F28<>"ASTM A416"), L28, 0), 3) | Z28: =ROUND(Z27 + IF(F28="ASTM A416", L28, 0), 3) | AA28: =IF(INT(P28/20)>INT(P27/20), "Lần " & INT(P28/20), "") | AB28: =IF(INT(Q28/20)>INT(Q27/20), "Lần " & INT(Q28/20), "") | AC28: =IF(INT(R28/20)>INT(R27/20), "Lần " & INT(R28/20), "") | AD28: =IF(INT(S28/20)>INT(S27/20), "Lần " & INT(S28/20), "") | AE28: =IF(INT(T28/20)>INT(T27/20), "Lần " & INT(T28/20), "") | AF28: =IF(INT(U28/20)>INT(U27/20), "Lần " & INT(U28/20), "") | AG28: =IF(INT(V28/20)>INT(V27/20), "Lần " & INT(V28/20), "") | AH28: =IF(INT(W28/20)>INT(W27/20), "Lần " & INT(W28/20), "") | ... AK28: =IF(INT(Z28/20)>INT(Z27/20), "Lần " & INT(Z28/20), "") | AL28: ĐẠT TCVN 1651:2018
A29: 24 | B29: Cọc khoan nhồi C2 Mố M1 (D1.2m, L=20.0m) | C29: Đai tăng cường / Con kê bảo vệ | D29: P8 | E29: 12 | F29: CB400-V | G29: Móc neo / Vòng đai | H29: 0.647 | I29: 8 | J29: 0.888 | K29: =ROUND(H29*I29*J29, 2) | L29: =ROUND(K29/1000, 3) | O29: =IF(AND(E29<=10, F29<>"ASTM A416", INT(P29/20)>INT(P28/20)), "TN Ø10 (Lần " & INT(P29/20) & ")", IF(AND(E29=12, INT(Q29/20)>INT(Q28/20)), "TN Ø12 (Lần " & INT(Q29/20) & ")", IF(AND(E29=14, INT(R29/20)>INT(R28/20)), "TN Ø14 (Lần " & INT(R29/20) & ")", IF(AND(E29=16, INT(S29/20)>INT(S28/20)), "TN Ø16 (Lần " & INT(S29/20) & ")", IF(AND(E29=18, INT(T29/20)>INT(T28/20)), "TN Ø18 (Lần " & INT(T29/20) & ")", IF(AND(E29=20, INT(U29/20)>INT(U28/20)), "TN Ø20 (Lần " & INT(U29/20) & ")", IF(AND(E29=22, INT(V29/20)>INT(V28/20)), "TN Ø22 (Lần " & INT(V29/20) & ")", IF(AND(E29=25, INT(W29/20)>INT(W28/20)), "TN Ø25 (Lần " & INT(W29/20) & ")", IF(AND(E29=28, INT(X29/20)>INT(X28/20)), "TN Ø28 (Lần " & INT(X29/20) & ")", IF(AND(E29=32, INT(Y29/20)>INT(Y28/20)), "TN Ø32 (Lần " & INT(Y29/20) & ")", IF(AND(F29="ASTM A416", INT(Z29/20)>INT(Z28/20)), "TN Cáp 15.2 (Lần " & INT(Z29/20) & ")", ""))))))))))) | P29: =ROUND(P28 + IF(AND(E29<=10, F29<>"ASTM A416"), L29, 0), 3) | Q29: =ROUND(Q28 + IF(AND(E29=12, F29<>"ASTM A416"), L29, 0), 3) | R29: =ROUND(R28 + IF(AND(E29=14, F29<>"ASTM A416"), L29, 0), 3) | S29: =ROUND(S28 + IF(AND(E29=16, F29<>"ASTM A416"), L29, 0), 3) | T29: =ROUND(T28 + IF(AND(E29=18, F29<>"ASTM A416"), L29, 0), 3) | U29: =ROUND(U28 + IF(AND(E29=20, F29<>"ASTM A416"), L29, 0), 3) | V29: =ROUND(V28 + IF(AND(E29=22, F29<>"ASTM A416"), L29, 0), 3) | W29: =ROUND(W28 + IF(AND(E29=25, F29<>"ASTM A416"), L29, 0), 3) | X29: =ROUND(X28 + IF(AND(E29=28, F29<>"ASTM A416"), L29, 0), 3) | Y29: =ROUND(Y28 + IF(AND(E29=32, F29<>"ASTM A416"), L29, 0), 3) | Z29: =ROUND(Z28 + IF(F29="ASTM A416", L29, 0), 3) | AA29: =IF(INT(P29/20)>INT(P28/20), "Lần " & INT(P29/20), "") | AB29: =IF(INT(Q29/20)>INT(Q28/20), "Lần " & INT(Q29/20), "") | AC29: =IF(INT(R29/20)>INT(R28/20), "Lần " & INT(R29/20), "") | AD29: =IF(INT(S29/20)>INT(S28/20), "Lần " & INT(S29/20), "") | AE29: =IF(INT(T29/20)>INT(T28/20), "Lần " & INT(T29/20), "") | AF29: =IF(INT(U29/20)>INT(U28/20), "Lần " & INT(U29/20), "") | AG29: =IF(INT(V29/20)>INT(V28/20), "Lần " & INT(V29/20), "") | AH29: =IF(INT(W29/20)>INT(W28/20), "Lần " & INT(W29/20), "") | ... AK29: =IF(INT(Z29/20)>INT(Z28/20), "Lần " & INT(Z29/20), "") | AL29: ĐẠT TCVN 1651:2018
A30: 25 | B30: Cọc khoan nhồi C2 Mố M1 (D1.2m, L=20.0m) | C30: Đai tăng cường / Con kê bảo vệ | D30: P9 | E30: 12 | F30: CB400-V | G30: Móc neo / Vòng đai | H30: 0.379 | I30: 24 | J30: 0.888 | K30: =ROUND(H30*I30*J30, 2) | L30: =ROUND(K30/1000, 3) | O30: =IF(AND(E30<=10, F30<>"ASTM A416", INT(P30/20)>INT(P29/20)), "TN Ø10 (Lần " & INT(P30/20) & ")", IF(AND(E30=12, INT(Q30/20)>INT(Q29/20)), "TN Ø12 (Lần " & INT(Q30/20) & ")", IF(AND(E30=14, INT(R30/20)>INT(R29/20)), "TN Ø14 (Lần " & INT(R30/20) & ")", IF(AND(E30=16, INT(S30/20)>INT(S29/20)), "TN Ø16 (Lần " & INT(S30/20) & ")", IF(AND(E30=18, INT(T30/20)>INT(T29/20)), "TN Ø18 (Lần " & INT(T30/20) & ")", IF(AND(E30=20, INT(U30/20)>INT(U29/20)), "TN Ø20 (Lần " & INT(U30/20) & ")", IF(AND(E30=22, INT(V30/20)>INT(V29/20)), "TN Ø22 (Lần " & INT(V30/20) & ")", IF(AND(E30=25, INT(W30/20)>INT(W29/20)), "TN Ø25 (Lần " & INT(W30/20) & ")", IF(AND(E30=28, INT(X30/20)>INT(X29/20)), "TN Ø28 (Lần " & INT(X30/20) & ")", IF(AND(E30=32, INT(Y30/20)>INT(Y29/20)), "TN Ø32 (Lần " & INT(Y30/20) & ")", IF(AND(F30="ASTM A416", INT(Z30/20)>INT(Z29/20)), "TN Cáp 15.2 (Lần " & INT(Z30/20) & ")", ""))))))))))) | P30: =ROUND(P29 + IF(AND(E30<=10, F30<>"ASTM A416"), L30, 0), 3) | Q30: =ROUND(Q29 + IF(AND(E30=12, F30<>"ASTM A416"), L30, 0), 3) | R30: =ROUND(R29 + IF(AND(E30=14, F30<>"ASTM A416"), L30, 0), 3) | S30: =ROUND(S29 + IF(AND(E30=16, F30<>"ASTM A416"), L30, 0), 3) | T30: =ROUND(T29 + IF(AND(E30=18, F30<>"ASTM A416"), L30, 0), 3) | U30: =ROUND(U29 + IF(AND(E30=20, F30<>"ASTM A416"), L30, 0), 3) | V30: =ROUND(V29 + IF(AND(E30=22, F30<>"ASTM A416"), L30, 0), 3) | W30: =ROUND(W29 + IF(AND(E30=25, F30<>"ASTM A416"), L30, 0), 3) | X30: =ROUND(X29 + IF(AND(E30=28, F30<>"ASTM A416"), L30, 0), 3) | Y30: =ROUND(Y29 + IF(AND(E30=32, F30<>"ASTM A416"), L30, 0), 3) | Z30: =ROUND(Z29 + IF(F30="ASTM A416", L30, 0), 3) | AA30: =IF(INT(P30/20)>INT(P29/20), "Lần " & INT(P30/20), "") | AB30: =IF(INT(Q30/20)>INT(Q29/20), "Lần " & INT(Q30/20), "") | AC30: =IF(INT(R30/20)>INT(R29/20), "Lần " & INT(R30/20), "") | AD30: =IF(INT(S30/20)>INT(S29/20), "Lần " & INT(S30/20), "") | AE30: =IF(INT(T30/20)>INT(T29/20), "Lần " & INT(T30/20), "") | AF30: =IF(INT(U30/20)>INT(U29/20), "Lần " & INT(U30/20), "") | AG30: =IF(INT(V30/20)>INT(V29/20), "Lần " & INT(V30/20), "") | AH30: =IF(INT(W30/20)>INT(W29/20), "Lần " & INT(W30/20), "") | ... AK30: =IF(INT(Z30/20)>INT(Z29/20), "Lần " & INT(Z30/20), "") | AL30: ĐẠT TCVN 1651:2018
A31: 26 | B31: Cọc khoan nhồi C2 Mố M1 (D1.2m, L=20.0m) | C31: Thép đai xoắn lồng cọc | D31: P10 | E31: 20 | F31: CB400-V | G31: Đai xoắn tròn | H31: 2.057 | I31: 1 | J31: 2.47 | K31: =ROUND(H31*I31*J31, 2) | L31: =ROUND(K31/1000, 3) | O31: =IF(AND(E31<=10, F31<>"ASTM A416", INT(P31/20)>INT(P30/20)), "TN Ø10 (Lần " & INT(P31/20) & ")", IF(AND(E31=12, INT(Q31/20)>INT(Q30/20)), "TN Ø12 (Lần " & INT(Q31/20) & ")", IF(AND(E31=14, INT(R31/20)>INT(R30/20)), "TN Ø14 (Lần " & INT(R31/20) & ")", IF(AND(E31=16, INT(S31/20)>INT(S30/20)), "TN Ø16 (Lần " & INT(S31/20) & ")", IF(AND(E31=18, INT(T31/20)>INT(T30/20)), "TN Ø18 (Lần " & INT(T31/20) & ")", IF(AND(E31=20, INT(U31/20)>INT(U30/20)), "TN Ø20 (Lần " & INT(U31/20) & ")", IF(AND(E31=22, INT(V31/20)>INT(V30/20)), "TN Ø22 (Lần " & INT(V31/20) & ")", IF(AND(E31=25, INT(W31/20)>INT(W30/20)), "TN Ø25 (Lần " & INT(W31/20) & ")", IF(AND(E31=28, INT(X31/20)>INT(X30/20)), "TN Ø28 (Lần " & INT(X31/20) & ")", IF(AND(E31=32, INT(Y31/20)>INT(Y30/20)), "TN Ø32 (Lần " & INT(Y31/20) & ")", IF(AND(F31="ASTM A416", INT(Z31/20)>INT(Z30/20)), "TN Cáp 15.2 (Lần " & INT(Z31/20) & ")", ""))))))))))) | P31: =ROUND(P30 + IF(AND(E31<=10, F31<>"ASTM A416"), L31, 0), 3) | Q31: =ROUND(Q30 + IF(AND(E31=12, F31<>"ASTM A416"), L31, 0), 3) | R31: =ROUND(R30 + IF(AND(E31=14, F31<>"ASTM A416"), L31, 0), 3) | S31: =ROUND(S30 + IF(AND(E31=16, F31<>"ASTM A416"), L31, 0), 3) | T31: =ROUND(T30 + IF(AND(E31=18, F31<>"ASTM A416"), L31, 0), 3) | U31: =ROUND(U30 + IF(AND(E31=20, F31<>"ASTM A416"), L31, 0), 3) | V31: =ROUND(V30 + IF(AND(E31=22, F31<>"ASTM A416"), L31, 0), 3) | W31: =ROUND(W30 + IF(AND(E31=25, F31<>"ASTM A416"), L31, 0), 3) | X31: =ROUND(X30 + IF(AND(E31=28, F31<>"ASTM A416"), L31, 0), 3) | Y31: =ROUND(Y30 + IF(AND(E31=32, F31<>"ASTM A416"), L31, 0), 3) | Z31: =ROUND(Z30 + IF(F31="ASTM A416", L31, 0), 3) | AA31: =IF(INT(P31/20)>INT(P30/20), "Lần " & INT(P31/20), "") | AB31: =IF(INT(Q31/20)>INT(Q30/20), "Lần " & INT(Q31/20), "") | AC31: =IF(INT(R31/20)>INT(R30/20), "Lần " & INT(R31/20), "") | AD31: =IF(INT(S31/20)>INT(S30/20), "Lần " & INT(S31/20), "") | AE31: =IF(INT(T31/20)>INT(T30/20), "Lần " & INT(T31/20), "") | AF31: =IF(INT(U31/20)>INT(U30/20), "Lần " & INT(U31/20), "") | AG31: =IF(INT(V31/20)>INT(V30/20), "Lần " & INT(V31/20), "") | AH31: =IF(INT(W31/20)>INT(W30/20), "Lần " & INT(W31/20), "") | ... AK31: =IF(INT(Z31/20)>INT(Z30/20), "Lần " & INT(Z31/20), "") | AL31: ĐẠT TCVN 1651:2018
A32: 27 | B32: Cọc khoan nhồi C2 Mố M1 (D1.2m, L=20.0m) | C32: Thanh thép treo lồng cọc | D32: P11 | E32: 16 | F32: CB400-V | G32: Thanh treo lồng (bảng phụ tr.64) | H32: 2.604 | I32: 4 | J32: 1.58 | K32: =ROUND(H32*I32*J32, 2) | L32: =ROUND(K32/1000, 3) | O32: =IF(AND(E32<=10, F32<>"ASTM A416", INT(P32/20)>INT(P31/20)), "TN Ø10 (Lần " & INT(P32/20) & ")", IF(AND(E32=12, INT(Q32/20)>INT(Q31/20)), "TN Ø12 (Lần " & INT(Q32/20) & ")", IF(AND(E32=14, INT(R32/20)>INT(R31/20)), "TN Ø14 (Lần " & INT(R32/20) & ")", IF(AND(E32=16, INT(S32/20)>INT(S31/20)), "TN Ø16 (Lần " & INT(S32/20) & ")", IF(AND(E32=18, INT(T32/20)>INT(T31/20)), "TN Ø18 (Lần " & INT(T32/20) & ")", IF(AND(E32=20, INT(U32/20)>INT(U31/20)), "TN Ø20 (Lần " & INT(U32/20) & ")", IF(AND(E32=22, INT(V32/20)>INT(V31/20)), "TN Ø22 (Lần " & INT(V32/20) & ")", IF(AND(E32=25, INT(W32/20)>INT(W31/20)), "TN Ø25 (Lần " & INT(W32/20) & ")", IF(AND(E32=28, INT(X32/20)>INT(X31/20)), "TN Ø28 (Lần " & INT(X32/20) & ")", IF(AND(E32=32, INT(Y32/20)>INT(Y31/20)), "TN Ø32 (Lần " & INT(Y32/20) & ")", IF(AND(F32="ASTM A416", INT(Z32/20)>INT(Z31/20)), "TN Cáp 15.2 (Lần " & INT(Z32/20) & ")", ""))))))))))) | P32: =ROUND(P31 + IF(AND(E32<=10, F32<>"ASTM A416"), L32, 0), 3) | Q32: =ROUND(Q31 + IF(AND(E32=12, F32<>"ASTM A416"), L32, 0), 3) | R32: =ROUND(R31 + IF(AND(E32=14, F32<>"ASTM A416"), L32, 0), 3) | S32: =ROUND(S31 + IF(AND(E32=16, F32<>"ASTM A416"), L32, 0), 3) | T32: =ROUND(T31 + IF(AND(E32=18, F32<>"ASTM A416"), L32, 0), 3) | U32: =ROUND(U31 + IF(AND(E32=20, F32<>"ASTM A416"), L32, 0), 3) | V32: =ROUND(V31 + IF(AND(E32=22, F32<>"ASTM A416"), L32, 0), 3) | W32: =ROUND(W31 + IF(AND(E32=25, F32<>"ASTM A416"), L32, 0), 3) | X32: =ROUND(X31 + IF(AND(E32=28, F32<>"ASTM A416"), L32, 0), 3) | Y32: =ROUND(Y31 + IF(AND(E32=32, F32<>"ASTM A416"), L32, 0), 3) | Z32: =ROUND(Z31 + IF(F32="ASTM A416", L32, 0), 3) | AA32: =IF(INT(P32/20)>INT(P31/20), "Lần " & INT(P32/20), "") | AB32: =IF(INT(Q32/20)>INT(Q31/20), "Lần " & INT(Q32/20), "") | AC32: =IF(INT(R32/20)>INT(R31/20), "Lần " & INT(R32/20), "") | AD32: =IF(INT(S32/20)>INT(S31/20), "Lần " & INT(S32/20), "") | AE32: =IF(INT(T32/20)>INT(T31/20), "Lần " & INT(T32/20), "") | AF32: =IF(INT(U32/20)>INT(U31/20), "Lần " & INT(U32/20), "") | AG32: =IF(INT(V32/20)>INT(V31/20), "Lần " & INT(V32/20), "") | AH32: =IF(INT(W32/20)>INT(W31/20), "Lần " & INT(W32/20), "") | ... AK32: =IF(INT(Z32/20)>INT(Z31/20), "Lần " & INT(Z32/20), "") | AL32: ĐẠT TCVN 1651:2018
A33: 28 | B33: Cọc khoan nhồi C2 Mố M1 (D1.2m, L=20.0m) | C33: Thép đai xoắn lồng cọc | D33: P12 | E33: 20 | F33: CB400-V | G33: Đai xoắn tròn | H33: 0.583 | I33: 32 | J33: 2.47 | K33: =ROUND(H33*I33*J33, 2) | L33: =ROUND(K33/1000, 3) | O33: =IF(AND(E33<=10, F33<>"ASTM A416", INT(P33/20)>INT(P32/20)), "TN Ø10 (Lần " & INT(P33/20) & ")", IF(AND(E33=12, INT(Q33/20)>INT(Q32/20)), "TN Ø12 (Lần " & INT(Q33/20) & ")", IF(AND(E33=14, INT(R33/20)>INT(R32/20)), "TN Ø14 (Lần " & INT(R33/20) & ")", IF(AND(E33=16, INT(S33/20)>INT(S32/20)), "TN Ø16 (Lần " & INT(S33/20) & ")", IF(AND(E33=18, INT(T33/20)>INT(T32/20)), "TN Ø18 (Lần " & INT(T33/20) & ")", IF(AND(E33=20, INT(U33/20)>INT(U32/20)), "TN Ø20 (Lần " & INT(U33/20) & ")", IF(AND(E33=22, INT(V33/20)>INT(V32/20)), "TN Ø22 (Lần " & INT(V33/20) & ")", IF(AND(E33=25, INT(W33/20)>INT(W32/20)), "TN Ø25 (Lần " & INT(W33/20) & ")", IF(AND(E33=28, INT(X33/20)>INT(X32/20)), "TN Ø28 (Lần " & INT(X33/20) & ")", IF(AND(E33=32, INT(Y33/20)>INT(Y32/20)), "TN Ø32 (Lần " & INT(Y33/20) & ")", IF(AND(F33="ASTM A416", INT(Z33/20)>INT(Z32/20)), "TN Cáp 15.2 (Lần " & INT(Z33/20) & ")", ""))))))))))) | P33: =ROUND(P32 + IF(AND(E33<=10, F33<>"ASTM A416"), L33, 0), 3) | Q33: =ROUND(Q32 + IF(AND(E33=12, F33<>"ASTM A416"), L33, 0), 3) | R33: =ROUND(R32 + IF(AND(E33=14, F33<>"ASTM A416"), L33, 0), 3) | S33: =ROUND(S32 + IF(AND(E33=16, F33<>"ASTM A416"), L33, 0), 3) | T33: =ROUND(T32 + IF(AND(E33=18, F33<>"ASTM A416"), L33, 0), 3) | U33: =ROUND(U32 + IF(AND(E33=20, F33<>"ASTM A416"), L33, 0), 3) | V33: =ROUND(V32 + IF(AND(E33=22, F33<>"ASTM A416"), L33, 0), 3) | W33: =ROUND(W32 + IF(AND(E33=25, F33<>"ASTM A416"), L33, 0), 3) | X33: =ROUND(X32 + IF(AND(E33=28, F33<>"ASTM A416"), L33, 0), 3) | Y33: =ROUND(Y32 + IF(AND(E33=32, F33<>"ASTM A416"), L33, 0), 3) | Z33: =ROUND(Z32 + IF(F33="ASTM A416", L33, 0), 3) | AA33: =IF(INT(P33/20)>INT(P32/20), "Lần " & INT(P33/20), "") | AB33: =IF(INT(Q33/20)>INT(Q32/20), "Lần " & INT(Q33/20), "") | AC33: =IF(INT(R33/20)>INT(R32/20), "Lần " & INT(R33/20), "") | AD33: =IF(INT(S33/20)>INT(S32/20), "Lần " & INT(S33/20), "") | AE33: =IF(INT(T33/20)>INT(T32/20), "Lần " & INT(T33/20), "") | AF33: =IF(INT(U33/20)>INT(U32/20), "Lần " & INT(U33/20), "") | AG33: =IF(INT(V33/20)>INT(V32/20), "Lần " & INT(V33/20), "") | AH33: =IF(INT(W33/20)>INT(W32/20), "Lần " & INT(W33/20), "") | ... AK33: =IF(INT(Z33/20)>INT(Z32/20), "Lần " & INT(Z33/20), "") | AL33: ĐẠT TCVN 1651:2018
A34: --- CỌC KHOAN NHỒI C3 MỐ M1 (D1.2M, L=20.0M) ---
A35: 29 | B35: Cọc khoan nhồi C3 Mố M1 (D1.2m, L=20.0m) | C35: Thép đai xoắn lồng cọc | D35: P1 | E35: 10 | F35: CB240-T | G35: Đai xoắn tròn | H35: 96.604 | I35: 1 | J35: 0.617 | K35: =ROUND(H35*I35*J35, 2) | L35: =ROUND(K35/1000, 3) | O35: =IF(AND(E35<=10, F35<>"ASTM A416", INT(P35/20)>INT(P33/20)), "TN Ø10 (Lần " & INT(P35/20) & ")", IF(AND(E35=12, INT(Q35/20)>INT(Q33/20)), "TN Ø12 (Lần " & INT(Q35/20) & ")", IF(AND(E35=14, INT(R35/20)>INT(R33/20)), "TN Ø14 (Lần " & INT(R35/20) & ")", IF(AND(E35=16, INT(S35/20)>INT(S33/20)), "TN Ø16 (Lần " & INT(S35/20) & ")", IF(AND(E35=18, INT(T35/20)>INT(T33/20)), "TN Ø18 (Lần " & INT(T35/20) & ")", IF(AND(E35=20, INT(U35/20)>INT(U33/20)), "TN Ø20 (Lần " & INT(U35/20) & ")", IF(AND(E35=22, INT(V35/20)>INT(V33/20)), "TN Ø22 (Lần " & INT(V35/20) & ")", IF(AND(E35=25, INT(W35/20)>INT(W33/20)), "TN Ø25 (Lần " & INT(W35/20) & ")", IF(AND(E35=28, INT(X35/20)>INT(X33/20)), "TN Ø28 (Lần " & INT(X35/20) & ")", IF(AND(E35=32, INT(Y35/20)>INT(Y33/20)), "TN Ø32 (Lần " & INT(Y35/20) & ")", IF(AND(F35="ASTM A416", INT(Z35/20)>INT(Z33/20)), "TN Cáp 15.2 (Lần " & INT(Z35/20) & ")", ""))))))))))) | P35: =ROUND(P33 + IF(AND(E35<=10, F35<>"ASTM A416"), L35, 0), 3) | Q35: =ROUND(Q33 + IF(AND(E35=12, F35<>"ASTM A416"), L35, 0), 3) | R35: =ROUND(R33 + IF(AND(E35=14, F35<>"ASTM A416"), L35, 0), 3) | S35: =ROUND(S33 + IF(AND(E35=16, F35<>"ASTM A416"), L35, 0), 3) | T35: =ROUND(T33 + IF(AND(E35=18, F35<>"ASTM A416"), L35, 0), 3) | U35: =ROUND(U33 + IF(AND(E35=20, F35<>"ASTM A416"), L35, 0), 3) | V35: =ROUND(V33 + IF(AND(E35=22, F35<>"ASTM A416"), L35, 0), 3) | W35: =ROUND(W33 + IF(AND(E35=25, F35<>"ASTM A416"), L35, 0), 3) | X35: =ROUND(X33 + IF(AND(E35=28, F35<>"ASTM A416"), L35, 0), 3) | Y35: =ROUND(Y33 + IF(AND(E35=32, F35<>"ASTM A416"), L35, 0), 3) | Z35: =ROUND(Z33 + IF(F35="ASTM A416", L35, 0), 3) | AA35: =IF(INT(P35/20)>INT(P33/20), "Lần " & INT(P35/20), "") | AB35: =IF(INT(Q35/20)>INT(Q33/20), "Lần " & INT(Q35/20), "") | AC35: =IF(INT(R35/20)>INT(R33/20), "Lần " & INT(R35/20), "") | AD35: =IF(INT(S35/20)>INT(S33/20), "Lần " & INT(S35/20), "") | AE35: =IF(INT(T35/20)>INT(T33/20), "Lần " & INT(T35/20), "") | AF35: =IF(INT(U35/20)>INT(U33/20), "Lần " & INT(U35/20), "") | AG35: =IF(INT(V35/20)>INT(V33/20), "Lần " & INT(V35/20), "") | AH35: =IF(INT(W35/20)>INT(W33/20), "Lần " & INT(W35/20), "") | ... AK35: =IF(INT(Z35/20)>INT(Z33/20), "Lần " & INT(Z35/20), "") | AL35: ĐẠT TCVN 1651:2018
A36: 30 | B36: Cọc khoan nhồi C3 Mố M1 (D1.2m, L=20.0m) | C36: Thép đai xoắn lồng cọc | D36: P1A | E36: 10 | F36: CB240-T | G36: Đai xoắn tròn | H36: 373.535 | I36: 1 | J36: 0.617 | K36: =ROUND(H36*I36*J36, 2) | L36: =ROUND(K36/1000, 3) | O36: =IF(AND(E36<=10, F36<>"ASTM A416", INT(P36/20)>INT(P35/20)), "TN Ø10 (Lần " & INT(P36/20) & ")", IF(AND(E36=12, INT(Q36/20)>INT(Q35/20)), "TN Ø12 (Lần " & INT(Q36/20) & ")", IF(AND(E36=14, INT(R36/20)>INT(R35/20)), "TN Ø14 (Lần " & INT(R36/20) & ")", IF(AND(E36=16, INT(S36/20)>INT(S35/20)), "TN Ø16 (Lần " & INT(S36/20) & ")", IF(AND(E36=18, INT(T36/20)>INT(T35/20)), "TN Ø18 (Lần " & INT(T36/20) & ")", IF(AND(E36=20, INT(U36/20)>INT(U35/20)), "TN Ø20 (Lần " & INT(U36/20) & ")", IF(AND(E36=22, INT(V36/20)>INT(V35/20)), "TN Ø22 (Lần " & INT(V36/20) & ")", IF(AND(E36=25, INT(W36/20)>INT(W35/20)), "TN Ø25 (Lần " & INT(W36/20) & ")", IF(AND(E36=28, INT(X36/20)>INT(X35/20)), "TN Ø28 (Lần " & INT(X36/20) & ")", IF(AND(E36=32, INT(Y36/20)>INT(Y35/20)), "TN Ø32 (Lần " & INT(Y36/20) & ")", IF(AND(F36="ASTM A416", INT(Z36/20)>INT(Z35/20)), "TN Cáp 15.2 (Lần " & INT(Z36/20) & ")", ""))))))))))) | P36: =ROUND(P35 + IF(AND(E36<=10, F36<>"ASTM A416"), L36, 0), 3) | Q36: =ROUND(Q35 + IF(AND(E36=12, F36<>"ASTM A416"), L36, 0), 3) | R36: =ROUND(R35 + IF(AND(E36=14, F36<>"ASTM A416"), L36, 0), 3) | S36: =ROUND(S35 + IF(AND(E36=16, F36<>"ASTM A416"), L36, 0), 3) | T36: =ROUND(T35 + IF(AND(E36=18, F36<>"ASTM A416"), L36, 0), 3) | U36: =ROUND(U35 + IF(AND(E36=20, F36<>"ASTM A416"), L36, 0), 3) | V36: =ROUND(V35 + IF(AND(E36=22, F36<>"ASTM A416"), L36, 0), 3) | W36: =ROUND(W35 + IF(AND(E36=25, F36<>"ASTM A416"), L36, 0), 3) | X36: =ROUND(X35 + IF(AND(E36=28, F36<>"ASTM A416"), L36, 0), 3) | Y36: =ROUND(Y35 + IF(AND(E36=32, F36<>"ASTM A416"), L36, 0), 3) | Z36: =ROUND(Z35 + IF(F36="ASTM A416", L36, 0), 3) | AA36: =IF(INT(P36/20)>INT(P35/20), "Lần " & INT(P36/20), "") | AB36: =IF(INT(Q36/20)>INT(Q35/20), "Lần " & INT(Q36/20), "") | AC36: =IF(INT(R36/20)>INT(R35/20), "Lần " & INT(R36/20), "") | AD36: =IF(INT(S36/20)>INT(S35/20), "Lần " & INT(S36/20), "") | AE36: =IF(INT(T36/20)>INT(T35/20), "Lần " & INT(T36/20), "") | AF36: =IF(INT(U36/20)>INT(U35/20), "Lần " & INT(U36/20), "") | AG36: =IF(INT(V36/20)>INT(V35/20), "Lần " & INT(V36/20), "") | AH36: =IF(INT(W36/20)>INT(W35/20), "Lần " & INT(W36/20), "") | ... AK36: =IF(INT(Z36/20)>INT(Z35/20), "Lần " & INT(Z36/20), "") | AL36: ĐẠT TCVN 1651:2018
A37: 31 | B37: Cọc khoan nhồi C3 Mố M1 (D1.2m, L=20.0m) | C37: Thép đai xoắn lồng cọc | D37: P1C | E37: 10 | F37: CB240-T | G37: Đai xoắn tròn | H37: 3.592 | I37: 2 | J37: 0.617 | K37: =ROUND(H37*I37*J37, 2) | L37: =ROUND(K37/1000, 3) | O37: =IF(AND(E37<=10, F37<>"ASTM A416", INT(P37/20)>INT(P36/20)), "TN Ø10 (Lần " & INT(P37/20) & ")", IF(AND(E37=12, INT(Q37/20)>INT(Q36/20)), "TN Ø12 (Lần " & INT(Q37/20) & ")", IF(AND(E37=14, INT(R37/20)>INT(R36/20)), "TN Ø14 (Lần " & INT(R37/20) & ")", IF(AND(E37=16, INT(S37/20)>INT(S36/20)), "TN Ø16 (Lần " & INT(S37/20) & ")", IF(AND(E37=18, INT(T37/20)>INT(T36/20)), "TN Ø18 (Lần " & INT(T37/20) & ")", IF(AND(E37=20, INT(U37/20)>INT(U36/20)), "TN Ø20 (Lần " & INT(U37/20) & ")", IF(AND(E37=22, INT(V37/20)>INT(V36/20)), "TN Ø22 (Lần " & INT(V37/20) & ")", IF(AND(E37=25, INT(W37/20)>INT(W36/20)), "TN Ø25 (Lần " & INT(W37/20) & ")", IF(AND(E37=28, INT(X37/20)>INT(X36/20)), "TN Ø28 (Lần " & INT(X37/20) & ")", IF(AND(E37=32, INT(Y37/20)>INT(Y36/20)), "TN Ø32 (Lần " & INT(Y37/20) & ")", IF(AND(F37="ASTM A416", INT(Z37/20)>INT(Z36/20)), "TN Cáp 15.2 (Lần " & INT(Z37/20) & ")", ""))))))))))) | P37: =ROUND(P36 + IF(AND(E37<=10, F37<>"ASTM A416"), L37, 0), 3) | Q37: =ROUND(Q36 + IF(AND(E37=12, F37<>"ASTM A416"), L37, 0), 3) | R37: =ROUND(R36 + IF(AND(E37=14, F37<>"ASTM A416"), L37, 0), 3) | S37: =ROUND(S36 + IF(AND(E37=16, F37<>"ASTM A416"), L37, 0), 3) | T37: =ROUND(T36 + IF(AND(E37=18, F37<>"ASTM A416"), L37, 0), 3) | U37: =ROUND(U36 + IF(AND(E37=20, F37<>"ASTM A416"), L37, 0), 3) | V37: =ROUND(V36 + IF(AND(E37=22, F37<>"ASTM A416"), L37, 0), 3) | W37: =ROUND(W36 + IF(AND(E37=25, F37<>"ASTM A416"), L37, 0), 3) | X37: =ROUND(X36 + IF(AND(E37=28, F37<>"ASTM A416"), L37, 0), 3) | Y37: =ROUND(Y36 + IF(AND(E37=32, F37<>"ASTM A416"), L37, 0), 3) | Z37: =ROUND(Z36 + IF(F37="ASTM A416", L37, 0), 3) | AA37: =IF(INT(P37/20)>INT(P36/20), "Lần " & INT(P37/20), "") | AB37: =IF(INT(Q37/20)>INT(Q36/20), "Lần " & INT(Q37/20), "") | AC37: =IF(INT(R37/20)>INT(R36/20), "Lần " & INT(R37/20), "") | AD37: =IF(INT(S37/20)>INT(S36/20), "Lần " & INT(S37/20), "") | AE37: =IF(INT(T37/20)>INT(T36/20), "Lần " & INT(T37/20), "") | AF37: =IF(INT(U37/20)>INT(U36/20), "Lần " & INT(U37/20), "") | AG37: =IF(INT(V37/20)>INT(V36/20), "Lần " & INT(V37/20), "") | AH37: =IF(INT(W37/20)>INT(W36/20), "Lần " & INT(W37/20), "") | ... AK37: =IF(INT(Z37/20)>INT(Z36/20), "Lần " & INT(Z37/20), "") | AL37: ĐẠT TCVN 1651:2018
A38: 32 | B38: Cọc khoan nhồi C3 Mố M1 (D1.2m, L=20.0m) | C38: Thép đai xoắn lồng cọc | D38: P1D | E38: 10 | F38: CB240-T | G38: Đai xoắn tròn | H38: 19.721 | I38: 1 | J38: 0.617 | K38: =ROUND(H38*I38*J38, 2) | L38: =ROUND(K38/1000, 3) | O38: =IF(AND(E38<=10, F38<>"ASTM A416", INT(P38/20)>INT(P37/20)), "TN Ø10 (Lần " & INT(P38/20) & ")", IF(AND(E38=12, INT(Q38/20)>INT(Q37/20)), "TN Ø12 (Lần " & INT(Q38/20) & ")", IF(AND(E38=14, INT(R38/20)>INT(R37/20)), "TN Ø14 (Lần " & INT(R38/20) & ")", IF(AND(E38=16, INT(S38/20)>INT(S37/20)), "TN Ø16 (Lần " & INT(S38/20) & ")", IF(AND(E38=18, INT(T38/20)>INT(T37/20)), "TN Ø18 (Lần " & INT(T38/20) & ")", IF(AND(E38=20, INT(U38/20)>INT(U37/20)), "TN Ø20 (Lần " & INT(U38/20) & ")", IF(AND(E38=22, INT(V38/20)>INT(V37/20)), "TN Ø22 (Lần " & INT(V38/20) & ")", IF(AND(E38=25, INT(W38/20)>INT(W37/20)), "TN Ø25 (Lần " & INT(W38/20) & ")", IF(AND(E38=28, INT(X38/20)>INT(X37/20)), "TN Ø28 (Lần " & INT(X38/20) & ")", IF(AND(E38=32, INT(Y38/20)>INT(Y37/20)), "TN Ø32 (Lần " & INT(Y38/20) & ")", IF(AND(F38="ASTM A416", INT(Z38/20)>INT(Z37/20)), "TN Cáp 15.2 (Lần " & INT(Z38/20) & ")", ""))))))))))) | P38: =ROUND(P37 + IF(AND(E38<=10, F38<>"ASTM A416"), L38, 0), 3) | Q38: =ROUND(Q37 + IF(AND(E38=12, F38<>"ASTM A416"), L38, 0), 3) | R38: =ROUND(R37 + IF(AND(E38=14, F38<>"ASTM A416"), L38, 0), 3) | S38: =ROUND(S37 + IF(AND(E38=16, F38<>"ASTM A416"), L38, 0), 3) | T38: =ROUND(T37 + IF(AND(E38=18, F38<>"ASTM A416"), L38, 0), 3) | U38: =ROUND(U37 + IF(AND(E38=20, F38<>"ASTM A416"), L38, 0), 3) | V38: =ROUND(V37 + IF(AND(E38=22, F38<>"ASTM A416"), L38, 0), 3) | W38: =ROUND(W37 + IF(AND(E38=25, F38<>"ASTM A416"), L38, 0), 3) | X38: =ROUND(X37 + IF(AND(E38=28, F38<>"ASTM A416"), L38, 0), 3) | Y38: =ROUND(Y37 + IF(AND(E38=32, F38<>"ASTM A416"), L38, 0), 3) | Z38: =ROUND(Z37 + IF(F38="ASTM A416", L38, 0), 3) | AA38: =IF(INT(P38/20)>INT(P37/20), "Lần " & INT(P38/20), "") | AB38: =IF(INT(Q38/20)>INT(Q37/20), "Lần " & INT(Q38/20), "") | AC38: =IF(INT(R38/20)>INT(R37/20), "Lần " & INT(R38/20), "") | AD38: =IF(INT(S38/20)>INT(S37/20), "Lần " & INT(S38/20), "") | AE38: =IF(INT(T38/20)>INT(T37/20), "Lần " & INT(T38/20), "") | AF38: =IF(INT(U38/20)>INT(U37/20), "Lần " & INT(U38/20), "") | AG38: =IF(INT(V38/20)>INT(V37/20), "Lần " & INT(V38/20), "") | AH38: =IF(INT(W38/20)>INT(W37/20), "Lần " & INT(W38/20), "") | ... AK38: =IF(INT(Z38/20)>INT(Z37/20), "Lần " & INT(Z38/20), "") | AL38: ĐẠT TCVN 1651:2018
A39: 33 | B39: Cọc khoan nhồi C3 Mố M1 (D1.2m, L=20.0m) | C39: Cốt thép chủ chịu lực cọc | D39: P2B | E39: 25 | F39: CB400-V | G39: Thanh thẳng nối ren/hàn | H39: 2.985 | I39: 8 | J39: 3.85 | K39: =ROUND(H39*I39*J39, 2) | L39: =ROUND(K39/1000, 3) | O39: =IF(AND(E39<=10, F39<>"ASTM A416", INT(P39/20)>INT(P38/20)), "TN Ø10 (Lần " & INT(P39/20) & ")", IF(AND(E39=12, INT(Q39/20)>INT(Q38/20)), "TN Ø12 (Lần " & INT(Q39/20) & ")", IF(AND(E39=14, INT(R39/20)>INT(R38/20)), "TN Ø14 (Lần " & INT(R39/20) & ")", IF(AND(E39=16, INT(S39/20)>INT(S38/20)), "TN Ø16 (Lần " & INT(S39/20) & ")", IF(AND(E39=18, INT(T39/20)>INT(T38/20)), "TN Ø18 (Lần " & INT(T39/20) & ")", IF(AND(E39=20, INT(U39/20)>INT(U38/20)), "TN Ø20 (Lần " & INT(U39/20) & ")", IF(AND(E39=22, INT(V39/20)>INT(V38/20)), "TN Ø22 (Lần " & INT(V39/20) & ")", IF(AND(E39=25, INT(W39/20)>INT(W38/20)), "TN Ø25 (Lần " & INT(W39/20) & ")", IF(AND(E39=28, INT(X39/20)>INT(X38/20)), "TN Ø28 (Lần " & INT(X39/20) & ")", IF(AND(E39=32, INT(Y39/20)>INT(Y38/20)), "TN Ø32 (Lần " & INT(Y39/20) & ")", IF(AND(F39="ASTM A416", INT(Z39/20)>INT(Z38/20)), "TN Cáp 15.2 (Lần " & INT(Z39/20) & ")", ""))))))))))) | P39: =ROUND(P38 + IF(AND(E39<=10, F39<>"ASTM A416"), L39, 0), 3) | Q39: =ROUND(Q38 + IF(AND(E39=12, F39<>"ASTM A416"), L39, 0), 3) | R39: =ROUND(R38 + IF(AND(E39=14, F39<>"ASTM A416"), L39, 0), 3) | S39: =ROUND(S38 + IF(AND(E39=16, F39<>"ASTM A416"), L39, 0), 3) | T39: =ROUND(T38 + IF(AND(E39=18, F39<>"ASTM A416"), L39, 0), 3) | U39: =ROUND(U38 + IF(AND(E39=20, F39<>"ASTM A416"), L39, 0), 3) | V39: =ROUND(V38 + IF(AND(E39=22, F39<>"ASTM A416"), L39, 0), 3) | W39: =ROUND(W38 + IF(AND(E39=25, F39<>"ASTM A416"), L39, 0), 3) | X39: =ROUND(X38 + IF(AND(E39=28, F39<>"ASTM A416"), L39, 0), 3) | Y39: =ROUND(Y38 + IF(AND(E39=32, F39<>"ASTM A416"), L39, 0), 3) | Z39: =ROUND(Z38 + IF(F39="ASTM A416", L39, 0), 3) | AA39: =IF(INT(P39/20)>INT(P38/20), "Lần " & INT(P39/20), "") | AB39: =IF(INT(Q39/20)>INT(Q38/20), "Lần " & INT(Q39/20), "") | AC39: =IF(INT(R39/20)>INT(R38/20), "Lần " & INT(R39/20), "") | AD39: =IF(INT(S39/20)>INT(S38/20), "Lần " & INT(S39/20), "") | AE39: =IF(INT(T39/20)>INT(T38/20), "Lần " & INT(T39/20), "") | AF39: =IF(INT(U39/20)>INT(U38/20), "Lần " & INT(U39/20), "") | AG39: =IF(INT(V39/20)>INT(V38/20), "Lần " & INT(V39/20), "") | AH39: =IF(INT(W39/20)>INT(W38/20), "Lần " & INT(W39/20), "") | ... AK39: =IF(INT(Z39/20)>INT(Z38/20), "Lần " & INT(Z39/20), "") | AL39: ĐẠT TCVN 1651:2018
A40: 34 | B40: Cọc khoan nhồi C3 Mố M1 (D1.2m, L=20.0m) | C40: Cốt thép chủ chịu lực cọc | D40: P3 | E40: 25 | F40: CB400-V | G40: Thanh thẳng nối ren/hàn | H40: 10.7 | I40: 12 | J40: 3.85 | K40: =ROUND(H40*I40*J40, 2) | L40: =ROUND(K40/1000, 3) | O40: =IF(AND(E40<=10, F40<>"ASTM A416", INT(P40/20)>INT(P39/20)), "TN Ø10 (Lần " & INT(P40/20) & ")", IF(AND(E40=12, INT(Q40/20)>INT(Q39/20)), "TN Ø12 (Lần " & INT(Q40/20) & ")", IF(AND(E40=14, INT(R40/20)>INT(R39/20)), "TN Ø14 (Lần " & INT(R40/20) & ")", IF(AND(E40=16, INT(S40/20)>INT(S39/20)), "TN Ø16 (Lần " & INT(S40/20) & ")", IF(AND(E40=18, INT(T40/20)>INT(T39/20)), "TN Ø18 (Lần " & INT(T40/20) & ")", IF(AND(E40=20, INT(U40/20)>INT(U39/20)), "TN Ø20 (Lần " & INT(U40/20) & ")", IF(AND(E40=22, INT(V40/20)>INT(V39/20)), "TN Ø22 (Lần " & INT(V40/20) & ")", IF(AND(E40=25, INT(W40/20)>INT(W39/20)), "TN Ø25 (Lần " & INT(W40/20) & ")", IF(AND(E40=28, INT(X40/20)>INT(X39/20)), "TN Ø28 (Lần " & INT(X40/20) & ")", IF(AND(E40=32, INT(Y40/20)>INT(Y39/20)), "TN Ø32 (Lần " & INT(Y40/20) & ")", IF(AND(F40="ASTM A416", INT(Z40/20)>INT(Z39/20)), "TN Cáp 15.2 (Lần " & INT(Z40/20) & ")", ""))))))))))) | P40: =ROUND(P39 + IF(AND(E40<=10, F40<>"ASTM A416"), L40, 0), 3) | Q40: =ROUND(Q39 + IF(AND(E40=12, F40<>"ASTM A416"), L40, 0), 3) | R40: =ROUND(R39 + IF(AND(E40=14, F40<>"ASTM A416"), L40, 0), 3) | S40: =ROUND(S39 + IF(AND(E40=16, F40<>"ASTM A416"), L40, 0), 3) | T40: =ROUND(T39 + IF(AND(E40=18, F40<>"ASTM A416"), L40, 0), 3) | U40: =ROUND(U39 + IF(AND(E40=20, F40<>"ASTM A416"), L40, 0), 3) | V40: =ROUND(V39 + IF(AND(E40=22, F40<>"ASTM A416"), L40, 0), 3) | W40: =ROUND(W39 + IF(AND(E40=25, F40<>"ASTM A416"), L40, 0), 3) | X40: =ROUND(X39 + IF(AND(E40=28, F40<>"ASTM A416"), L40, 0), 3) | Y40: =ROUND(Y39 + IF(AND(E40=32, F40<>"ASTM A416"), L40, 0), 3) | Z40: =ROUND(Z39 + IF(F40="ASTM A416", L40, 0), 3) | AA40: =IF(INT(P40/20)>INT(P39/20), "Lần " & INT(P40/20), "") | AB40: =IF(INT(Q40/20)>INT(Q39/20), "Lần " & INT(Q40/20), "") | AC40: =IF(INT(R40/20)>INT(R39/20), "Lần " & INT(R40/20), "") | AD40: =IF(INT(S40/20)>INT(S39/20), "Lần " & INT(S40/20), "") | AE40: =IF(INT(T40/20)>INT(T39/20), "Lần " & INT(T40/20), "") | AF40: =IF(INT(U40/20)>INT(U39/20), "Lần " & INT(U40/20), "") | AG40: =IF(INT(V40/20)>INT(V39/20), "Lần " & INT(V40/20), "") | AH40: =IF(INT(W40/20)>INT(W39/20), "Lần " & INT(W40/20), "") | ... AK40: =IF(INT(Z40/20)>INT(Z39/20), "Lần " & INT(Z40/20), "") | AL40: ĐẠT TCVN 1651:2018
A41: 35 | B41: Cọc khoan nhồi C3 Mố M1 (D1.2m, L=20.0m) | C41: Cốt thép chủ chịu lực cọc | D41: P4 | E41: 25 | F41: CB400-V | G41: Thanh thẳng nối ren/hàn | H41: 11.7 | I41: 12 | J41: 3.85 | K41: =ROUND(H41*I41*J41, 2) | L41: =ROUND(K41/1000, 3) | O41: =IF(AND(E41<=10, F41<>"ASTM A416", INT(P41/20)>INT(P40/20)), "TN Ø10 (Lần " & INT(P41/20) & ")", IF(AND(E41=12, INT(Q41/20)>INT(Q40/20)), "TN Ø12 (Lần " & INT(Q41/20) & ")", IF(AND(E41=14, INT(R41/20)>INT(R40/20)), "TN Ø14 (Lần " & INT(R41/20) & ")", IF(AND(E41=16, INT(S41/20)>INT(S40/20)), "TN Ø16 (Lần " & INT(S41/20) & ")", IF(AND(E41=18, INT(T41/20)>INT(T40/20)), "TN Ø18 (Lần " & INT(T41/20) & ")", IF(AND(E41=20, INT(U41/20)>INT(U40/20)), "TN Ø20 (Lần " & INT(U41/20) & ")", IF(AND(E41=22, INT(V41/20)>INT(V40/20)), "TN Ø22 (Lần " & INT(V41/20) & ")", IF(AND(E41=25, INT(W41/20)>INT(W40/20)), "TN Ø25 (Lần " & INT(W41/20) & ")", IF(AND(E41=28, INT(X41/20)>INT(X40/20)), "TN Ø28 (Lần " & INT(X41/20) & ")", IF(AND(E41=32, INT(Y41/20)>INT(Y40/20)), "TN Ø32 (Lần " & INT(Y41/20) & ")", IF(AND(F41="ASTM A416", INT(Z41/20)>INT(Z40/20)), "TN Cáp 15.2 (Lần " & INT(Z41/20) & ")", ""))))))))))) | P41: =ROUND(P40 + IF(AND(E41<=10, F41<>"ASTM A416"), L41, 0), 3) | Q41: =ROUND(Q40 + IF(AND(E41=12, F41<>"ASTM A416"), L41, 0), 3) | R41: =ROUND(R40 + IF(AND(E41=14, F41<>"ASTM A416"), L41, 0), 3) | S41: =ROUND(S40 + IF(AND(E41=16, F41<>"ASTM A416"), L41, 0), 3) | T41: =ROUND(T40 + IF(AND(E41=18, F41<>"ASTM A416"), L41, 0), 3) | U41: =ROUND(U40 + IF(AND(E41=20, F41<>"ASTM A416"), L41, 0), 3) | V41: =ROUND(V40 + IF(AND(E41=22, F41<>"ASTM A416"), L41, 0), 3) | W41: =ROUND(W40 + IF(AND(E41=25, F41<>"ASTM A416"), L41, 0), 3) | X41: =ROUND(X40 + IF(AND(E41=28, F41<>"ASTM A416"), L41, 0), 3) | Y41: =ROUND(Y40 + IF(AND(E41=32, F41<>"ASTM A416"), L41, 0), 3) | Z41: =ROUND(Z40 + IF(F41="ASTM A416", L41, 0), 3) | AA41: =IF(INT(P41/20)>INT(P40/20), "Lần " & INT(P41/20), "") | AB41: =IF(INT(Q41/20)>INT(Q40/20), "Lần " & INT(Q41/20), "") | AC41: =IF(INT(R41/20)>INT(R40/20), "Lần " & INT(R41/20), "") | AD41: =IF(INT(S41/20)>INT(S40/20), "Lần " & INT(S41/20), "") | AE41: =IF(INT(T41/20)>INT(T40/20), "Lần " & INT(T41/20), "") | AF41: =IF(INT(U41/20)>INT(U40/20), "Lần " & INT(U41/20), "") | AG41: =IF(INT(V41/20)>INT(V40/20), "Lần " & INT(V41/20), "") | AH41: =IF(INT(W41/20)>INT(W40/20), "Lần " & INT(W41/20), "") | ... AK41: =IF(INT(Z41/20)>INT(Z40/20), "Lần " & INT(Z41/20), "") | AL41: ĐẠT TCVN 1651:2018
A42: 36 | B42: Cọc khoan nhồi C3 Mố M1 (D1.2m, L=20.0m) | C42: Cốt thép chủ chịu lực cọc | D42: P6 | E42: 25 | F42: CB400-V | G42: Thanh thẳng nối ren/hàn | H42: 10.433 | I42: 12 | J42: 3.85 | K42: =ROUND(H42*I42*J42, 2) | L42: =ROUND(K42/1000, 3) | O42: =IF(AND(E42<=10, F42<>"ASTM A416", INT(P42/20)>INT(P41/20)), "TN Ø10 (Lần " & INT(P42/20) & ")", IF(AND(E42=12, INT(Q42/20)>INT(Q41/20)), "TN Ø12 (Lần " & INT(Q42/20) & ")", IF(AND(E42=14, INT(R42/20)>INT(R41/20)), "TN Ø14 (Lần " & INT(R42/20) & ")", IF(AND(E42=16, INT(S42/20)>INT(S41/20)), "TN Ø16 (Lần " & INT(S42/20) & ")", IF(AND(E42=18, INT(T42/20)>INT(T41/20)), "TN Ø18 (Lần " & INT(T42/20) & ")", IF(AND(E42=20, INT(U42/20)>INT(U41/20)), "TN Ø20 (Lần " & INT(U42/20) & ")", IF(AND(E42=22, INT(V42/20)>INT(V41/20)), "TN Ø22 (Lần " & INT(V42/20) & ")", IF(AND(E42=25, INT(W42/20)>INT(W41/20)), "TN Ø25 (Lần " & INT(W42/20) & ")", IF(AND(E42=28, INT(X42/20)>INT(X41/20)), "TN Ø28 (Lần " & INT(X42/20) & ")", IF(AND(E42=32, INT(Y42/20)>INT(Y41/20)), "TN Ø32 (Lần " & INT(Y42/20) & ")", IF(AND(F42="ASTM A416", INT(Z42/20)>INT(Z41/20)), "TN Cáp 15.2 (Lần " & INT(Z42/20) & ")", ""))))))))))) | P42: =ROUND(P41 + IF(AND(E42<=10, F42<>"ASTM A416"), L42, 0), 3) | Q42: =ROUND(Q41 + IF(AND(E42=12, F42<>"ASTM A416"), L42, 0), 3) | R42: =ROUND(R41 + IF(AND(E42=14, F42<>"ASTM A416"), L42, 0), 3) | S42: =ROUND(S41 + IF(AND(E42=16, F42<>"ASTM A416"), L42, 0), 3) | T42: =ROUND(T41 + IF(AND(E42=18, F42<>"ASTM A416"), L42, 0), 3) | U42: =ROUND(U41 + IF(AND(E42=20, F42<>"ASTM A416"), L42, 0), 3) | V42: =ROUND(V41 + IF(AND(E42=22, F42<>"ASTM A416"), L42, 0), 3) | W42: =ROUND(W41 + IF(AND(E42=25, F42<>"ASTM A416"), L42, 0), 3) | X42: =ROUND(X41 + IF(AND(E42=28, F42<>"ASTM A416"), L42, 0), 3) | Y42: =ROUND(Y41 + IF(AND(E42=32, F42<>"ASTM A416"), L42, 0), 3) | Z42: =ROUND(Z41 + IF(F42="ASTM A416", L42, 0), 3) | AA42: =IF(INT(P42/20)>INT(P41/20), "Lần " & INT(P42/20), "") | AB42: =IF(INT(Q42/20)>INT(Q41/20), "Lần " & INT(Q42/20), "") | AC42: =IF(INT(R42/20)>INT(R41/20), "Lần " & INT(R42/20), "") | AD42: =IF(INT(S42/20)>INT(S41/20), "Lần " & INT(S42/20), "") | AE42: =IF(INT(T42/20)>INT(T41/20), "Lần " & INT(T42/20), "") | AF42: =IF(INT(U42/20)>INT(U41/20), "Lần " & INT(U42/20), "") | AG42: =IF(INT(V42/20)>INT(V41/20), "Lần " & INT(V42/20), "") | AH42: =IF(INT(W42/20)>INT(W41/20), "Lần " & INT(W42/20), "") | ... AK42: =IF(INT(Z42/20)>INT(Z41/20), "Lần " & INT(Z42/20), "") | AL42: ĐẠT TCVN 1651:2018
A43: 37 | B43: Cọc khoan nhồi C3 Mố M1 (D1.2m, L=20.0m) | C43: Cốt thép chủ chịu lực cọc | D43: P7 | E43: 25 | F43: CB400-V | G43: Thanh thẳng nối ren/hàn | H43: 11.433 | I43: 12 | J43: 3.85 | K43: =ROUND(H43*I43*J43, 2) | L43: =ROUND(K43/1000, 3) | O43: =IF(AND(E43<=10, F43<>"ASTM A416", INT(P43/20)>INT(P42/20)), "TN Ø10 (Lần " & INT(P43/20) & ")", IF(AND(E43=12, INT(Q43/20)>INT(Q42/20)), "TN Ø12 (Lần " & INT(Q43/20) & ")", IF(AND(E43=14, INT(R43/20)>INT(R42/20)), "TN Ø14 (Lần " & INT(R43/20) & ")", IF(AND(E43=16, INT(S43/20)>INT(S42/20)), "TN Ø16 (Lần " & INT(S43/20) & ")", IF(AND(E43=18, INT(T43/20)>INT(T42/20)), "TN Ø18 (Lần " & INT(T43/20) & ")", IF(AND(E43=20, INT(U43/20)>INT(U42/20)), "TN Ø20 (Lần " & INT(U43/20) & ")", IF(AND(E43=22, INT(V43/20)>INT(V42/20)), "TN Ø22 (Lần " & INT(V43/20) & ")", IF(AND(E43=25, INT(W43/20)>INT(W42/20)), "TN Ø25 (Lần " & INT(W43/20) & ")", IF(AND(E43=28, INT(X43/20)>INT(X42/20)), "TN Ø28 (Lần " & INT(X43/20) & ")", IF(AND(E43=32, INT(Y43/20)>INT(Y42/20)), "TN Ø32 (Lần " & INT(Y43/20) & ")", IF(AND(F43="ASTM A416", INT(Z43/20)>INT(Z42/20)), "TN Cáp 15.2 (Lần " & INT(Z43/20) & ")", ""))))))))))) | P43: =ROUND(P42 + IF(AND(E43<=10, F43<>"ASTM A416"), L43, 0), 3) | Q43: =ROUND(Q42 + IF(AND(E43=12, F43<>"ASTM A416"), L43, 0), 3) | R43: =ROUND(R42 + IF(AND(E43=14, F43<>"ASTM A416"), L43, 0), 3) | S43: =ROUND(S42 + IF(AND(E43=16, F43<>"ASTM A416"), L43, 0), 3) | T43: =ROUND(T42 + IF(AND(E43=18, F43<>"ASTM A416"), L43, 0), 3) | U43: =ROUND(U42 + IF(AND(E43=20, F43<>"ASTM A416"), L43, 0), 3) | V43: =ROUND(V42 + IF(AND(E43=22, F43<>"ASTM A416"), L43, 0), 3) | W43: =ROUND(W42 + IF(AND(E43=25, F43<>"ASTM A416"), L43, 0), 3) | X43: =ROUND(X42 + IF(AND(E43=28, F43<>"ASTM A416"), L43, 0), 3) | Y43: =ROUND(Y42 + IF(AND(E43=32, F43<>"ASTM A416"), L43, 0), 3) | Z43: =ROUND(Z42 + IF(F43="ASTM A416", L43, 0), 3) | AA43: =IF(INT(P43/20)>INT(P42/20), "Lần " & INT(P43/20), "") | AB43: =IF(INT(Q43/20)>INT(Q42/20), "Lần " & INT(Q43/20), "") | AC43: =IF(INT(R43/20)>INT(R42/20), "Lần " & INT(R43/20), "") | AD43: =IF(INT(S43/20)>INT(S42/20), "Lần " & INT(S43/20), "") | AE43: =IF(INT(T43/20)>INT(T42/20), "Lần " & INT(T43/20), "") | AF43: =IF(INT(U43/20)>INT(U42/20), "Lần " & INT(U43/20), "") | AG43: =IF(INT(V43/20)>INT(V42/20), "Lần " & INT(V43/20), "") | AH43: =IF(INT(W43/20)>INT(W42/20), "Lần " & INT(W43/20), "") | ... AK43: =IF(INT(Z43/20)>INT(Z42/20), "Lần " & INT(Z43/20), "") | AL43: ĐẠT TCVN 1651:2018
A44: 38 | B44: Cọc khoan nhồi C3 Mố M1 (D1.2m, L=20.0m) | C44: Đai tăng cường / Con kê bảo vệ | D44: P8 | E44: 12 | F44: CB400-V | G44: Móc neo / Vòng đai | H44: 0.647 | I44: 8 | J44: 0.888 | K44: =ROUND(H44*I44*J44, 2) | L44: =ROUND(K44/1000, 3) | O44: =IF(AND(E44<=10, F44<>"ASTM A416", INT(P44/20)>INT(P43/20)), "TN Ø10 (Lần " & INT(P44/20) & ")", IF(AND(E44=12, INT(Q44/20)>INT(Q43/20)), "TN Ø12 (Lần " & INT(Q44/20) & ")", IF(AND(E44=14, INT(R44/20)>INT(R43/20)), "TN Ø14 (Lần " & INT(R44/20) & ")", IF(AND(E44=16, INT(S44/20)>INT(S43/20)), "TN Ø16 (Lần " & INT(S44/20) & ")", IF(AND(E44=18, INT(T44/20)>INT(T43/20)), "TN Ø18 (Lần " & INT(T44/20) & ")", IF(AND(E44=20, INT(U44/20)>INT(U43/20)), "TN Ø20 (Lần " & INT(U44/20) & ")", IF(AND(E44=22, INT(V44/20)>INT(V43/20)), "TN Ø22 (Lần " & INT(V44/20) & ")", IF(AND(E44=25, INT(W44/20)>INT(W43/20)), "TN Ø25 (Lần " & INT(W44/20) & ")", IF(AND(E44=28, INT(X44/20)>INT(X43/20)), "TN Ø28 (Lần " & INT(X44/20) & ")", IF(AND(E44=32, INT(Y44/20)>INT(Y43/20)), "TN Ø32 (Lần " & INT(Y44/20) & ")", IF(AND(F44="ASTM A416", INT(Z44/20)>INT(Z43/20)), "TN Cáp 15.2 (Lần " & INT(Z44/20) & ")", ""))))))))))) | P44: =ROUND(P43 + IF(AND(E44<=10, F44<>"ASTM A416"), L44, 0), 3) | Q44: =ROUND(Q43 + IF(AND(E44=12, F44<>"ASTM A416"), L44, 0), 3) | R44: =ROUND(R43 + IF(AND(E44=14, F44<>"ASTM A416"), L44, 0), 3) | S44: =ROUND(S43 + IF(AND(E44=16, F44<>"ASTM A416"), L44, 0), 3) | T44: =ROUND(T43 + IF(AND(E44=18, F44<>"ASTM A416"), L44, 0), 3) | U44: =ROUND(U43 + IF(AND(E44=20, F44<>"ASTM A416"), L44, 0), 3) | V44: =ROUND(V43 + IF(AND(E44=22, F44<>"ASTM A416"), L44, 0), 3) | W44: =ROUND(W43 + IF(AND(E44=25, F44<>"ASTM A416"), L44, 0), 3) | X44: =ROUND(X43 + IF(AND(E44=28, F44<>"ASTM A416"), L44, 0), 3) | Y44: =ROUND(Y43 + IF(AND(E44=32, F44<>"ASTM A416"), L44, 0), 3) | Z44: =ROUND(Z43 + IF(F44="ASTM A416", L44, 0), 3) | AA44: =IF(INT(P44/20)>INT(P43/20), "Lần " & INT(P44/20), "") | AB44: =IF(INT(Q44/20)>INT(Q43/20), "Lần " & INT(Q44/20), "") | AC44: =IF(INT(R44/20)>INT(R43/20), "Lần " & INT(R44/20), "") | AD44: =IF(INT(S44/20)>INT(S43/20), "Lần " & INT(S44/20), "") | AE44: =IF(INT(T44/20)>INT(T43/20), "Lần " & INT(T44/20), "") | AF44: =IF(INT(U44/20)>INT(U43/20), "Lần " & INT(U44/20), "") | AG44: =IF(INT(V44/20)>INT(V43/20), "Lần " & INT(V44/20), "") | AH44: =IF(INT(W44/20)>INT(W43/20), "Lần " & INT(W44/20), "") | ... AK44: =IF(INT(Z44/20)>INT(Z43/20), "Lần " & INT(Z44/20), "") | AL44: ĐẠT TCVN 1651:2018
A45: 39 | B45: Cọc khoan nhồi C3 Mố M1 (D1.2m, L=20.0m) | C45: Đai tăng cường / Con kê bảo vệ | D45: P9 | E45: 12 | F45: CB400-V | G45: Móc neo / Vòng đai | H45: 0.379 | I45: 24 | J45: 0.888 | K45: =ROUND(H45*I45*J45, 2) | L45: =ROUND(K45/1000, 3) | O45: =IF(AND(E45<=10, F45<>"ASTM A416", INT(P45/20)>INT(P44/20)), "TN Ø10 (Lần " & INT(P45/20) & ")", IF(AND(E45=12, INT(Q45/20)>INT(Q44/20)), "TN Ø12 (Lần " & INT(Q45/20) & ")", IF(AND(E45=14, INT(R45/20)>INT(R44/20)), "TN Ø14 (Lần " & INT(R45/20) & ")", IF(AND(E45=16, INT(S45/20)>INT(S44/20)), "TN Ø16 (Lần " & INT(S45/20) & ")", IF(AND(E45=18, INT(T45/20)>INT(T44/20)), "TN Ø18 (Lần " & INT(T45/20) & ")", IF(AND(E45=20, INT(U45/20)>INT(U44/20)), "TN Ø20 (Lần " & INT(U45/20) & ")", IF(AND(E45=22, INT(V45/20)>INT(V44/20)), "TN Ø22 (Lần " & INT(V45/20) & ")", IF(AND(E45=25, INT(W45/20)>INT(W44/20)), "TN Ø25 (Lần " & INT(W45/20) & ")", IF(AND(E45=28, INT(X45/20)>INT(X44/20)), "TN Ø28 (Lần " & INT(X45/20) & ")", IF(AND(E45=32, INT(Y45/20)>INT(Y44/20)), "TN Ø32 (Lần " & INT(Y45/20) & ")", IF(AND(F45="ASTM A416", INT(Z45/20)>INT(Z44/20)), "TN Cáp 15.2 (Lần " & INT(Z45/20) & ")", ""))))))))))) | P45: =ROUND(P44 + IF(AND(E45<=10, F45<>"ASTM A416"), L45, 0), 3) | Q45: =ROUND(Q44 + IF(AND(E45=12, F45<>"ASTM A416"), L45, 0), 3) | R45: =ROUND(R44 + IF(AND(E45=14, F45<>"ASTM A416"), L45, 0), 3) | S45: =ROUND(S44 + IF(AND(E45=16, F45<>"ASTM A416"), L45, 0), 3) | T45: =ROUND(T44 + IF(AND(E45=18, F45<>"ASTM A416"), L45, 0), 3) | U45: =ROUND(U44 + IF(AND(E45=20, F45<>"ASTM A416"), L45, 0), 3) | V45: =ROUND(V44 + IF(AND(E45=22, F45<>"ASTM A416"), L45, 0), 3) | W45: =ROUND(W44 + IF(AND(E45=25, F45<>"ASTM A416"), L45, 0), 3) | X45: =ROUND(X44 + IF(AND(E45=28, F45<>"ASTM A416"), L45, 0), 3) | Y45: =ROUND(Y44 + IF(AND(E45=32, F45<>"ASTM A416"), L45, 0), 3) | Z45: =ROUND(Z44 + IF(F45="ASTM A416", L45, 0), 3) | AA45: =IF(INT(P45/20)>INT(P44/20), "Lần " & INT(P45/20), "") | AB45: =IF(INT(Q45/20)>INT(Q44/20), "Lần " & INT(Q45/20), "") | AC45: =IF(INT(R45/20)>INT(R44/20), "Lần " & INT(R45/20), "") | AD45: =IF(INT(S45/20)>INT(S44/20), "Lần " & INT(S45/20), "") | AE45: =IF(INT(T45/20)>INT(T44/20), "Lần " & INT(T45/20), "") | AF45: =IF(INT(U45/20)>INT(U44/20), "Lần " & INT(U45/20), "") | AG45: =IF(INT(V45/20)>INT(V44/20), "Lần " & INT(V45/20), "") | AH45: =IF(INT(W45/20)>INT(W44/20), "Lần " & INT(W45/20), "") | ... AK45: =IF(INT(Z45/20)>INT(Z44/20), "Lần " & INT(Z45/20), "") | AL45: ĐẠT TCVN 1651:2018
A46: 40 | B46: Cọc khoan nhồi C3 Mố M1 (D1.2m, L=20.0m) | C46: Thép đai xoắn lồng cọc | D46: P10 | E46: 20 | F46: CB400-V | G46: Đai xoắn tròn | H46: 2.057 | I46: 1 | J46: 2.47 | K46: =ROUND(H46*I46*J46, 2) | L46: =ROUND(K46/1000, 3) | O46: =IF(AND(E46<=10, F46<>"ASTM A416", INT(P46/20)>INT(P45/20)), "TN Ø10 (Lần " & INT(P46/20) & ")", IF(AND(E46=12, INT(Q46/20)>INT(Q45/20)), "TN Ø12 (Lần " & INT(Q46/20) & ")", IF(AND(E46=14, INT(R46/20)>INT(R45/20)), "TN Ø14 (Lần " & INT(R46/20) & ")", IF(AND(E46=16, INT(S46/20)>INT(S45/20)), "TN Ø16 (Lần " & INT(S46/20) & ")", IF(AND(E46=18, INT(T46/20)>INT(T45/20)), "TN Ø18 (Lần " & INT(T46/20) & ")", IF(AND(E46=20, INT(U46/20)>INT(U45/20)), "TN Ø20 (Lần " & INT(U46/20) & ")", IF(AND(E46=22, INT(V46/20)>INT(V45/20)), "TN Ø22 (Lần " & INT(V46/20) & ")", IF(AND(E46=25, INT(W46/20)>INT(W45/20)), "TN Ø25 (Lần " & INT(W46/20) & ")", IF(AND(E46=28, INT(X46/20)>INT(X45/20)), "TN Ø28 (Lần " & INT(X46/20) & ")", IF(AND(E46=32, INT(Y46/20)>INT(Y45/20)), "TN Ø32 (Lần " & INT(Y46/20) & ")", IF(AND(F46="ASTM A416", INT(Z46/20)>INT(Z45/20)), "TN Cáp 15.2 (Lần " & INT(Z46/20) & ")", ""))))))))))) | P46: =ROUND(P45 + IF(AND(E46<=10, F46<>"ASTM A416"), L46, 0), 3) | Q46: =ROUND(Q45 + IF(AND(E46=12, F46<>"ASTM A416"), L46, 0), 3) | R46: =ROUND(R45 + IF(AND(E46=14, F46<>"ASTM A416"), L46, 0), 3) | S46: =ROUND(S45 + IF(AND(E46=16, F46<>"ASTM A416"), L46, 0), 3) | T46: =ROUND(T45 + IF(AND(E46=18, F46<>"ASTM A416"), L46, 0), 3) | U46: =ROUND(U45 + IF(AND(E46=20, F46<>"ASTM A416"), L46, 0), 3) | V46: =ROUND(V45 + IF(AND(E46=22, F46<>"ASTM A416"), L46, 0), 3) | W46: =ROUND(W45 + IF(AND(E46=25, F46<>"ASTM A416"), L46, 0), 3) | X46: =ROUND(X45 + IF(AND(E46=28, F46<>"ASTM A416"), L46, 0), 3) | Y46: =ROUND(Y45 + IF(AND(E46=32, F46<>"ASTM A416"), L46, 0), 3) | Z46: =ROUND(Z45 + IF(F46="ASTM A416", L46, 0), 3) | AA46: =IF(INT(P46/20)>INT(P45/20), "Lần " & INT(P46/20), "") | AB46: =IF(INT(Q46/20)>INT(Q45/20), "Lần " & INT(Q46/20), "") | AC46: =IF(INT(R46/20)>INT(R45/20), "Lần " & INT(R46/20), "") | AD46: =IF(INT(S46/20)>INT(S45/20), "Lần " & INT(S46/20), "") | AE46: =IF(INT(T46/20)>INT(T45/20), "Lần " & INT(T46/20), "") | AF46: =IF(INT(U46/20)>INT(U45/20), "Lần " & INT(U46/20), "") | AG46: =IF(INT(V46/20)>INT(V45/20), "Lần " & INT(V46/20), "") | AH46: =IF(INT(W46/20)>INT(W45/20), "Lần " & INT(W46/20), "") | ... AK46: =IF(INT(Z46/20)>INT(Z45/20), "Lần " & INT(Z46/20), "") | AL46: ĐẠT TCVN 1651:2018
A47: 41 | B47: Cọc khoan nhồi C3 Mố M1 (D1.2m, L=20.0m) | C47: Thanh thép treo lồng cọc | D47: P11 | E47: 16 | F47: CB400-V | G47: Thanh treo lồng (bảng phụ tr.64) | H47: 2.604 | I47: 4 | J47: 1.58 | K47: =ROUND(H47*I47*J47, 2) | L47: =ROUND(K47/1000, 3) | O47: =IF(AND(E47<=10, F47<>"ASTM A416", INT(P47/20)>INT(P46/20)), "TN Ø10 (Lần " & INT(P47/20) & ")", IF(AND(E47=12, INT(Q47/20)>INT(Q46/20)), "TN Ø12 (Lần " & INT(Q47/20) & ")", IF(AND(E47=14, INT(R47/20)>INT(R46/20)), "TN Ø14 (Lần " & INT(R47/20) & ")", IF(AND(E47=16, INT(S47/20)>INT(S46/20)), "TN Ø16 (Lần " & INT(S47/20) & ")", IF(AND(E47=18, INT(T47/20)>INT(T46/20)), "TN Ø18 (Lần " & INT(T47/20) & ")", IF(AND(E47=20, INT(U47/20)>INT(U46/20)), "TN Ø20 (Lần " & INT(U47/20) & ")", IF(AND(E47=22, INT(V47/20)>INT(V46/20)), "TN Ø22 (Lần " & INT(V47/20) & ")", IF(AND(E47=25, INT(W47/20)>INT(W46/20)), "TN Ø25 (Lần " & INT(W47/20) & ")", IF(AND(E47=28, INT(X47/20)>INT(X46/20)), "TN Ø28 (Lần " & INT(X47/20) & ")", IF(AND(E47=32, INT(Y47/20)>INT(Y46/20)), "TN Ø32 (Lần " & INT(Y47/20) & ")", IF(AND(F47="ASTM A416", INT(Z47/20)>INT(Z46/20)), "TN Cáp 15.2 (Lần " & INT(Z47/20) & ")", ""))))))))))) | P47: =ROUND(P46 + IF(AND(E47<=10, F47<>"ASTM A416"), L47, 0), 3) | Q47: =ROUND(Q46 + IF(AND(E47=12, F47<>"ASTM A416"), L47, 0), 3) | R47: =ROUND(R46 + IF(AND(E47=14, F47<>"ASTM A416"), L47, 0), 3) | S47: =ROUND(S46 + IF(AND(E47=16, F47<>"ASTM A416"), L47, 0), 3) | T47: =ROUND(T46 + IF(AND(E47=18, F47<>"ASTM A416"), L47, 0), 3) | U47: =ROUND(U46 + IF(AND(E47=20, F47<>"ASTM A416"), L47, 0), 3) | V47: =ROUND(V46 + IF(AND(E47=22, F47<>"ASTM A416"), L47, 0), 3) | W47: =ROUND(W46 + IF(AND(E47=25, F47<>"ASTM A416"), L47, 0), 3) | X47: =ROUND(X46 + IF(AND(E47=28, F47<>"ASTM A416"), L47, 0), 3) | Y47: =ROUND(Y46 + IF(AND(E47=32, F47<>"ASTM A416"), L47, 0), 3) | Z47: =ROUND(Z46 + IF(F47="ASTM A416", L47, 0), 3) | AA47: =IF(INT(P47/20)>INT(P46/20), "Lần " & INT(P47/20), "") | AB47: =IF(INT(Q47/20)>INT(Q46/20), "Lần " & INT(Q47/20), "") | AC47: =IF(INT(R47/20)>INT(R46/20), "Lần " & INT(R47/20), "") | AD47: =IF(INT(S47/20)>INT(S46/20), "Lần " & INT(S47/20), "") | AE47: =IF(INT(T47/20)>INT(T46/20), "Lần " & INT(T47/20), "") | AF47: =IF(INT(U47/20)>INT(U46/20), "Lần " & INT(U47/20), "") | AG47: =IF(INT(V47/20)>INT(V46/20), "Lần " & INT(V47/20), "") | AH47: =IF(INT(W47/20)>INT(W46/20), "Lần " & INT(W47/20), "") | ... AK47: =IF(INT(Z47/20)>INT(Z46/20), "Lần " & INT(Z47/20), "") | AL47: ĐẠT TCVN 1651:2018
A48: 42 | B48: Cọc khoan nhồi C3 Mố M1 (D1.2m, L=20.0m) | C48: Thép đai xoắn lồng cọc | D48: P12 | E48: 20 | F48: CB400-V | G48: Đai xoắn tròn | H48: 0.583 | I48: 32 | J48: 2.47 | K48: =ROUND(H48*I48*J48, 2) | L48: =ROUND(K48/1000, 3) | O48: =IF(AND(E48<=10, F48<>"ASTM A416", INT(P48/20)>INT(P47/20)), "TN Ø10 (Lần " & INT(P48/20) & ")", IF(AND(E48=12, INT(Q48/20)>INT(Q47/20)), "TN Ø12 (Lần " & INT(Q48/20) & ")", IF(AND(E48=14, INT(R48/20)>INT(R47/20)), "TN Ø14 (Lần " & INT(R48/20) & ")", IF(AND(E48=16, INT(S48/20)>INT(S47/20)), "TN Ø16 (Lần " & INT(S48/20) & ")", IF(AND(E48=18, INT(T48/20)>INT(T47/20)), "TN Ø18 (Lần " & INT(T48/20) & ")", IF(AND(E48=20, INT(U48/20)>INT(U47/20)), "TN Ø20 (Lần " & INT(U48/20) & ")", IF(AND(E48=22, INT(V48/20)>INT(V47/20)), "TN Ø22 (Lần " & INT(V48/20) & ")", IF(AND(E48=25, INT(W48/20)>INT(W47/20)), "TN Ø25 (Lần " & INT(W48/20) & ")", IF(AND(E48=28, INT(X48/20)>INT(X47/20)), "TN Ø28 (Lần " & INT(X48/20) & ")", IF(AND(E48=32, INT(Y48/20)>INT(Y47/20)), "TN Ø32 (Lần " & INT(Y48/20) & ")", IF(AND(F48="ASTM A416", INT(Z48/20)>INT(Z47/20)), "TN Cáp 15.2 (Lần " & INT(Z48/20) & ")", ""))))))))))) | P48: =ROUND(P47 + IF(AND(E48<=10, F48<>"ASTM A416"), L48, 0), 3) | Q48: =ROUND(Q47 + IF(AND(E48=12, F48<>"ASTM A416"), L48, 0), 3) | R48: =ROUND(R47 + IF(AND(E48=14, F48<>"ASTM A416"), L48, 0), 3) | S48: =ROUND(S47 + IF(AND(E48=16, F48<>"ASTM A416"), L48, 0), 3) | T48: =ROUND(T47 + IF(AND(E48=18, F48<>"ASTM A416"), L48, 0), 3) | U48: =ROUND(U47 + IF(AND(E48=20, F48<>"ASTM A416"), L48, 0), 3) | V48: =ROUND(V47 + IF(AND(E48=22, F48<>"ASTM A416"), L48, 0), 3) | W48: =ROUND(W47 + IF(AND(E48=25, F48<>"ASTM A416"), L48, 0), 3) | X48: =ROUND(X47 + IF(AND(E48=28, F48<>"ASTM A416"), L48, 0), 3) | Y48: =ROUND(Y47 + IF(AND(E48=32, F48<>"ASTM A416"), L48, 0), 3) | Z48: =ROUND(Z47 + IF(F48="ASTM A416", L48, 0), 3) | AA48: =IF(INT(P48/20)>INT(P47/20), "Lần " & INT(P48/20), "") | AB48: =IF(INT(Q48/20)>INT(Q47/20), "Lần " & INT(Q48/20), "") | AC48: =IF(INT(R48/20)>INT(R47/20), "Lần " & INT(R48/20), "") | AD48: =IF(INT(S48/20)>INT(S47/20), "Lần " & INT(S48/20), "") | AE48: =IF(INT(T48/20)>INT(T47/20), "Lần " & INT(T48/20), "") | AF48: =IF(INT(U48/20)>INT(U47/20), "Lần " & INT(U48/20), "") | AG48: =IF(INT(V48/20)>INT(V47/20), "Lần " & INT(V48/20), "") | AH48: =IF(INT(W48/20)>INT(W47/20), "Lần " & INT(W48/20), "") | ... AK48: =IF(INT(Z48/20)>INT(Z47/20), "Lần " & INT(Z48/20), "") | AL48: ĐẠT TCVN 1651:2018
A49: --- CỌC KHOAN NHỒI C1 TRỤ T1 (D1.2M, L=40.0M) ---
A50: 43 | B50: Cọc khoan nhồi C1 Trụ T1 (D1.2m, L=40.0m) | C50: Thép đai xoắn lồng cọc | D50: P1 | E50: 10 | F50: CB240-T | G50: Đai xoắn tròn | H50: 96.604 | I50: 1 | J50: 0.617 | K50: =ROUND(H50*I50*J50, 2) | L50: =ROUND(K50/1000, 3) | O50: =IF(AND(E50<=10, F50<>"ASTM A416", INT(P50/20)>INT(P48/20)), "TN Ø10 (Lần " & INT(P50/20) & ")", IF(AND(E50=12, INT(Q50/20)>INT(Q48/20)), "TN Ø12 (Lần " & INT(Q50/20) & ")", IF(AND(E50=14, INT(R50/20)>INT(R48/20)), "TN Ø14 (Lần " & INT(R50/20) & ")", IF(AND(E50=16, INT(S50/20)>INT(S48/20)), "TN Ø16 (Lần " & INT(S50/20) & ")", IF(AND(E50=18, INT(T50/20)>INT(T48/20)), "TN Ø18 (Lần " & INT(T50/20) & ")", IF(AND(E50=20, INT(U50/20)>INT(U48/20)), "TN Ø20 (Lần " & INT(U50/20) & ")", IF(AND(E50=22, INT(V50/20)>INT(V48/20)), "TN Ø22 (Lần " & INT(V50/20) & ")", IF(AND(E50=25, INT(W50/20)>INT(W48/20)), "TN Ø25 (Lần " & INT(W50/20) & ")", IF(AND(E50=28, INT(X50/20)>INT(X48/20)), "TN Ø28 (Lần " & INT(X50/20) & ")", IF(AND(E50=32, INT(Y50/20)>INT(Y48/20)), "TN Ø32 (Lần " & INT(Y50/20) & ")", IF(AND(F50="ASTM A416", INT(Z50/20)>INT(Z48/20)), "TN Cáp 15.2 (Lần " & INT(Z50/20) & ")", ""))))))))))) | P50: =ROUND(P48 + IF(AND(E50<=10, F50<>"ASTM A416"), L50, 0), 3) | Q50: =ROUND(Q48 + IF(AND(E50=12, F50<>"ASTM A416"), L50, 0), 3) | R50: =ROUND(R48 + IF(AND(E50=14, F50<>"ASTM A416"), L50, 0), 3) | S50: =ROUND(S48 + IF(AND(E50=16, F50<>"ASTM A416"), L50, 0), 3) | T50: =ROUND(T48 + IF(AND(E50=18, F50<>"ASTM A416"), L50, 0), 3) | U50: =ROUND(U48 + IF(AND(E50=20, F50<>"ASTM A416"), L50, 0), 3) | V50: =ROUND(V48 + IF(AND(E50=22, F50<>"ASTM A416"), L50, 0), 3) | W50: =ROUND(W48 + IF(AND(E50=25, F50<>"ASTM A416"), L50, 0), 3) | X50: =ROUND(X48 + IF(AND(E50=28, F50<>"ASTM A416"), L50, 0), 3) | Y50: =ROUND(Y48 + IF(AND(E50=32, F50<>"ASTM A416"), L50, 0), 3) | Z50: =ROUND(Z48 + IF(F50="ASTM A416", L50, 0), 3) | AA50: =IF(INT(P50/20)>INT(P48/20), "Lần " & INT(P50/20), "") | AB50: =IF(INT(Q50/20)>INT(Q48/20), "Lần " & INT(Q50/20), "") | AC50: =IF(INT(R50/20)>INT(R48/20), "Lần " & INT(R50/20), "") | AD50: =IF(INT(S50/20)>INT(S48/20), "Lần " & INT(S50/20), "") | AE50: =IF(INT(T50/20)>INT(T48/20), "Lần " & INT(T50/20), "") | AF50: =IF(INT(U50/20)>INT(U48/20), "Lần " & INT(U50/20), "") | AG50: =IF(INT(V50/20)>INT(V48/20), "Lần " & INT(V50/20), "") | AH50: =IF(INT(W50/20)>INT(W48/20), "Lần " & INT(W50/20), "") | ... AK50: =IF(INT(Z50/20)>INT(Z48/20), "Lần " & INT(Z50/20), "") | AL50: ĐẠT TCVN 1651:2018
A51: 44 | B51: Cọc khoan nhồi C1 Trụ T1 (D1.2m, L=40.0m) | C51: Thép đai xoắn lồng cọc | D51: P1A | E51: 10 | F51: CB240-T | G51: Đai xoắn tròn | H51: 389.636 | I51: 1 | J51: 0.617 | K51: =ROUND(H51*I51*J51, 2) | L51: =ROUND(K51/1000, 3) | O51: =IF(AND(E51<=10, F51<>"ASTM A416", INT(P51/20)>INT(P50/20)), "TN Ø10 (Lần " & INT(P51/20) & ")", IF(AND(E51=12, INT(Q51/20)>INT(Q50/20)), "TN Ø12 (Lần " & INT(Q51/20) & ")", IF(AND(E51=14, INT(R51/20)>INT(R50/20)), "TN Ø14 (Lần " & INT(R51/20) & ")", IF(AND(E51=16, INT(S51/20)>INT(S50/20)), "TN Ø16 (Lần " & INT(S51/20) & ")", IF(AND(E51=18, INT(T51/20)>INT(T50/20)), "TN Ø18 (Lần " & INT(T51/20) & ")", IF(AND(E51=20, INT(U51/20)>INT(U50/20)), "TN Ø20 (Lần " & INT(U51/20) & ")", IF(AND(E51=22, INT(V51/20)>INT(V50/20)), "TN Ø22 (Lần " & INT(V51/20) & ")", IF(AND(E51=25, INT(W51/20)>INT(W50/20)), "TN Ø25 (Lần " & INT(W51/20) & ")", IF(AND(E51=28, INT(X51/20)>INT(X50/20)), "TN Ø28 (Lần " & INT(X51/20) & ")", IF(AND(E51=32, INT(Y51/20)>INT(Y50/20)), "TN Ø32 (Lần " & INT(Y51/20) & ")", IF(AND(F51="ASTM A416", INT(Z51/20)>INT(Z50/20)), "TN Cáp 15.2 (Lần " & INT(Z51/20) & ")", ""))))))))))) | P51: =ROUND(P50 + IF(AND(E51<=10, F51<>"ASTM A416"), L51, 0), 3) | Q51: =ROUND(Q50 + IF(AND(E51=12, F51<>"ASTM A416"), L51, 0), 3) | R51: =ROUND(R50 + IF(AND(E51=14, F51<>"ASTM A416"), L51, 0), 3) | S51: =ROUND(S50 + IF(AND(E51=16, F51<>"ASTM A416"), L51, 0), 3) | T51: =ROUND(T50 + IF(AND(E51=18, F51<>"ASTM A416"), L51, 0), 3) | U51: =ROUND(U50 + IF(AND(E51=20, F51<>"ASTM A416"), L51, 0), 3) | V51: =ROUND(V50 + IF(AND(E51=22, F51<>"ASTM A416"), L51, 0), 3) | W51: =ROUND(W50 + IF(AND(E51=25, F51<>"ASTM A416"), L51, 0), 3) | X51: =ROUND(X50 + IF(AND(E51=28, F51<>"ASTM A416"), L51, 0), 3) | Y51: =ROUND(Y50 + IF(AND(E51=32, F51<>"ASTM A416"), L51, 0), 3) | Z51: =ROUND(Z50 + IF(F51="ASTM A416", L51, 0), 3) | AA51: =IF(INT(P51/20)>INT(P50/20), "Lần " & INT(P51/20), "") | AB51: =IF(INT(Q51/20)>INT(Q50/20), "Lần " & INT(Q51/20), "") | AC51: =IF(INT(R51/20)>INT(R50/20), "Lần " & INT(R51/20), "") | AD51: =IF(INT(S51/20)>INT(S50/20), "Lần " & INT(S51/20), "") | AE51: =IF(INT(T51/20)>INT(T50/20), "Lần " & INT(T51/20), "") | AF51: =IF(INT(U51/20)>INT(U50/20), "Lần " & INT(U51/20), "") | AG51: =IF(INT(V51/20)>INT(V50/20), "Lần " & INT(V51/20), "") | AH51: =IF(INT(W51/20)>INT(W50/20), "Lần " & INT(W51/20), "") | ... AK51: =IF(INT(Z51/20)>INT(Z50/20), "Lần " & INT(Z51/20), "") | AL51: ĐẠT TCVN 1651:2018
A52: 45 | B52: Cọc khoan nhồi C1 Trụ T1 (D1.2m, L=40.0m) | C52: Thép đai xoắn lồng cọc | D52: P1B | E52: 10 | F52: CB240-T | G52: Đai xoắn tròn | H52: 206.981 | I52: 1 | J52: 0.617 | K52: =ROUND(H52*I52*J52, 2) | L52: =ROUND(K52/1000, 3) | O52: =IF(AND(E52<=10, F52<>"ASTM A416", INT(P52/20)>INT(P51/20)), "TN Ø10 (Lần " & INT(P52/20) & ")", IF(AND(E52=12, INT(Q52/20)>INT(Q51/20)), "TN Ø12 (Lần " & INT(Q52/20) & ")", IF(AND(E52=14, INT(R52/20)>INT(R51/20)), "TN Ø14 (Lần " & INT(R52/20) & ")", IF(AND(E52=16, INT(S52/20)>INT(S51/20)), "TN Ø16 (Lần " & INT(S52/20) & ")", IF(AND(E52=18, INT(T52/20)>INT(T51/20)), "TN Ø18 (Lần " & INT(T52/20) & ")", IF(AND(E52=20, INT(U52/20)>INT(U51/20)), "TN Ø20 (Lần " & INT(U52/20) & ")", IF(AND(E52=22, INT(V52/20)>INT(V51/20)), "TN Ø22 (Lần " & INT(V52/20) & ")", IF(AND(E52=25, INT(W52/20)>INT(W51/20)), "TN Ø25 (Lần " & INT(W52/20) & ")", IF(AND(E52=28, INT(X52/20)>INT(X51/20)), "TN Ø28 (Lần " & INT(X52/20) & ")", IF(AND(E52=32, INT(Y52/20)>INT(Y51/20)), "TN Ø32 (Lần " & INT(Y52/20) & ")", IF(AND(F52="ASTM A416", INT(Z52/20)>INT(Z51/20)), "TN Cáp 15.2 (Lần " & INT(Z52/20) & ")", ""))))))))))) | P52: =ROUND(P51 + IF(AND(E52<=10, F52<>"ASTM A416"), L52, 0), 3) | Q52: =ROUND(Q51 + IF(AND(E52=12, F52<>"ASTM A416"), L52, 0), 3) | R52: =ROUND(R51 + IF(AND(E52=14, F52<>"ASTM A416"), L52, 0), 3) | S52: =ROUND(S51 + IF(AND(E52=16, F52<>"ASTM A416"), L52, 0), 3) | T52: =ROUND(T51 + IF(AND(E52=18, F52<>"ASTM A416"), L52, 0), 3) | U52: =ROUND(U51 + IF(AND(E52=20, F52<>"ASTM A416"), L52, 0), 3) | V52: =ROUND(V51 + IF(AND(E52=22, F52<>"ASTM A416"), L52, 0), 3) | W52: =ROUND(W51 + IF(AND(E52=25, F52<>"ASTM A416"), L52, 0), 3) | X52: =ROUND(X51 + IF(AND(E52=28, F52<>"ASTM A416"), L52, 0), 3) | Y52: =ROUND(Y51 + IF(AND(E52=32, F52<>"ASTM A416"), L52, 0), 3) | Z52: =ROUND(Z51 + IF(F52="ASTM A416", L52, 0), 3) | AA52: =IF(INT(P52/20)>INT(P51/20), "Lần " & INT(P52/20), "") | AB52: =IF(INT(Q52/20)>INT(Q51/20), "Lần " & INT(Q52/20), "") | AC52: =IF(INT(R52/20)>INT(R51/20), "Lần " & INT(R52/20), "") | AD52: =IF(INT(S52/20)>INT(S51/20), "Lần " & INT(S52/20), "") | AE52: =IF(INT(T52/20)>INT(T51/20), "Lần " & INT(T52/20), "") | AF52: =IF(INT(U52/20)>INT(U51/20), "Lần " & INT(U52/20), "") | AG52: =IF(INT(V52/20)>INT(V51/20), "Lần " & INT(V52/20), "") | AH52: =IF(INT(W52/20)>INT(W51/20), "Lần " & INT(W52/20), "") | ... AK52: =IF(INT(Z52/20)>INT(Z51/20), "Lần " & INT(Z52/20), "") | AL52: ĐẠT TCVN 1651:2018
A53: 46 | B53: Cọc khoan nhồi C1 Trụ T1 (D1.2m, L=40.0m) | C53: Thép đai xoắn lồng cọc | D53: P1C | E53: 10 | F53: CB240-T | G53: Đai xoắn tròn | H53: 3.592 | I53: 2 | J53: 0.617 | K53: =ROUND(H53*I53*J53, 2) | L53: =ROUND(K53/1000, 3) | O53: =IF(AND(E53<=10, F53<>"ASTM A416", INT(P53/20)>INT(P52/20)), "TN Ø10 (Lần " & INT(P53/20) & ")", IF(AND(E53=12, INT(Q53/20)>INT(Q52/20)), "TN Ø12 (Lần " & INT(Q53/20) & ")", IF(AND(E53=14, INT(R53/20)>INT(R52/20)), "TN Ø14 (Lần " & INT(R53/20) & ")", IF(AND(E53=16, INT(S53/20)>INT(S52/20)), "TN Ø16 (Lần " & INT(S53/20) & ")", IF(AND(E53=18, INT(T53/20)>INT(T52/20)), "TN Ø18 (Lần " & INT(T53/20) & ")", IF(AND(E53=20, INT(U53/20)>INT(U52/20)), "TN Ø20 (Lần " & INT(U53/20) & ")", IF(AND(E53=22, INT(V53/20)>INT(V52/20)), "TN Ø22 (Lần " & INT(V53/20) & ")", IF(AND(E53=25, INT(W53/20)>INT(W52/20)), "TN Ø25 (Lần " & INT(W53/20) & ")", IF(AND(E53=28, INT(X53/20)>INT(X52/20)), "TN Ø28 (Lần " & INT(X53/20) & ")", IF(AND(E53=32, INT(Y53/20)>INT(Y52/20)), "TN Ø32 (Lần " & INT(Y53/20) & ")", IF(AND(F53="ASTM A416", INT(Z53/20)>INT(Z52/20)), "TN Cáp 15.2 (Lần " & INT(Z53/20) & ")", ""))))))))))) | P53: =ROUND(P52 + IF(AND(E53<=10, F53<>"ASTM A416"), L53, 0), 3) | Q53: =ROUND(Q52 + IF(AND(E53=12, F53<>"ASTM A416"), L53, 0), 3) | R53: =ROUND(R52 + IF(AND(E53=14, F53<>"ASTM A416"), L53, 0), 3) | S53: =ROUND(S52 + IF(AND(E53=16, F53<>"ASTM A416"), L53, 0), 3) | T53: =ROUND(T52 + IF(AND(E53=18, F53<>"ASTM A416"), L53, 0), 3) | U53: =ROUND(U52 + IF(AND(E53=20, F53<>"ASTM A416"), L53, 0), 3) | V53: =ROUND(V52 + IF(AND(E53=22, F53<>"ASTM A416"), L53, 0), 3) | W53: =ROUND(W52 + IF(AND(E53=25, F53<>"ASTM A416"), L53, 0), 3) | X53: =ROUND(X52 + IF(AND(E53=28, F53<>"ASTM A416"), L53, 0), 3) | Y53: =ROUND(Y52 + IF(AND(E53=32, F53<>"ASTM A416"), L53, 0), 3) | Z53: =ROUND(Z52 + IF(F53="ASTM A416", L53, 0), 3) | AA53: =IF(INT(P53/20)>INT(P52/20), "Lần " & INT(P53/20), "") | AB53: =IF(INT(Q53/20)>INT(Q52/20), "Lần " & INT(Q53/20), "") | AC53: =IF(INT(R53/20)>INT(R52/20), "Lần " & INT(R53/20), "") | AD53: =IF(INT(S53/20)>INT(S52/20), "Lần " & INT(S53/20), "") | AE53: =IF(INT(T53/20)>INT(T52/20), "Lần " & INT(T53/20), "") | AF53: =IF(INT(U53/20)>INT(U52/20), "Lần " & INT(U53/20), "") | AG53: =IF(INT(V53/20)>INT(V52/20), "Lần " & INT(V53/20), "") | AH53: =IF(INT(W53/20)>INT(W52/20), "Lần " & INT(W53/20), "") | ... AK53: =IF(INT(Z53/20)>INT(Z52/20), "Lần " & INT(Z53/20), "") | AL53: ĐẠT TCVN 1651:2018
A54: 47 | B54: Cọc khoan nhồi C1 Trụ T1 (D1.2m, L=40.0m) | C54: Thép đai xoắn lồng cọc | D54: P1D | E54: 10 | F54: CB240-T | G54: Đai xoắn tròn | H54: 19.721 | I54: 1 | J54: 0.617 | K54: =ROUND(H54*I54*J54, 2) | L54: =ROUND(K54/1000, 3) | O54: =IF(AND(E54<=10, F54<>"ASTM A416", INT(P54/20)>INT(P53/20)), "TN Ø10 (Lần " & INT(P54/20) & ")", IF(AND(E54=12, INT(Q54/20)>INT(Q53/20)), "TN Ø12 (Lần " & INT(Q54/20) & ")", IF(AND(E54=14, INT(R54/20)>INT(R53/20)), "TN Ø14 (Lần " & INT(R54/20) & ")", IF(AND(E54=16, INT(S54/20)>INT(S53/20)), "TN Ø16 (Lần " & INT(S54/20) & ")", IF(AND(E54=18, INT(T54/20)>INT(T53/20)), "TN Ø18 (Lần " & INT(T54/20) & ")", IF(AND(E54=20, INT(U54/20)>INT(U53/20)), "TN Ø20 (Lần " & INT(U54/20) & ")", IF(AND(E54=22, INT(V54/20)>INT(V53/20)), "TN Ø22 (Lần " & INT(V54/20) & ")", IF(AND(E54=25, INT(W54/20)>INT(W53/20)), "TN Ø25 (Lần " & INT(W54/20) & ")", IF(AND(E54=28, INT(X54/20)>INT(X53/20)), "TN Ø28 (Lần " & INT(X54/20) & ")", IF(AND(E54=32, INT(Y54/20)>INT(Y53/20)), "TN Ø32 (Lần " & INT(Y54/20) & ")", IF(AND(F54="ASTM A416", INT(Z54/20)>INT(Z53/20)), "TN Cáp 15.2 (Lần " & INT(Z54/20) & ")", ""))))))))))) | P54: =ROUND(P53 + IF(AND(E54<=10, F54<>"ASTM A416"), L54, 0), 3) | Q54: =ROUND(Q53 + IF(AND(E54=12, F54<>"ASTM A416"), L54, 0), 3) | R54: =ROUND(R53 + IF(AND(E54=14, F54<>"ASTM A416"), L54, 0), 3) | S54: =ROUND(S53 + IF(AND(E54=16, F54<>"ASTM A416"), L54, 0), 3) | T54: =ROUND(T53 + IF(AND(E54=18, F54<>"ASTM A416"), L54, 0), 3) | U54: =ROUND(U53 + IF(AND(E54=20, F54<>"ASTM A416"), L54, 0), 3) | V54: =ROUND(V53 + IF(AND(E54=22, F54<>"ASTM A416"), L54, 0), 3) | W54: =ROUND(W53 + IF(AND(E54=25, F54<>"ASTM A416"), L54, 0), 3) | X54: =ROUND(X53 + IF(AND(E54=28, F54<>"ASTM A416"), L54, 0), 3) | Y54: =ROUND(Y53 + IF(AND(E54=32, F54<>"ASTM A416"), L54, 0), 3) | Z54: =ROUND(Z53 + IF(F54="ASTM A416", L54, 0), 3) | AA54: =IF(INT(P54/20)>INT(P53/20), "Lần " & INT(P54/20), "") | AB54: =IF(INT(Q54/20)>INT(Q53/20), "Lần " & INT(Q54/20), "") | AC54: =IF(INT(R54/20)>INT(R53/20), "Lần " & INT(R54/20), "") | AD54: =IF(INT(S54/20)>INT(S53/20), "Lần " & INT(S54/20), "") | AE54: =IF(INT(T54/20)>INT(T53/20), "Lần " & INT(T54/20), "") | AF54: =IF(INT(U54/20)>INT(U53/20), "Lần " & INT(U54/20), "") | AG54: =IF(INT(V54/20)>INT(V53/20), "Lần " & INT(V54/20), "") | AH54: =IF(INT(W54/20)>INT(W53/20), "Lần " & INT(W54/20), "") | ... AK54: =IF(INT(Z54/20)>INT(Z53/20), "Lần " & INT(Z54/20), "") | AL54: ĐẠT TCVN 1651:2018
A55: 48 | B55: Cọc khoan nhồi C1 Trụ T1 (D1.2m, L=40.0m) | C55: Cốt thép chủ chịu lực cọc | D55: P2B | E55: 25 | F55: CB400-V | G55: Thanh thẳng nối ren/hàn | H55: 2.985 | I55: 16 | J55: 3.85 | K55: =ROUND(H55*I55*J55, 2) | L55: =ROUND(K55/1000, 3) | O55: =IF(AND(E55<=10, F55<>"ASTM A416", INT(P55/20)>INT(P54/20)), "TN Ø10 (Lần " & INT(P55/20) & ")", IF(AND(E55=12, INT(Q55/20)>INT(Q54/20)), "TN Ø12 (Lần " & INT(Q55/20) & ")", IF(AND(E55=14, INT(R55/20)>INT(R54/20)), "TN Ø14 (Lần " & INT(R55/20) & ")", IF(AND(E55=16, INT(S55/20)>INT(S54/20)), "TN Ø16 (Lần " & INT(S55/20) & ")", IF(AND(E55=18, INT(T55/20)>INT(T54/20)), "TN Ø18 (Lần " & INT(T55/20) & ")", IF(AND(E55=20, INT(U55/20)>INT(U54/20)), "TN Ø20 (Lần " & INT(U55/20) & ")", IF(AND(E55=22, INT(V55/20)>INT(V54/20)), "TN Ø22 (Lần " & INT(V55/20) & ")", IF(AND(E55=25, INT(W55/20)>INT(W54/20)), "TN Ø25 (Lần " & INT(W55/20) & ")", IF(AND(E55=28, INT(X55/20)>INT(X54/20)), "TN Ø28 (Lần " & INT(X55/20) & ")", IF(AND(E55=32, INT(Y55/20)>INT(Y54/20)), "TN Ø32 (Lần " & INT(Y55/20) & ")", IF(AND(F55="ASTM A416", INT(Z55/20)>INT(Z54/20)), "TN Cáp 15.2 (Lần " & INT(Z55/20) & ")", ""))))))))))) | P55: =ROUND(P54 + IF(AND(E55<=10, F55<>"ASTM A416"), L55, 0), 3) | Q55: =ROUND(Q54 + IF(AND(E55=12, F55<>"ASTM A416"), L55, 0), 3) | R55: =ROUND(R54 + IF(AND(E55=14, F55<>"ASTM A416"), L55, 0), 3) | S55: =ROUND(S54 + IF(AND(E55=16, F55<>"ASTM A416"), L55, 0), 3) | T55: =ROUND(T54 + IF(AND(E55=18, F55<>"ASTM A416"), L55, 0), 3) | U55: =ROUND(U54 + IF(AND(E55=20, F55<>"ASTM A416"), L55, 0), 3) | V55: =ROUND(V54 + IF(AND(E55=22, F55<>"ASTM A416"), L55, 0), 3) | W55: =ROUND(W54 + IF(AND(E55=25, F55<>"ASTM A416"), L55, 0), 3) | X55: =ROUND(X54 + IF(AND(E55=28, F55<>"ASTM A416"), L55, 0), 3) | Y55: =ROUND(Y54 + IF(AND(E55=32, F55<>"ASTM A416"), L55, 0), 3) | Z55: =ROUND(Z54 + IF(F55="ASTM A416", L55, 0), 3) | AA55: =IF(INT(P55/20)>INT(P54/20), "Lần " & INT(P55/20), "") | AB55: =IF(INT(Q55/20)>INT(Q54/20), "Lần " & INT(Q55/20), "") | AC55: =IF(INT(R55/20)>INT(R54/20), "Lần " & INT(R55/20), "") | AD55: =IF(INT(S55/20)>INT(S54/20), "Lần " & INT(S55/20), "") | AE55: =IF(INT(T55/20)>INT(T54/20), "Lần " & INT(T55/20), "") | AF55: =IF(INT(U55/20)>INT(U54/20), "Lần " & INT(U55/20), "") | AG55: =IF(INT(V55/20)>INT(V54/20), "Lần " & INT(V55/20), "") | AH55: =IF(INT(W55/20)>INT(W54/20), "Lần " & INT(W55/20), "") | ... AK55: =IF(INT(Z55/20)>INT(Z54/20), "Lần " & INT(Z55/20), "") | AL55: ĐẠT TCVN 1651:2018
A56: 49 | B56: Cọc khoan nhồi C1 Trụ T1 (D1.2m, L=40.0m) | C56: Cốt thép chủ chịu lực cọc | D56: P3 | E56: 25 | F56: CB400-V | G56: Thanh thẳng nối ren/hàn | H56: 10.7 | I56: 12 | J56: 3.85 | K56: =ROUND(H56*I56*J56, 2) | L56: =ROUND(K56/1000, 3) | O56: =IF(AND(E56<=10, F56<>"ASTM A416", INT(P56/20)>INT(P55/20)), "TN Ø10 (Lần " & INT(P56/20) & ")", IF(AND(E56=12, INT(Q56/20)>INT(Q55/20)), "TN Ø12 (Lần " & INT(Q56/20) & ")", IF(AND(E56=14, INT(R56/20)>INT(R55/20)), "TN Ø14 (Lần " & INT(R56/20) & ")", IF(AND(E56=16, INT(S56/20)>INT(S55/20)), "TN Ø16 (Lần " & INT(S56/20) & ")", IF(AND(E56=18, INT(T56/20)>INT(T55/20)), "TN Ø18 (Lần " & INT(T56/20) & ")", IF(AND(E56=20, INT(U56/20)>INT(U55/20)), "TN Ø20 (Lần " & INT(U56/20) & ")", IF(AND(E56=22, INT(V56/20)>INT(V55/20)), "TN Ø22 (Lần " & INT(V56/20) & ")", IF(AND(E56=25, INT(W56/20)>INT(W55/20)), "TN Ø25 (Lần " & INT(W56/20) & ")", IF(AND(E56=28, INT(X56/20)>INT(X55/20)), "TN Ø28 (Lần " & INT(X56/20) & ")", IF(AND(E56=32, INT(Y56/20)>INT(Y55/20)), "TN Ø32 (Lần " & INT(Y56/20) & ")", IF(AND(F56="ASTM A416", INT(Z56/20)>INT(Z55/20)), "TN Cáp 15.2 (Lần " & INT(Z56/20) & ")", ""))))))))))) | P56: =ROUND(P55 + IF(AND(E56<=10, F56<>"ASTM A416"), L56, 0), 3) | Q56: =ROUND(Q55 + IF(AND(E56=12, F56<>"ASTM A416"), L56, 0), 3) | R56: =ROUND(R55 + IF(AND(E56=14, F56<>"ASTM A416"), L56, 0), 3) | S56: =ROUND(S55 + IF(AND(E56=16, F56<>"ASTM A416"), L56, 0), 3) | T56: =ROUND(T55 + IF(AND(E56=18, F56<>"ASTM A416"), L56, 0), 3) | U56: =ROUND(U55 + IF(AND(E56=20, F56<>"ASTM A416"), L56, 0), 3) | V56: =ROUND(V55 + IF(AND(E56=22, F56<>"ASTM A416"), L56, 0), 3) | W56: =ROUND(W55 + IF(AND(E56=25, F56<>"ASTM A416"), L56, 0), 3) | X56: =ROUND(X55 + IF(AND(E56=28, F56<>"ASTM A416"), L56, 0), 3) | Y56: =ROUND(Y55 + IF(AND(E56=32, F56<>"ASTM A416"), L56, 0), 3) | Z56: =ROUND(Z55 + IF(F56="ASTM A416", L56, 0), 3) | AA56: =IF(INT(P56/20)>INT(P55/20), "Lần " & INT(P56/20), "") | AB56: =IF(INT(Q56/20)>INT(Q55/20), "Lần " & INT(Q56/20), "") | AC56: =IF(INT(R56/20)>INT(R55/20), "Lần " & INT(R56/20), "") | AD56: =IF(INT(S56/20)>INT(S55/20), "Lần " & INT(S56/20), "") | AE56: =IF(INT(T56/20)>INT(T55/20), "Lần " & INT(T56/20), "") | AF56: =IF(INT(U56/20)>INT(U55/20), "Lần " & INT(U56/20), "") | AG56: =IF(INT(V56/20)>INT(V55/20), "Lần " & INT(V56/20), "") | AH56: =IF(INT(W56/20)>INT(W55/20), "Lần " & INT(W56/20), "") | ... AK56: =IF(INT(Z56/20)>INT(Z55/20), "Lần " & INT(Z56/20), "") | AL56: ĐẠT TCVN 1651:2018
A57: 50 | B57: Cọc khoan nhồi C1 Trụ T1 (D1.2m, L=40.0m) | C57: Cốt thép chủ chịu lực cọc | D57: P4 | E57: 25 | F57: CB400-V | G57: Thanh thẳng nối ren/hàn | H57: 11.7 | I57: 60 | J57: 3.85 | K57: =ROUND(H57*I57*J57, 2) | L57: =ROUND(K57/1000, 3) | O57: =IF(AND(E57<=10, F57<>"ASTM A416", INT(P57/20)>INT(P56/20)), "TN Ø10 (Lần " & INT(P57/20) & ")", IF(AND(E57=12, INT(Q57/20)>INT(Q56/20)), "TN Ø12 (Lần " & INT(Q57/20) & ")", IF(AND(E57=14, INT(R57/20)>INT(R56/20)), "TN Ø14 (Lần " & INT(R57/20) & ")", IF(AND(E57=16, INT(S57/20)>INT(S56/20)), "TN Ø16 (Lần " & INT(S57/20) & ")", IF(AND(E57=18, INT(T57/20)>INT(T56/20)), "TN Ø18 (Lần " & INT(T57/20) & ")", IF(AND(E57=20, INT(U57/20)>INT(U56/20)), "TN Ø20 (Lần " & INT(U57/20) & ")", IF(AND(E57=22, INT(V57/20)>INT(V56/20)), "TN Ø22 (Lần " & INT(V57/20) & ")", IF(AND(E57=25, INT(W57/20)>INT(W56/20)), "TN Ø25 (Lần " & INT(W57/20) & ")", IF(AND(E57=28, INT(X57/20)>INT(X56/20)), "TN Ø28 (Lần " & INT(X57/20) & ")", IF(AND(E57=32, INT(Y57/20)>INT(Y56/20)), "TN Ø32 (Lần " & INT(Y57/20) & ")", IF(AND(F57="ASTM A416", INT(Z57/20)>INT(Z56/20)), "TN Cáp 15.2 (Lần " & INT(Z57/20) & ")", ""))))))))))) | P57: =ROUND(P56 + IF(AND(E57<=10, F57<>"ASTM A416"), L57, 0), 3) | Q57: =ROUND(Q56 + IF(AND(E57=12, F57<>"ASTM A416"), L57, 0), 3) | R57: =ROUND(R56 + IF(AND(E57=14, F57<>"ASTM A416"), L57, 0), 3) | S57: =ROUND(S56 + IF(AND(E57=16, F57<>"ASTM A416"), L57, 0), 3) | T57: =ROUND(T56 + IF(AND(E57=18, F57<>"ASTM A416"), L57, 0), 3) | U57: =ROUND(U56 + IF(AND(E57=20, F57<>"ASTM A416"), L57, 0), 3) | V57: =ROUND(V56 + IF(AND(E57=22, F57<>"ASTM A416"), L57, 0), 3) | W57: =ROUND(W56 + IF(AND(E57=25, F57<>"ASTM A416"), L57, 0), 3) | X57: =ROUND(X56 + IF(AND(E57=28, F57<>"ASTM A416"), L57, 0), 3) | Y57: =ROUND(Y56 + IF(AND(E57=32, F57<>"ASTM A416"), L57, 0), 3) | Z57: =ROUND(Z56 + IF(F57="ASTM A416", L57, 0), 3) | AA57: =IF(INT(P57/20)>INT(P56/20), "Lần " & INT(P57/20), "") | AB57: =IF(INT(Q57/20)>INT(Q56/20), "Lần " & INT(Q57/20), "") | AC57: =IF(INT(R57/20)>INT(R56/20), "Lần " & INT(R57/20), "") | AD57: =IF(INT(S57/20)>INT(S56/20), "Lần " & INT(S57/20), "") | AE57: =IF(INT(T57/20)>INT(T56/20), "Lần " & INT(T57/20), "") | AF57: =IF(INT(U57/20)>INT(U56/20), "Lần " & INT(U57/20), "") | AG57: =IF(INT(V57/20)>INT(V56/20), "Lần " & INT(V57/20), "") | AH57: =IF(INT(W57/20)>INT(W56/20), "Lần " & INT(W57/20), "") | ... AK57: =IF(INT(Z57/20)>INT(Z56/20), "Lần " & INT(Z57/20), "") | AL57: ĐẠT TCVN 1651:2018
A58: 51 | B58: Cọc khoan nhồi C1 Trụ T1 (D1.2m, L=40.0m) | C58: Cốt thép chủ chịu lực cọc | D58: P6 | E58: 25 | F58: CB400-V | G58: Thanh thẳng nối ren/hàn | H58: 9.033 | I58: 12 | J58: 3.85 | K58: =ROUND(H58*I58*J58, 2) | L58: =ROUND(K58/1000, 3) | O58: =IF(AND(E58<=10, F58<>"ASTM A416", INT(P58/20)>INT(P57/20)), "TN Ø10 (Lần " & INT(P58/20) & ")", IF(AND(E58=12, INT(Q58/20)>INT(Q57/20)), "TN Ø12 (Lần " & INT(Q58/20) & ")", IF(AND(E58=14, INT(R58/20)>INT(R57/20)), "TN Ø14 (Lần " & INT(R58/20) & ")", IF(AND(E58=16, INT(S58/20)>INT(S57/20)), "TN Ø16 (Lần " & INT(S58/20) & ")", IF(AND(E58=18, INT(T58/20)>INT(T57/20)), "TN Ø18 (Lần " & INT(T58/20) & ")", IF(AND(E58=20, INT(U58/20)>INT(U57/20)), "TN Ø20 (Lần " & INT(U58/20) & ")", IF(AND(E58=22, INT(V58/20)>INT(V57/20)), "TN Ø22 (Lần " & INT(V58/20) & ")", IF(AND(E58=25, INT(W58/20)>INT(W57/20)), "TN Ø25 (Lần " & INT(W58/20) & ")", IF(AND(E58=28, INT(X58/20)>INT(X57/20)), "TN Ø28 (Lần " & INT(X58/20) & ")", IF(AND(E58=32, INT(Y58/20)>INT(Y57/20)), "TN Ø32 (Lần " & INT(Y58/20) & ")", IF(AND(F58="ASTM A416", INT(Z58/20)>INT(Z57/20)), "TN Cáp 15.2 (Lần " & INT(Z58/20) & ")", ""))))))))))) | P58: =ROUND(P57 + IF(AND(E58<=10, F58<>"ASTM A416"), L58, 0), 3) | Q58: =ROUND(Q57 + IF(AND(E58=12, F58<>"ASTM A416"), L58, 0), 3) | R58: =ROUND(R57 + IF(AND(E58=14, F58<>"ASTM A416"), L58, 0), 3) | S58: =ROUND(S57 + IF(AND(E58=16, F58<>"ASTM A416"), L58, 0), 3) | T58: =ROUND(T57 + IF(AND(E58=18, F58<>"ASTM A416"), L58, 0), 3) | U58: =ROUND(U57 + IF(AND(E58=20, F58<>"ASTM A416"), L58, 0), 3) | V58: =ROUND(V57 + IF(AND(E58=22, F58<>"ASTM A416"), L58, 0), 3) | W58: =ROUND(W57 + IF(AND(E58=25, F58<>"ASTM A416"), L58, 0), 3) | X58: =ROUND(X57 + IF(AND(E58=28, F58<>"ASTM A416"), L58, 0), 3) | Y58: =ROUND(Y57 + IF(AND(E58=32, F58<>"ASTM A416"), L58, 0), 3) | Z58: =ROUND(Z57 + IF(F58="ASTM A416", L58, 0), 3) | AA58: =IF(INT(P58/20)>INT(P57/20), "Lần " & INT(P58/20), "") | AB58: =IF(INT(Q58/20)>INT(Q57/20), "Lần " & INT(Q58/20), "") | AC58: =IF(INT(R58/20)>INT(R57/20), "Lần " & INT(R58/20), "") | AD58: =IF(INT(S58/20)>INT(S57/20), "Lần " & INT(S58/20), "") | AE58: =IF(INT(T58/20)>INT(T57/20), "Lần " & INT(T58/20), "") | AF58: =IF(INT(U58/20)>INT(U57/20), "Lần " & INT(U58/20), "") | AG58: =IF(INT(V58/20)>INT(V57/20), "Lần " & INT(V58/20), "") | AH58: =IF(INT(W58/20)>INT(W57/20), "Lần " & INT(W58/20), "") | ... AK58: =IF(INT(Z58/20)>INT(Z57/20), "Lần " & INT(Z58/20), "") | AL58: ĐẠT TCVN 1651:2018
A59: 52 | B59: Cọc khoan nhồi C1 Trụ T1 (D1.2m, L=40.0m) | C59: Cốt thép chủ chịu lực cọc | D59: P7 | E59: 25 | F59: CB400-V | G59: Thanh thẳng nối ren/hàn | H59: 10.033 | I59: 12 | J59: 3.85 | K59: =ROUND(H59*I59*J59, 2) | L59: =ROUND(K59/1000, 3) | O59: =IF(AND(E59<=10, F59<>"ASTM A416", INT(P59/20)>INT(P58/20)), "TN Ø10 (Lần " & INT(P59/20) & ")", IF(AND(E59=12, INT(Q59/20)>INT(Q58/20)), "TN Ø12 (Lần " & INT(Q59/20) & ")", IF(AND(E59=14, INT(R59/20)>INT(R58/20)), "TN Ø14 (Lần " & INT(R59/20) & ")", IF(AND(E59=16, INT(S59/20)>INT(S58/20)), "TN Ø16 (Lần " & INT(S59/20) & ")", IF(AND(E59=18, INT(T59/20)>INT(T58/20)), "TN Ø18 (Lần " & INT(T59/20) & ")", IF(AND(E59=20, INT(U59/20)>INT(U58/20)), "TN Ø20 (Lần " & INT(U59/20) & ")", IF(AND(E59=22, INT(V59/20)>INT(V58/20)), "TN Ø22 (Lần " & INT(V59/20) & ")", IF(AND(E59=25, INT(W59/20)>INT(W58/20)), "TN Ø25 (Lần " & INT(W59/20) & ")", IF(AND(E59=28, INT(X59/20)>INT(X58/20)), "TN Ø28 (Lần " & INT(X59/20) & ")", IF(AND(E59=32, INT(Y59/20)>INT(Y58/20)), "TN Ø32 (Lần " & INT(Y59/20) & ")", IF(AND(F59="ASTM A416", INT(Z59/20)>INT(Z58/20)), "TN Cáp 15.2 (Lần " & INT(Z59/20) & ")", ""))))))))))) | P59: =ROUND(P58 + IF(AND(E59<=10, F59<>"ASTM A416"), L59, 0), 3) | Q59: =ROUND(Q58 + IF(AND(E59=12, F59<>"ASTM A416"), L59, 0), 3) | R59: =ROUND(R58 + IF(AND(E59=14, F59<>"ASTM A416"), L59, 0), 3) | S59: =ROUND(S58 + IF(AND(E59=16, F59<>"ASTM A416"), L59, 0), 3) | T59: =ROUND(T58 + IF(AND(E59=18, F59<>"ASTM A416"), L59, 0), 3) | U59: =ROUND(U58 + IF(AND(E59=20, F59<>"ASTM A416"), L59, 0), 3) | V59: =ROUND(V58 + IF(AND(E59=22, F59<>"ASTM A416"), L59, 0), 3) | W59: =ROUND(W58 + IF(AND(E59=25, F59<>"ASTM A416"), L59, 0), 3) | X59: =ROUND(X58 + IF(AND(E59=28, F59<>"ASTM A416"), L59, 0), 3) | Y59: =ROUND(Y58 + IF(AND(E59=32, F59<>"ASTM A416"), L59, 0), 3) | Z59: =ROUND(Z58 + IF(F59="ASTM A416", L59, 0), 3) | AA59: =IF(INT(P59/20)>INT(P58/20), "Lần " & INT(P59/20), "") | AB59: =IF(INT(Q59/20)>INT(Q58/20), "Lần " & INT(Q59/20), "") | AC59: =IF(INT(R59/20)>INT(R58/20), "Lần " & INT(R59/20), "") | AD59: =IF(INT(S59/20)>INT(S58/20), "Lần " & INT(S59/20), "") | AE59: =IF(INT(T59/20)>INT(T58/20), "Lần " & INT(T59/20), "") | AF59: =IF(INT(U59/20)>INT(U58/20), "Lần " & INT(U59/20), "") | AG59: =IF(INT(V59/20)>INT(V58/20), "Lần " & INT(V59/20), "") | AH59: =IF(INT(W59/20)>INT(W58/20), "Lần " & INT(W59/20), "") | ... AK59: =IF(INT(Z59/20)>INT(Z58/20), "Lần " & INT(Z59/20), "") | AL59: ĐẠT TCVN 1651:2018
A60: 53 | B60: Cọc khoan nhồi C1 Trụ T1 (D1.2m, L=40.0m) | C60: Đai tăng cường / Con kê bảo vệ | D60: P8 | E60: 12 | F60: CB400-V | G60: Móc neo / Vòng đai | H60: 0.647 | I60: 16 | J60: 0.888 | K60: =ROUND(H60*I60*J60, 2) | L60: =ROUND(K60/1000, 3) | O60: =IF(AND(E60<=10, F60<>"ASTM A416", INT(P60/20)>INT(P59/20)), "TN Ø10 (Lần " & INT(P60/20) & ")", IF(AND(E60=12, INT(Q60/20)>INT(Q59/20)), "TN Ø12 (Lần " & INT(Q60/20) & ")", IF(AND(E60=14, INT(R60/20)>INT(R59/20)), "TN Ø14 (Lần " & INT(R60/20) & ")", IF(AND(E60=16, INT(S60/20)>INT(S59/20)), "TN Ø16 (Lần " & INT(S60/20) & ")", IF(AND(E60=18, INT(T60/20)>INT(T59/20)), "TN Ø18 (Lần " & INT(T60/20) & ")", IF(AND(E60=20, INT(U60/20)>INT(U59/20)), "TN Ø20 (Lần " & INT(U60/20) & ")", IF(AND(E60=22, INT(V60/20)>INT(V59/20)), "TN Ø22 (Lần " & INT(V60/20) & ")", IF(AND(E60=25, INT(W60/20)>INT(W59/20)), "TN Ø25 (Lần " & INT(W60/20) & ")", IF(AND(E60=28, INT(X60/20)>INT(X59/20)), "TN Ø28 (Lần " & INT(X60/20) & ")", IF(AND(E60=32, INT(Y60/20)>INT(Y59/20)), "TN Ø32 (Lần " & INT(Y60/20) & ")", IF(AND(F60="ASTM A416", INT(Z60/20)>INT(Z59/20)), "TN Cáp 15.2 (Lần " & INT(Z60/20) & ")", ""))))))))))) | P60: =ROUND(P59 + IF(AND(E60<=10, F60<>"ASTM A416"), L60, 0), 3) | Q60: =ROUND(Q59 + IF(AND(E60=12, F60<>"ASTM A416"), L60, 0), 3) | R60: =ROUND(R59 + IF(AND(E60=14, F60<>"ASTM A416"), L60, 0), 3) | S60: =ROUND(S59 + IF(AND(E60=16, F60<>"ASTM A416"), L60, 0), 3) | T60: =ROUND(T59 + IF(AND(E60=18, F60<>"ASTM A416"), L60, 0), 3) | U60: =ROUND(U59 + IF(AND(E60=20, F60<>"ASTM A416"), L60, 0), 3) | V60: =ROUND(V59 + IF(AND(E60=22, F60<>"ASTM A416"), L60, 0), 3) | W60: =ROUND(W59 + IF(AND(E60=25, F60<>"ASTM A416"), L60, 0), 3) | X60: =ROUND(X59 + IF(AND(E60=28, F60<>"ASTM A416"), L60, 0), 3) | Y60: =ROUND(Y59 + IF(AND(E60=32, F60<>"ASTM A416"), L60, 0), 3) | Z60: =ROUND(Z59 + IF(F60="ASTM A416", L60, 0), 3) | AA60: =IF(INT(P60/20)>INT(P59/20), "Lần " & INT(P60/20), "") | AB60: =IF(INT(Q60/20)>INT(Q59/20), "Lần " & INT(Q60/20), "") | AC60: =IF(INT(R60/20)>INT(R59/20), "Lần " & INT(R60/20), "") | AD60: =IF(INT(S60/20)>INT(S59/20), "Lần " & INT(S60/20), "") | AE60: =IF(INT(T60/20)>INT(T59/20), "Lần " & INT(T60/20), "") | AF60: =IF(INT(U60/20)>INT(U59/20), "Lần " & INT(U60/20), "") | AG60: =IF(INT(V60/20)>INT(V59/20), "Lần " & INT(V60/20), "") | AH60: =IF(INT(W60/20)>INT(W59/20), "Lần " & INT(W60/20), "") | ... AK60: =IF(INT(Z60/20)>INT(Z59/20), "Lần " & INT(Z60/20), "") | AL60: ĐẠT TCVN 1651:2018
A61: 54 | B61: Cọc khoan nhồi C1 Trụ T1 (D1.2m, L=40.0m) | C61: Đai tăng cường / Con kê bảo vệ | D61: P9 | E61: 12 | F61: CB400-V | G61: Móc neo / Vòng đai | H61: 0.379 | I61: 48 | J61: 0.888 | K61: =ROUND(H61*I61*J61, 2) | L61: =ROUND(K61/1000, 3) | O61: =IF(AND(E61<=10, F61<>"ASTM A416", INT(P61/20)>INT(P60/20)), "TN Ø10 (Lần " & INT(P61/20) & ")", IF(AND(E61=12, INT(Q61/20)>INT(Q60/20)), "TN Ø12 (Lần " & INT(Q61/20) & ")", IF(AND(E61=14, INT(R61/20)>INT(R60/20)), "TN Ø14 (Lần " & INT(R61/20) & ")", IF(AND(E61=16, INT(S61/20)>INT(S60/20)), "TN Ø16 (Lần " & INT(S61/20) & ")", IF(AND(E61=18, INT(T61/20)>INT(T60/20)), "TN Ø18 (Lần " & INT(T61/20) & ")", IF(AND(E61=20, INT(U61/20)>INT(U60/20)), "TN Ø20 (Lần " & INT(U61/20) & ")", IF(AND(E61=22, INT(V61/20)>INT(V60/20)), "TN Ø22 (Lần " & INT(V61/20) & ")", IF(AND(E61=25, INT(W61/20)>INT(W60/20)), "TN Ø25 (Lần " & INT(W61/20) & ")", IF(AND(E61=28, INT(X61/20)>INT(X60/20)), "TN Ø28 (Lần " & INT(X61/20) & ")", IF(AND(E61=32, INT(Y61/20)>INT(Y60/20)), "TN Ø32 (Lần " & INT(Y61/20) & ")", IF(AND(F61="ASTM A416", INT(Z61/20)>INT(Z60/20)), "TN Cáp 15.2 (Lần " & INT(Z61/20) & ")", ""))))))))))) | P61: =ROUND(P60 + IF(AND(E61<=10, F61<>"ASTM A416"), L61, 0), 3) | Q61: =ROUND(Q60 + IF(AND(E61=12, F61<>"ASTM A416"), L61, 0), 3) | R61: =ROUND(R60 + IF(AND(E61=14, F61<>"ASTM A416"), L61, 0), 3) | S61: =ROUND(S60 + IF(AND(E61=16, F61<>"ASTM A416"), L61, 0), 3) | T61: =ROUND(T60 + IF(AND(E61=18, F61<>"ASTM A416"), L61, 0), 3) | U61: =ROUND(U60 + IF(AND(E61=20, F61<>"ASTM A416"), L61, 0), 3) | V61: =ROUND(V60 + IF(AND(E61=22, F61<>"ASTM A416"), L61, 0), 3) | W61: =ROUND(W60 + IF(AND(E61=25, F61<>"ASTM A416"), L61, 0), 3) | X61: =ROUND(X60 + IF(AND(E61=28, F61<>"ASTM A416"), L61, 0), 3) | Y61: =ROUND(Y60 + IF(AND(E61=32, F61<>"ASTM A416"), L61, 0), 3) | Z61: =ROUND(Z60 + IF(F61="ASTM A416", L61, 0), 3) | AA61: =IF(INT(P61/20)>INT(P60/20), "Lần " & INT(P61/20), "") | AB61: =IF(INT(Q61/20)>INT(Q60/20), "Lần " & INT(Q61/20), "") | AC61: =IF(INT(R61/20)>INT(R60/20), "Lần " & INT(R61/20), "") | AD61: =IF(INT(S61/20)>INT(S60/20), "Lần " & INT(S61/20), "") | AE61: =IF(INT(T61/20)>INT(T60/20), "Lần " & INT(T61/20), "") | AF61: =IF(INT(U61/20)>INT(U60/20), "Lần " & INT(U61/20), "") | AG61: =IF(INT(V61/20)>INT(V60/20), "Lần " & INT(V61/20), "") | AH61: =IF(INT(W61/20)>INT(W60/20), "Lần " & INT(W61/20), "") | ... AK61: =IF(INT(Z61/20)>INT(Z60/20), "Lần " & INT(Z61/20), "") | AL61: ĐẠT TCVN 1651:2018
A62: 55 | B62: Cọc khoan nhồi C1 Trụ T1 (D1.2m, L=40.0m) | C62: Thép đai xoắn lồng cọc | D62: P10 | E62: 20 | F62: CB400-V | G62: Đai xoắn tròn | H62: 2.057 | I62: 1 | J62: 2.47 | K62: =ROUND(H62*I62*J62, 2) | L62: =ROUND(K62/1000, 3) | O62: =IF(AND(E62<=10, F62<>"ASTM A416", INT(P62/20)>INT(P61/20)), "TN Ø10 (Lần " & INT(P62/20) & ")", IF(AND(E62=12, INT(Q62/20)>INT(Q61/20)), "TN Ø12 (Lần " & INT(Q62/20) & ")", IF(AND(E62=14, INT(R62/20)>INT(R61/20)), "TN Ø14 (Lần " & INT(R62/20) & ")", IF(AND(E62=16, INT(S62/20)>INT(S61/20)), "TN Ø16 (Lần " & INT(S62/20) & ")", IF(AND(E62=18, INT(T62/20)>INT(T61/20)), "TN Ø18 (Lần " & INT(T62/20) & ")", IF(AND(E62=20, INT(U62/20)>INT(U61/20)), "TN Ø20 (Lần " & INT(U62/20) & ")", IF(AND(E62=22, INT(V62/20)>INT(V61/20)), "TN Ø22 (Lần " & INT(V62/20) & ")", IF(AND(E62=25, INT(W62/20)>INT(W61/20)), "TN Ø25 (Lần " & INT(W62/20) & ")", IF(AND(E62=28, INT(X62/20)>INT(X61/20)), "TN Ø28 (Lần " & INT(X62/20) & ")", IF(AND(E62=32, INT(Y62/20)>INT(Y61/20)), "TN Ø32 (Lần " & INT(Y62/20) & ")", IF(AND(F62="ASTM A416", INT(Z62/20)>INT(Z61/20)), "TN Cáp 15.2 (Lần " & INT(Z62/20) & ")", ""))))))))))) | P62: =ROUND(P61 + IF(AND(E62<=10, F62<>"ASTM A416"), L62, 0), 3) | Q62: =ROUND(Q61 + IF(AND(E62=12, F62<>"ASTM A416"), L62, 0), 3) | R62: =ROUND(R61 + IF(AND(E62=14, F62<>"ASTM A416"), L62, 0), 3) | S62: =ROUND(S61 + IF(AND(E62=16, F62<>"ASTM A416"), L62, 0), 3) | T62: =ROUND(T61 + IF(AND(E62=18, F62<>"ASTM A416"), L62, 0), 3) | U62: =ROUND(U61 + IF(AND(E62=20, F62<>"ASTM A416"), L62, 0), 3) | V62: =ROUND(V61 + IF(AND(E62=22, F62<>"ASTM A416"), L62, 0), 3) | W62: =ROUND(W61 + IF(AND(E62=25, F62<>"ASTM A416"), L62, 0), 3) | X62: =ROUND(X61 + IF(AND(E62=28, F62<>"ASTM A416"), L62, 0), 3) | Y62: =ROUND(Y61 + IF(AND(E62=32, F62<>"ASTM A416"), L62, 0), 3) | Z62: =ROUND(Z61 + IF(F62="ASTM A416", L62, 0), 3) | AA62: =IF(INT(P62/20)>INT(P61/20), "Lần " & INT(P62/20), "") | AB62: =IF(INT(Q62/20)>INT(Q61/20), "Lần " & INT(Q62/20), "") | AC62: =IF(INT(R62/20)>INT(R61/20), "Lần " & INT(R62/20), "") | AD62: =IF(INT(S62/20)>INT(S61/20), "Lần " & INT(S62/20), "") | AE62: =IF(INT(T62/20)>INT(T61/20), "Lần " & INT(T62/20), "") | AF62: =IF(INT(U62/20)>INT(U61/20), "Lần " & INT(U62/20), "") | AG62: =IF(INT(V62/20)>INT(V61/20), "Lần " & INT(V62/20), "") | AH62: =IF(INT(W62/20)>INT(W61/20), "Lần " & INT(W62/20), "") | ... AK62: =IF(INT(Z62/20)>INT(Z61/20), "Lần " & INT(Z62/20), "") | AL62: ĐẠT TCVN 1651:2018
... A64: 57 | B64: Cọc khoan nhồi C1 Trụ T1 (D1.2m, L=40.0m) | C64: Thép đai xoắn lồng cọc | D64: P12 | E64: 20 | F64: CB400-V | G64: Đai xoắn tròn | H64: 0.583 | I64: 64 | J64: 2.47 | K64: =ROUND(H64*I64*J64, 2) | L64: =ROUND(K64/1000, 3) | O64: =IF(AND(E64<=10, F64<>"ASTM A416", INT(P64/20)>INT(P63/20)), "TN Ø10 (Lần " & INT(P64/20) & ")", IF(AND(E64=12, INT(Q64/20)>INT(Q63/20)), "TN Ø12 (Lần " & INT(Q64/20) & ")", IF(AND(E64=14, INT(R64/20)>INT(R63/20)), "TN Ø14 (Lần " & INT(R64/20) & ")", IF(AND(E64=16, INT(S64/20)>INT(S63/20)), "TN Ø16 (Lần " & INT(S64/20) & ")", IF(AND(E64=18, INT(T64/20)>INT(T63/20)), "TN Ø18 (Lần " & INT(T64/20) & ")", IF(AND(E64=20, INT(U64/20)>INT(U63/20)), "TN Ø20 (Lần " & INT(U64/20) & ")", IF(AND(E64=22, INT(V64/20)>INT(V63/20)), "TN Ø22 (Lần " & INT(V64/20) & ")", IF(AND(E64=25, INT(W64/20)>INT(W63/20)), "TN Ø25 (Lần " & INT(W64/20) & ")", IF(AND(E64=28, INT(X64/20)>INT(X63/20)), "TN Ø28 (Lần " & INT(X64/20) & ")", IF(AND(E64=32, INT(Y64/20)>INT(Y63/20)), "TN Ø32 (Lần " & INT(Y64/20) & ")", IF(AND(F64="ASTM A416", INT(Z64/20)>INT(Z63/20)), "TN Cáp 15.2 (Lần " & INT(Z64/20) & ")", ""))))))))))) | P64: =ROUND(P63 + IF(AND(E64<=10, F64<>"ASTM A416"), L64, 0), 3) | Q64: =ROUND(Q63 + IF(AND(E64=12, F64<>"ASTM A416"), L64, 0), 3) | R64: =ROUND(R63 + IF(AND(E64=14, F64<>"ASTM A416"), L64, 0), 3) | S64: =ROUND(S63 + IF(AND(E64=16, F64<>"ASTM A416"), L64, 0), 3) | T64: =ROUND(T63 + IF(AND(E64=18, F64<>"ASTM A416"), L64, 0), 3) | U64: =ROUND(U63 + IF(AND(E64=20, F64<>"ASTM A416"), L64, 0), 3) | V64: =ROUND(V63 + IF(AND(E64=22, F64<>"ASTM A416"), L64, 0), 3) | W64: =ROUND(W63 + IF(AND(E64=25, F64<>"ASTM A416"), L64, 0), 3) | X64: =ROUND(X63 + IF(AND(E64=28, F64<>"ASTM A416"), L64, 0), 3) | Y64: =ROUND(Y63 + IF(AND(E64=32, F64<>"ASTM A416"), L64, 0), 3) | Z64: =ROUND(Z63 + IF(F64="ASTM A416", L64, 0), 3) | AA64: =IF(INT(P64/20)>INT(P63/20), "Lần " & INT(P64/20), "") | AB64: =IF(INT(Q64/20)>INT(Q63/20), "Lần " & INT(Q64/20), "") | AC64: =IF(INT(R64/20)>INT(R63/20), "Lần " & INT(R64/20), "") | AD64: =IF(INT(S64/20)>INT(S63/20), "Lần " & INT(S64/20), "") | AE64: =IF(INT(T64/20)>INT(T63/20), "Lần " & INT(T64/20), "") | AF64: =IF(INT(U64/20)>INT(U63/20), "Lần " & INT(U64/20), "") | AG64: =IF(INT(V64/20)>INT(V63/20), "Lần " & INT(V64/20), "") | AH64: =IF(INT(W64/20)>INT(W63/20), "Lần " & INT(W64/20), "") | ... AK64: =IF(INT(Z64/20)>INT(Z63/20), "Lần " & INT(Z64/20), "") | AL64: ĐẠT TCVN 1651:2018
A65: --- CỌC KHOAN NHỒI C2 TRỤ T1 (D1.2M, L=40.0M) ---
A66: 58 | B66: Cọc khoan nhồi C2 Trụ T1 (D1.2m, L=40.0m) | C66: Thép đai xoắn lồng cọc | D66: P1 | E66: 10 | F66: CB240-T | G66: Đai xoắn tròn | H66: 96.604 | I66: 1 | J66: 0.617 | K66: =ROUND(H66*I66*J66, 2) | L66: =ROUND(K66/1000, 3) | O66: =IF(AND(E66<=10, F66<>"ASTM A416", INT(P66/20)>INT(P64/20)), "TN Ø10 (Lần " & INT(P66/20) & ")", IF(AND(E66=12, INT(Q66/20)>INT(Q64/20)), "TN Ø12 (Lần " & INT(Q66/20) & ")", IF(AND(E66=14, INT(R66/20)>INT(R64/20)), "TN Ø14 (Lần " & INT(R66/20) & ")", IF(AND(E66=16, INT(S66/20)>INT(S64/20)), "TN Ø16 (Lần " & INT(S66/20) & ")", IF(AND(E66=18, INT(T66/20)>INT(T64/20)), "TN Ø18 (Lần " & INT(T66/20) & ")", IF(AND(E66=20, INT(U66/20)>INT(U64/20)), "TN Ø20 (Lần " & INT(U66/20) & ")", IF(AND(E66=22, INT(V66/20)>INT(V64/20)), "TN Ø22 (Lần " & INT(V66/20) & ")", IF(AND(E66=25, INT(W66/20)>INT(W64/20)), "TN Ø25 (Lần " & INT(W66/20) & ")", IF(AND(E66=28, INT(X66/20)>INT(X64/20)), "TN Ø28 (Lần " & INT(X66/20) & ")", IF(AND(E66=32, INT(Y66/20)>INT(Y64/20)), "TN Ø32 (Lần " & INT(Y66/20) & ")", IF(AND(F66="ASTM A416", INT(Z66/20)>INT(Z64/20)), "TN Cáp 15.2 (Lần " & INT(Z66/20) & ")", ""))))))))))) | P66: =ROUND(P64 + IF(AND(E66<=10, F66<>"ASTM A416"), L66, 0), 3) | Q66: =ROUND(Q64 + IF(AND(E66=12, F66<>"ASTM A416"), L66, 0), 3) | R66: =ROUND(R64 + IF(AND(E66=14, F66<>"ASTM A416"), L66, 0), 3) | S66: =ROUND(S64 + IF(AND(E66=16, F66<>"ASTM A416"), L66, 0), 3) | T66: =ROUND(T64 + IF(AND(E66=18, F66<>"ASTM A416"), L66, 0), 3) | U66: =ROUND(U64 + IF(AND(E66=20, F66<>"ASTM A416"), L66, 0), 3) | V66: =ROUND(V64 + IF(AND(E66=22, F66<>"ASTM A416"), L66, 0), 3) | W66: =ROUND(W64 + IF(AND(E66=25, F66<>"ASTM A416"), L66, 0), 3) | X66: =ROUND(X64 + IF(AND(E66=28, F66<>"ASTM A416"), L66, 0), 3) | Y66: =ROUND(Y64 + IF(AND(E66=32, F66<>"ASTM A416"), L66, 0), 3) | Z66: =ROUND(Z64 + IF(F66="ASTM A416", L66, 0), 3) | AA66: =IF(INT(P66/20)>INT(P64/20), "Lần " & INT(P66/20), "") | AB66: =IF(INT(Q66/20)>INT(Q64/20), "Lần " & INT(Q66/20), "") | AC66: =IF(INT(R66/20)>INT(R64/20), "Lần " & INT(R66/20), "") | AD66: =IF(INT(S66/20)>INT(S64/20), "Lần " & INT(S66/20), "") | AE66: =IF(INT(T66/20)>INT(T64/20), "Lần " & INT(T66/20), "") | AF66: =IF(INT(U66/20)>INT(U64/20), "Lần " & INT(U66/20), "") | AG66: =IF(INT(V66/20)>INT(V64/20), "Lần " & INT(V66/20), "") | AH66: =IF(INT(W66/20)>INT(W64/20), "Lần " & INT(W66/20), "") | ... AK66: =IF(INT(Z66/20)>INT(Z64/20), "Lần " & INT(Z66/20), "") | AL66: ĐẠT TCVN 1651:2018
A67: 59 | B67: Cọc khoan nhồi C2 Trụ T1 (D1.2m, L=40.0m) | C67: Thép đai xoắn lồng cọc | D67: P1A | E67: 10 | F67: CB240-T | G67: Đai xoắn tròn | H67: 389.636 | I67: 1 | J67: 0.617 | K67: =ROUND(H67*I67*J67, 2) | L67: =ROUND(K67/1000, 3) | O67: =IF(AND(E67<=10, F67<>"ASTM A416", INT(P67/20)>INT(P66/20)), "TN Ø10 (Lần " & INT(P67/20) & ")", IF(AND(E67=12, INT(Q67/20)>INT(Q66/20)), "TN Ø12 (Lần " & INT(Q67/20) & ")", IF(AND(E67=14, INT(R67/20)>INT(R66/20)), "TN Ø14 (Lần " & INT(R67/20) & ")", IF(AND(E67=16, INT(S67/20)>INT(S66/20)), "TN Ø16 (Lần " & INT(S67/20) & ")", IF(AND(E67=18, INT(T67/20)>INT(T66/20)), "TN Ø18 (Lần " & INT(T67/20) & ")", IF(AND(E67=20, INT(U67/20)>INT(U66/20)), "TN Ø20 (Lần " & INT(U67/20) & ")", IF(AND(E67=22, INT(V67/20)>INT(V66/20)), "TN Ø22 (Lần " & INT(V67/20) & ")", IF(AND(E67=25, INT(W67/20)>INT(W66/20)), "TN Ø25 (Lần " & INT(W67/20) & ")", IF(AND(E67=28, INT(X67/20)>INT(X66/20)), "TN Ø28 (Lần " & INT(X67/20) & ")", IF(AND(E67=32, INT(Y67/20)>INT(Y66/20)), "TN Ø32 (Lần " & INT(Y67/20) & ")", IF(AND(F67="ASTM A416", INT(Z67/20)>INT(Z66/20)), "TN Cáp 15.2 (Lần " & INT(Z67/20) & ")", ""))))))))))) | P67: =ROUND(P66 + IF(AND(E67<=10, F67<>"ASTM A416"), L67, 0), 3) | Q67: =ROUND(Q66 + IF(AND(E67=12, F67<>"ASTM A416"), L67, 0), 3) | R67: =ROUND(R66 + IF(AND(E67=14, F67<>"ASTM A416"), L67, 0), 3) | S67: =ROUND(S66 + IF(AND(E67=16, F67<>"ASTM A416"), L67, 0), 3) | T67: =ROUND(T66 + IF(AND(E67=18, F67<>"ASTM A416"), L67, 0), 3) | U67: =ROUND(U66 + IF(AND(E67=20, F67<>"ASTM A416"), L67, 0), 3) | V67: =ROUND(V66 + IF(AND(E67=22, F67<>"ASTM A416"), L67, 0), 3) | W67: =ROUND(W66 + IF(AND(E67=25, F67<>"ASTM A416"), L67, 0), 3) | X67: =ROUND(X66 + IF(AND(E67=28, F67<>"ASTM A416"), L67, 0), 3) | Y67: =ROUND(Y66 + IF(AND(E67=32, F67<>"ASTM A416"), L67, 0), 3) | Z67: =ROUND(Z66 + IF(F67="ASTM A416", L67, 0), 3) | AA67: =IF(INT(P67/20)>INT(P66/20), "Lần " & INT(P67/20), "") | AB67: =IF(INT(Q67/20)>INT(Q66/20), "Lần " & INT(Q67/20), "") | AC67: =IF(INT(R67/20)>INT(R66/20), "Lần " & INT(R67/20), "") | AD67: =IF(INT(S67/20)>INT(S66/20), "Lần " & INT(S67/20), "") | AE67: =IF(INT(T67/20)>INT(T66/20), "Lần " & INT(T67/20), "") | AF67: =IF(INT(U67/20)>INT(U66/20), "Lần " & INT(U67/20), "") | AG67: =IF(INT(V67/20)>INT(V66/20), "Lần " & INT(V67/20), "") | AH67: =IF(INT(W67/20)>INT(W66/20), "Lần " & INT(W67/20), "") | ... AK67: =IF(INT(Z67/20)>INT(Z66/20), "Lần " & INT(Z67/20), "") | AL67: ĐẠT TCVN 1651:2018
A68: 60 | B68: Cọc khoan nhồi C2 Trụ T1 (D1.2m, L=40.0m) | C68: Thép đai xoắn lồng cọc | D68: P1B | E68: 10 | F68: CB240-T | G68: Đai xoắn tròn | H68: 206.981 | I68: 1 | J68: 0.617 | K68: =ROUND(H68*I68*J68, 2) | L68: =ROUND(K68/1000, 3) | O68: =IF(AND(E68<=10, F68<>"ASTM A416", INT(P68/20)>INT(P67/20)), "TN Ø10 (Lần " & INT(P68/20) & ")", IF(AND(E68=12, INT(Q68/20)>INT(Q67/20)), "TN Ø12 (Lần " & INT(Q68/20) & ")", IF(AND(E68=14, INT(R68/20)>INT(R67/20)), "TN Ø14 (Lần " & INT(R68/20) & ")", IF(AND(E68=16, INT(S68/20)>INT(S67/20)), "TN Ø16 (Lần " & INT(S68/20) & ")", IF(AND(E68=18, INT(T68/20)>INT(T67/20)), "TN Ø18 (Lần " & INT(T68/20) & ")", IF(AND(E68=20, INT(U68/20)>INT(U67/20)), "TN Ø20 (Lần " & INT(U68/20) & ")", IF(AND(E68=22, INT(V68/20)>INT(V67/20)), "TN Ø22 (Lần " & INT(V68/20) & ")", IF(AND(E68=25, INT(W68/20)>INT(W67/20)), "TN Ø25 (Lần " & INT(W68/20) & ")", IF(AND(E68=28, INT(X68/20)>INT(X67/20)), "TN Ø28 (Lần " & INT(X68/20) & ")", IF(AND(E68=32, INT(Y68/20)>INT(Y67/20)), "TN Ø32 (Lần " & INT(Y68/20) & ")", IF(AND(F68="ASTM A416", INT(Z68/20)>INT(Z67/20)), "TN Cáp 15.2 (Lần " & INT(Z68/20) & ")", ""))))))))))) | P68: =ROUND(P67 + IF(AND(E68<=10, F68<>"ASTM A416"), L68, 0), 3) | Q68: =ROUND(Q67 + IF(AND(E68=12, F68<>"ASTM A416"), L68, 0), 3) | R68: =ROUND(R67 + IF(AND(E68=14, F68<>"ASTM A416"), L68, 0), 3) | S68: =ROUND(S67 + IF(AND(E68=16, F68<>"ASTM A416"), L68, 0), 3) | T68: =ROUND(T67 + IF(AND(E68=18, F68<>"ASTM A416"), L68, 0), 3) | U68: =ROUND(U67 + IF(AND(E68=20, F68<>"ASTM A416"), L68, 0), 3) | V68: =ROUND(V67 + IF(AND(E68=22, F68<>"ASTM A416"), L68, 0), 3) | W68: =ROUND(W67 + IF(AND(E68=25, F68<>"ASTM A416"), L68, 0), 3) | X68: =ROUND(X67 + IF(AND(E68=28, F68<>"ASTM A416"), L68, 0), 3) | Y68: =ROUND(Y67 + IF(AND(E68=32, F68<>"ASTM A416"), L68, 0), 3) | Z68: =ROUND(Z67 + IF(F68="ASTM A416", L68, 0), 3) | AA68: =IF(INT(P68/20)>INT(P67/20), "Lần " & INT(P68/20), "") | AB68: =IF(INT(Q68/20)>INT(Q67/20), "Lần " & INT(Q68/20), "") | AC68: =IF(INT(R68/20)>INT(R67/20), "Lần " & INT(R68/20), "") | AD68: =IF(INT(S68/20)>INT(S67/20), "Lần " & INT(S68/20), "") | AE68: =IF(INT(T68/20)>INT(T67/20), "Lần " & INT(T68/20), "") | AF68: =IF(INT(U68/20)>INT(U67/20), "Lần " & INT(U68/20), "") | AG68: =IF(INT(V68/20)>INT(V67/20), "Lần " & INT(V68/20), "") | AH68: =IF(INT(W68/20)>INT(W67/20), "Lần " & INT(W68/20), "") | ... AK68: =IF(INT(Z68/20)>INT(Z67/20), "Lần " & INT(Z68/20), "") | AL68: ĐẠT TCVN 1651:2018
A69: 61 | B69: Cọc khoan nhồi C2 Trụ T1 (D1.2m, L=40.0m) | C69: Thép đai xoắn lồng cọc | D69: P1C | E69: 10 | F69: CB240-T | G69: Đai xoắn tròn | H69: 3.592 | I69: 2 | J69: 0.617 | K69: =ROUND(H69*I69*J69, 2) | L69: =ROUND(K69/1000, 3) | O69: =IF(AND(E69<=10, F69<>"ASTM A416", INT(P69/20)>INT(P68/20)), "TN Ø10 (Lần " & INT(P69/20) & ")", IF(AND(E69=12, INT(Q69/20)>INT(Q68/20)), "TN Ø12 (Lần " & INT(Q69/20) & ")", IF(AND(E69=14, INT(R69/20)>INT(R68/20)), "TN Ø14 (Lần " & INT(R69/20) & ")", IF(AND(E69=16, INT(S69/20)>INT(S68/20)), "TN Ø16 (Lần " & INT(S69/20) & ")", IF(AND(E69=18, INT(T69/20)>INT(T68/20)), "TN Ø18 (Lần " & INT(T69/20) & ")", IF(AND(E69=20, INT(U69/20)>INT(U68/20)), "TN Ø20 (Lần " & INT(U69/20) & ")", IF(AND(E69=22, INT(V69/20)>INT(V68/20)), "TN Ø22 (Lần " & INT(V69/20) & ")", IF(AND(E69=25, INT(W69/20)>INT(W68/20)), "TN Ø25 (Lần " & INT(W69/20) & ")", IF(AND(E69=28, INT(X69/20)>INT(X68/20)), "TN Ø28 (Lần " & INT(X69/20) & ")", IF(AND(E69=32, INT(Y69/20)>INT(Y68/20)), "TN Ø32 (Lần " & INT(Y69/20) & ")", IF(AND(F69="ASTM A416", INT(Z69/20)>INT(Z68/20)), "TN Cáp 15.2 (Lần " & INT(Z69/20) & ")", ""))))))))))) | P69: =ROUND(P68 + IF(AND(E69<=10, F69<>"ASTM A416"), L69, 0), 3) | Q69: =ROUND(Q68 + IF(AND(E69=12, F69<>"ASTM A416"), L69, 0), 3) | R69: =ROUND(R68 + IF(AND(E69=14, F69<>"ASTM A416"), L69, 0), 3) | S69: =ROUND(S68 + IF(AND(E69=16, F69<>"ASTM A416"), L69, 0), 3) | T69: =ROUND(T68 + IF(AND(E69=18, F69<>"ASTM A416"), L69, 0), 3) | U69: =ROUND(U68 + IF(AND(E69=20, F69<>"ASTM A416"), L69, 0), 3) | V69: =ROUND(V68 + IF(AND(E69=22, F69<>"ASTM A416"), L69, 0), 3) | W69: =ROUND(W68 + IF(AND(E69=25, F69<>"ASTM A416"), L69, 0), 3) | X69: =ROUND(X68 + IF(AND(E69=28, F69<>"ASTM A416"), L69, 0), 3) | Y69: =ROUND(Y68 + IF(AND(E69=32, F69<>"ASTM A416"), L69, 0), 3) | Z69: =ROUND(Z68 + IF(F69="ASTM A416", L69, 0), 3) | AA69: =IF(INT(P69/20)>INT(P68/20), "Lần " & INT(P69/20), "") | AB69: =IF(INT(Q69/20)>INT(Q68/20), "Lần " & INT(Q69/20), "") | AC69: =IF(INT(R69/20)>INT(R68/20), "Lần " & INT(R69/20), "") | AD69: =IF(INT(S69/20)>INT(S68/20), "Lần " & INT(S69/20), "") | AE69: =IF(INT(T69/20)>INT(T68/20), "Lần " & INT(T69/20), "") | AF69: =IF(INT(U69/20)>INT(U68/20), "Lần " & INT(U69/20), "") | AG69: =IF(INT(V69/20)>INT(V68/20), "Lần " & INT(V69/20), "") | AH69: =IF(INT(W69/20)>INT(W68/20), "Lần " & INT(W69/20), "") | ... AK69: =IF(INT(Z69/20)>INT(Z68/20), "Lần " & INT(Z69/20), "") | AL69: ĐẠT TCVN 1651:2018
A70: 62 | B70: Cọc khoan nhồi C2 Trụ T1 (D1.2m, L=40.0m) | C70: Thép đai xoắn lồng cọc | D70: P1D | E70: 10 | F70: CB240-T | G70: Đai xoắn tròn | H70: 19.721 | I70: 1 | J70: 0.617 | K70: =ROUND(H70*I70*J70, 2) | L70: =ROUND(K70/1000, 3) | O70: =IF(AND(E70<=10, F70<>"ASTM A416", INT(P70/20)>INT(P69/20)), "TN Ø10 (Lần " & INT(P70/20) & ")", IF(AND(E70=12, INT(Q70/20)>INT(Q69/20)), "TN Ø12 (Lần " & INT(Q70/20) & ")", IF(AND(E70=14, INT(R70/20)>INT(R69/20)), "TN Ø14 (Lần " & INT(R70/20) & ")", IF(AND(E70=16, INT(S70/20)>INT(S69/20)), "TN Ø16 (Lần " & INT(S70/20) & ")", IF(AND(E70=18, INT(T70/20)>INT(T69/20)), "TN Ø18 (Lần " & INT(T70/20) & ")", IF(AND(E70=20, INT(U70/20)>INT(U69/20)), "TN Ø20 (Lần " & INT(U70/20) & ")", IF(AND(E70=22, INT(V70/20)>INT(V69/20)), "TN Ø22 (Lần " & INT(V70/20) & ")", IF(AND(E70=25, INT(W70/20)>INT(W69/20)), "TN Ø25 (Lần " & INT(W70/20) & ")", IF(AND(E70=28, INT(X70/20)>INT(X69/20)), "TN Ø28 (Lần " & INT(X70/20) & ")", IF(AND(E70=32, INT(Y70/20)>INT(Y69/20)), "TN Ø32 (Lần " & INT(Y70/20) & ")", IF(AND(F70="ASTM A416", INT(Z70/20)>INT(Z69/20)), "TN Cáp 15.2 (Lần " & INT(Z70/20) & ")", ""))))))))))) | P70: =ROUND(P69 + IF(AND(E70<=10, F70<>"ASTM A416"), L70, 0), 3) | Q70: =ROUND(Q69 + IF(AND(E70=12, F70<>"ASTM A416"), L70, 0), 3) | R70: =ROUND(R69 + IF(AND(E70=14, F70<>"ASTM A416"), L70, 0), 3) | S70: =ROUND(S69 + IF(AND(E70=16, F70<>"ASTM A416"), L70, 0), 3) | T70: =ROUND(T69 + IF(AND(E70=18, F70<>"ASTM A416"), L70, 0), 3) | U70: =ROUND(U69 + IF(AND(E70=20, F70<>"ASTM A416"), L70, 0), 3) | V70: =ROUND(V69 + IF(AND(E70=22, F70<>"ASTM A416"), L70, 0), 3) | W70: =ROUND(W69 + IF(AND(E70=25, F70<>"ASTM A416"), L70, 0), 3) | X70: =ROUND(X69 + IF(AND(E70=28, F70<>"ASTM A416"), L70, 0), 3) | Y70: =ROUND(Y69 + IF(AND(E70=32, F70<>"ASTM A416"), L70, 0), 3) | Z70: =ROUND(Z69 + IF(F70="ASTM A416", L70, 0), 3) | AA70: =IF(INT(P70/20)>INT(P69/20), "Lần " & INT(P70/20), "") | AB70: =IF(INT(Q70/20)>INT(Q69/20), "Lần " & INT(Q70/20), "") | AC70: =IF(INT(R70/20)>INT(R69/20), "Lần " & INT(R70/20), "") | AD70: =IF(INT(S70/20)>INT(S69/20), "Lần " & INT(S70/20), "") | AE70: =IF(INT(T70/20)>INT(T69/20), "Lần " & INT(T70/20), "") | AF70: =IF(INT(U70/20)>INT(U69/20), "Lần " & INT(U70/20), "") | AG70: =IF(INT(V70/20)>INT(V69/20), "Lần " & INT(V70/20), "") | AH70: =IF(INT(W70/20)>INT(W69/20), "Lần " & INT(W70/20), "") | ... AK70: =IF(INT(Z70/20)>INT(Z69/20), "Lần " & INT(Z70/20), "") | AL70: ĐẠT TCVN 1651:2018
A71: 63 | B71: Cọc khoan nhồi C2 Trụ T1 (D1.2m, L=40.0m) | C71: Cốt thép chủ chịu lực cọc | D71: P2B | E71: 25 | F71: CB400-V | G71: Thanh thẳng nối ren/hàn | H71: 2.985 | I71: 16 | J71: 3.85 | K71: =ROUND(H71*I71*J71, 2) | L71: =ROUND(K71/1000, 3) | O71: =IF(AND(E71<=10, F71<>"ASTM A416", INT(P71/20)>INT(P70/20)), "TN Ø10 (Lần " & INT(P71/20) & ")", IF(AND(E71=12, INT(Q71/20)>INT(Q70/20)), "TN Ø12 (Lần " & INT(Q71/20) & ")", IF(AND(E71=14, INT(R71/20)>INT(R70/20)), "TN Ø14 (Lần " & INT(R71/20) & ")", IF(AND(E71=16, INT(S71/20)>INT(S70/20)), "TN Ø16 (Lần " & INT(S71/20) & ")", IF(AND(E71=18, INT(T71/20)>INT(T70/20)), "TN Ø18 (Lần " & INT(T71/20) & ")", IF(AND(E71=20, INT(U71/20)>INT(U70/20)), "TN Ø20 (Lần " & INT(U71/20) & ")", IF(AND(E71=22, INT(V71/20)>INT(V70/20)), "TN Ø22 (Lần " & INT(V71/20) & ")", IF(AND(E71=25, INT(W71/20)>INT(W70/20)), "TN Ø25 (Lần " & INT(W71/20) & ")", IF(AND(E71=28, INT(X71/20)>INT(X70/20)), "TN Ø28 (Lần " & INT(X71/20) & ")", IF(AND(E71=32, INT(Y71/20)>INT(Y70/20)), "TN Ø32 (Lần " & INT(Y71/20) & ")", IF(AND(F71="ASTM A416", INT(Z71/20)>INT(Z70/20)), "TN Cáp 15.2 (Lần " & INT(Z71/20) & ")", ""))))))))))) | P71: =ROUND(P70 + IF(AND(E71<=10, F71<>"ASTM A416"), L71, 0), 3) | Q71: =ROUND(Q70 + IF(AND(E71=12, F71<>"ASTM A416"), L71, 0), 3) | R71: =ROUND(R70 + IF(AND(E71=14, F71<>"ASTM A416"), L71, 0), 3) | S71: =ROUND(S70 + IF(AND(E71=16, F71<>"ASTM A416"), L71, 0), 3) | T71: =ROUND(T70 + IF(AND(E71=18, F71<>"ASTM A416"), L71, 0), 3) | U71: =ROUND(U70 + IF(AND(E71=20, F71<>"ASTM A416"), L71, 0), 3) | V71: =ROUND(V70 + IF(AND(E71=22, F71<>"ASTM A416"), L71, 0), 3) | W71: =ROUND(W70 + IF(AND(E71=25, F71<>"ASTM A416"), L71, 0), 3) | X71: =ROUND(X70 + IF(AND(E71=28, F71<>"ASTM A416"), L71, 0), 3) | Y71: =ROUND(Y70 + IF(AND(E71=32, F71<>"ASTM A416"), L71, 0), 3) | Z71: =ROUND(Z70 + IF(F71="ASTM A416", L71, 0), 3) | AA71: =IF(INT(P71/20)>INT(P70/20), "Lần " & INT(P71/20), "") | AB71: =IF(INT(Q71/20)>INT(Q70/20), "Lần " & INT(Q71/20), "") | AC71: =IF(INT(R71/20)>INT(R70/20), "Lần " & INT(R71/20), "") | AD71: =IF(INT(S71/20)>INT(S70/20), "Lần " & INT(S71/20), "") | AE71: =IF(INT(T71/20)>INT(T70/20), "Lần " & INT(T71/20), "") | AF71: =IF(INT(U71/20)>INT(U70/20), "Lần " & INT(U71/20), "") | AG71: =IF(INT(V71/20)>INT(V70/20), "Lần " & INT(V71/20), "") | AH71: =IF(INT(W71/20)>INT(W70/20), "Lần " & INT(W71/20), "") | ... AK71: =IF(INT(Z71/20)>INT(Z70/20), "Lần " & INT(Z71/20), "") | AL71: ĐẠT TCVN 1651:2018
A72: 64 | B72: Cọc khoan nhồi C2 Trụ T1 (D1.2m, L=40.0m) | C72: Cốt thép chủ chịu lực cọc | D72: P3 | E72: 25 | F72: CB400-V | G72: Thanh thẳng nối ren/hàn | H72: 10.7 | I72: 12 | J72: 3.85 | K72: =ROUND(H72*I72*J72, 2) | L72: =ROUND(K72/1000, 3) | O72: =IF(AND(E72<=10, F72<>"ASTM A416", INT(P72/20)>INT(P71/20)), "TN Ø10 (Lần " & INT(P72/20) & ")", IF(AND(E72=12, INT(Q72/20)>INT(Q71/20)), "TN Ø12 (Lần " & INT(Q72/20) & ")", IF(AND(E72=14, INT(R72/20)>INT(R71/20)), "TN Ø14 (Lần " & INT(R72/20) & ")", IF(AND(E72=16, INT(S72/20)>INT(S71/20)), "TN Ø16 (Lần " & INT(S72/20) & ")", IF(AND(E72=18, INT(T72/20)>INT(T71/20)), "TN Ø18 (Lần " & INT(T72/20) & ")", IF(AND(E72=20, INT(U72/20)>INT(U71/20)), "TN Ø20 (Lần " & INT(U72/20) & ")", IF(AND(E72=22, INT(V72/20)>INT(V71/20)), "TN Ø22 (Lần " & INT(V72/20) & ")", IF(AND(E72=25, INT(W72/20)>INT(W71/20)), "TN Ø25 (Lần " & INT(W72/20) & ")", IF(AND(E72=28, INT(X72/20)>INT(X71/20)), "TN Ø28 (Lần " & INT(X72/20) & ")", IF(AND(E72=32, INT(Y72/20)>INT(Y71/20)), "TN Ø32 (Lần " & INT(Y72/20) & ")", IF(AND(F72="ASTM A416", INT(Z72/20)>INT(Z71/20)), "TN Cáp 15.2 (Lần " & INT(Z72/20) & ")", ""))))))))))) | P72: =ROUND(P71 + IF(AND(E72<=10, F72<>"ASTM A416"), L72, 0), 3) | Q72: =ROUND(Q71 + IF(AND(E72=12, F72<>"ASTM A416"), L72, 0), 3) | R72: =ROUND(R71 + IF(AND(E72=14, F72<>"ASTM A416"), L72, 0), 3) | S72: =ROUND(S71 + IF(AND(E72=16, F72<>"ASTM A416"), L72, 0), 3) | T72: =ROUND(T71 + IF(AND(E72=18, F72<>"ASTM A416"), L72, 0), 3) | U72: =ROUND(U71 + IF(AND(E72=20, F72<>"ASTM A416"), L72, 0), 3) | V72: =ROUND(V71 + IF(AND(E72=22, F72<>"ASTM A416"), L72, 0), 3) | W72: =ROUND(W71 + IF(AND(E72=25, F72<>"ASTM A416"), L72, 0), 3) | X72: =ROUND(X71 + IF(AND(E72=28, F72<>"ASTM A416"), L72, 0), 3) | Y72: =ROUND(Y71 + IF(AND(E72=32, F72<>"ASTM A416"), L72, 0), 3) | Z72: =ROUND(Z71 + IF(F72="ASTM A416", L72, 0), 3) | AA72: =IF(INT(P72/20)>INT(P71/20), "Lần " & INT(P72/20), "") | AB72: =IF(INT(Q72/20)>INT(Q71/20), "Lần " & INT(Q72/20), "") | AC72: =IF(INT(R72/20)>INT(R71/20), "Lần " & INT(R72/20), "") | AD72: =IF(INT(S72/20)>INT(S71/20), "Lần " & INT(S72/20), "") | AE72: =IF(INT(T72/20)>INT(T71/20), "Lần " & INT(T72/20), "") | AF72: =IF(INT(U72/20)>INT(U71/20), "Lần " & INT(U72/20), "") | AG72: =IF(INT(V72/20)>INT(V71/20), "Lần " & INT(V72/20), "") | AH72: =IF(INT(W72/20)>INT(W71/20), "Lần " & INT(W72/20), "") | ... AK72: =IF(INT(Z72/20)>INT(Z71/20), "Lần " & INT(Z72/20), "") | AL72: ĐẠT TCVN 1651:2018
A73: 65 | B73: Cọc khoan nhồi C2 Trụ T1 (D1.2m, L=40.0m) | C73: Cốt thép chủ chịu lực cọc | D73: P4 | E73: 25 | F73: CB400-V | G73: Thanh thẳng nối ren/hàn | H73: 11.7 | I73: 60 | J73: 3.85 | K73: =ROUND(H73*I73*J73, 2) | L73: =ROUND(K73/1000, 3) | O73: =IF(AND(E73<=10, F73<>"ASTM A416", INT(P73/20)>INT(P72/20)), "TN Ø10 (Lần " & INT(P73/20) & ")", IF(AND(E73=12, INT(Q73/20)>INT(Q72/20)), "TN Ø12 (Lần " & INT(Q73/20) & ")", IF(AND(E73=14, INT(R73/20)>INT(R72/20)), "TN Ø14 (Lần " & INT(R73/20) & ")", IF(AND(E73=16, INT(S73/20)>INT(S72/20)), "TN Ø16 (Lần " & INT(S73/20) & ")", IF(AND(E73=18, INT(T73/20)>INT(T72/20)), "TN Ø18 (Lần " & INT(T73/20) & ")", IF(AND(E73=20, INT(U73/20)>INT(U72/20)), "TN Ø20 (Lần " & INT(U73/20) & ")", IF(AND(E73=22, INT(V73/20)>INT(V72/20)), "TN Ø22 (Lần " & INT(V73/20) & ")", IF(AND(E73=25, INT(W73/20)>INT(W72/20)), "TN Ø25 (Lần " & INT(W73/20) & ")", IF(AND(E73=28, INT(X73/20)>INT(X72/20)), "TN Ø28 (Lần " & INT(X73/20) & ")", IF(AND(E73=32, INT(Y73/20)>INT(Y72/20)), "TN Ø32 (Lần " & INT(Y73/20) & ")", IF(AND(F73="ASTM A416", INT(Z73/20)>INT(Z72/20)), "TN Cáp 15.2 (Lần " & INT(Z73/20) & ")", ""))))))))))) | P73: =ROUND(P72 + IF(AND(E73<=10, F73<>"ASTM A416"), L73, 0), 3) | Q73: =ROUND(Q72 + IF(AND(E73=12, F73<>"ASTM A416"), L73, 0), 3) | R73: =ROUND(R72 + IF(AND(E73=14, F73<>"ASTM A416"), L73, 0), 3) | S73: =ROUND(S72 + IF(AND(E73=16, F73<>"ASTM A416"), L73, 0), 3) | T73: =ROUND(T72 + IF(AND(E73=18, F73<>"ASTM A416"), L73, 0), 3) | U73: =ROUND(U72 + IF(AND(E73=20, F73<>"ASTM A416"), L73, 0), 3) | V73: =ROUND(V72 + IF(AND(E73=22, F73<>"ASTM A416"), L73, 0), 3) | W73: =ROUND(W72 + IF(AND(E73=25, F73<>"ASTM A416"), L73, 0), 3) | X73: =ROUND(X72 + IF(AND(E73=28, F73<>"ASTM A416"), L73, 0), 3) | Y73: =ROUND(Y72 + IF(AND(E73=32, F73<>"ASTM A416"), L73, 0), 3) | Z73: =ROUND(Z72 + IF(F73="ASTM A416", L73, 0), 3) | AA73: =IF(INT(P73/20)>INT(P72/20), "Lần " & INT(P73/20), "") | AB73: =IF(INT(Q73/20)>INT(Q72/20), "Lần " & INT(Q73/20), "") | AC73: =IF(INT(R73/20)>INT(R72/20), "Lần " & INT(R73/20), "") | AD73: =IF(INT(S73/20)>INT(S72/20), "Lần " & INT(S73/20), "") | AE73: =IF(INT(T73/20)>INT(T72/20), "Lần " & INT(T73/20), "") | AF73: =IF(INT(U73/20)>INT(U72/20), "Lần " & INT(U73/20), "") | AG73: =IF(INT(V73/20)>INT(V72/20), "Lần " & INT(V73/20), "") | AH73: =IF(INT(W73/20)>INT(W72/20), "Lần " & INT(W73/20), "") | ... AK73: =IF(INT(Z73/20)>INT(Z72/20), "Lần " & INT(Z73/20), "") | AL73: ĐẠT TCVN 1651:2018
A74: 66 | B74: Cọc khoan nhồi C2 Trụ T1 (D1.2m, L=40.0m) | C74: Cốt thép chủ chịu lực cọc | D74: P6 | E74: 25 | F74: CB400-V | G74: Thanh thẳng nối ren/hàn | H74: 9.033 | I74: 12 | J74: 3.85 | K74: =ROUND(H74*I74*J74, 2) | L74: =ROUND(K74/1000, 3) | O74: =IF(AND(E74<=10, F74<>"ASTM A416", INT(P74/20)>INT(P73/20)), "TN Ø10 (Lần " & INT(P74/20) & ")", IF(AND(E74=12, INT(Q74/20)>INT(Q73/20)), "TN Ø12 (Lần " & INT(Q74/20) & ")", IF(AND(E74=14, INT(R74/20)>INT(R73/20)), "TN Ø14 (Lần " & INT(R74/20) & ")", IF(AND(E74=16, INT(S74/20)>INT(S73/20)), "TN Ø16 (Lần " & INT(S74/20) & ")", IF(AND(E74=18, INT(T74/20)>INT(T73/20)), "TN Ø18 (Lần " & INT(T74/20) & ")", IF(AND(E74=20, INT(U74/20)>INT(U73/20)), "TN Ø20 (Lần " & INT(U74/20) & ")", IF(AND(E74=22, INT(V74/20)>INT(V73/20)), "TN Ø22 (Lần " & INT(V74/20) & ")", IF(AND(E74=25, INT(W74/20)>INT(W73/20)), "TN Ø25 (Lần " & INT(W74/20) & ")", IF(AND(E74=28, INT(X74/20)>INT(X73/20)), "TN Ø28 (Lần " & INT(X74/20) & ")", IF(AND(E74=32, INT(Y74/20)>INT(Y73/20)), "TN Ø32 (Lần " & INT(Y74/20) & ")", IF(AND(F74="ASTM A416", INT(Z74/20)>INT(Z73/20)), "TN Cáp 15.2 (Lần " & INT(Z74/20) & ")", ""))))))))))) | P74: =ROUND(P73 + IF(AND(E74<=10, F74<>"ASTM A416"), L74, 0), 3) | Q74: =ROUND(Q73 + IF(AND(E74=12, F74<>"ASTM A416"), L74, 0), 3) | R74: =ROUND(R73 + IF(AND(E74=14, F74<>"ASTM A416"), L74, 0), 3) | S74: =ROUND(S73 + IF(AND(E74=16, F74<>"ASTM A416"), L74, 0), 3) | T74: =ROUND(T73 + IF(AND(E74=18, F74<>"ASTM A416"), L74, 0), 3) | U74: =ROUND(U73 + IF(AND(E74=20, F74<>"ASTM A416"), L74, 0), 3) | V74: =ROUND(V73 + IF(AND(E74=22, F74<>"ASTM A416"), L74, 0), 3) | W74: =ROUND(W73 + IF(AND(E74=25, F74<>"ASTM A416"), L74, 0), 3) | X74: =ROUND(X73 + IF(AND(E74=28, F74<>"ASTM A416"), L74, 0), 3) | Y74: =ROUND(Y73 + IF(AND(E74=32, F74<>"ASTM A416"), L74, 0), 3) | Z74: =ROUND(Z73 + IF(F74="ASTM A416", L74, 0), 3) | AA74: =IF(INT(P74/20)>INT(P73/20), "Lần " & INT(P74/20), "") | AB74: =IF(INT(Q74/20)>INT(Q73/20), "Lần " & INT(Q74/20), "") | AC74: =IF(INT(R74/20)>INT(R73/20), "Lần " & INT(R74/20), "") | AD74: =IF(INT(S74/20)>INT(S73/20), "Lần " & INT(S74/20), "") | AE74: =IF(INT(T74/20)>INT(T73/20), "Lần " & INT(T74/20), "") | AF74: =IF(INT(U74/20)>INT(U73/20), "Lần " & INT(U74/20), "") | AG74: =IF(INT(V74/20)>INT(V73/20), "Lần " & INT(V74/20), "") | AH74: =IF(INT(W74/20)>INT(W73/20), "Lần " & INT(W74/20), "") | ... AK74: =IF(INT(Z74/20)>INT(Z73/20), "Lần " & INT(Z74/20), "") | AL74: ĐẠT TCVN 1651:2018
A75: 67 | B75: Cọc khoan nhồi C2 Trụ T1 (D1.2m, L=40.0m) | C75: Cốt thép chủ chịu lực cọc | D75: P7 | E75: 25 | F75: CB400-V | G75: Thanh thẳng nối ren/hàn | H75: 10.033 | I75: 12 | J75: 3.85 | K75: =ROUND(H75*I75*J75, 2) | L75: =ROUND(K75/1000, 3) | O75: =IF(AND(E75<=10, F75<>"ASTM A416", INT(P75/20)>INT(P74/20)), "TN Ø10 (Lần " & INT(P75/20) & ")", IF(AND(E75=12, INT(Q75/20)>INT(Q74/20)), "TN Ø12 (Lần " & INT(Q75/20) & ")", IF(AND(E75=14, INT(R75/20)>INT(R74/20)), "TN Ø14 (Lần " & INT(R75/20) & ")", IF(AND(E75=16, INT(S75/20)>INT(S74/20)), "TN Ø16 (Lần " & INT(S75/20) & ")", IF(AND(E75=18, INT(T75/20)>INT(T74/20)), "TN Ø18 (Lần " & INT(T75/20) & ")", IF(AND(E75=20, INT(U75/20)>INT(U74/20)), "TN Ø20 (Lần " & INT(U75/20) & ")", IF(AND(E75=22, INT(V75/20)>INT(V74/20)), "TN Ø22 (Lần " & INT(V75/20) & ")", IF(AND(E75=25, INT(W75/20)>INT(W74/20)), "TN Ø25 (Lần " & INT(W75/20) & ")", IF(AND(E75=28, INT(X75/20)>INT(X74/20)), "TN Ø28 (Lần " & INT(X75/20) & ")", IF(AND(E75=32, INT(Y75/20)>INT(Y74/20)), "TN Ø32 (Lần " & INT(Y75/20) & ")", IF(AND(F75="ASTM A416", INT(Z75/20)>INT(Z74/20)), "TN Cáp 15.2 (Lần " & INT(Z75/20) & ")", ""))))))))))) | P75: =ROUND(P74 + IF(AND(E75<=10, F75<>"ASTM A416"), L75, 0), 3) | Q75: =ROUND(Q74 + IF(AND(E75=12, F75<>"ASTM A416"), L75, 0), 3) | R75: =ROUND(R74 + IF(AND(E75=14, F75<>"ASTM A416"), L75, 0), 3) | S75: =ROUND(S74 + IF(AND(E75=16, F75<>"ASTM A416"), L75, 0), 3) | T75: =ROUND(T74 + IF(AND(E75=18, F75<>"ASTM A416"), L75, 0), 3) | U75: =ROUND(U74 + IF(AND(E75=20, F75<>"ASTM A416"), L75, 0), 3) | V75: =ROUND(V74 + IF(AND(E75=22, F75<>"ASTM A416"), L75, 0), 3) | W75: =ROUND(W74 + IF(AND(E75=25, F75<>"ASTM A416"), L75, 0), 3) | X75: =ROUND(X74 + IF(AND(E75=28, F75<>"ASTM A416"), L75, 0), 3) | Y75: =ROUND(Y74 + IF(AND(E75=32, F75<>"ASTM A416"), L75, 0), 3) | Z75: =ROUND(Z74 + IF(F75="ASTM A416", L75, 0), 3) | AA75: =IF(INT(P75/20)>INT(P74/20), "Lần " & INT(P75/20), "") | AB75: =IF(INT(Q75/20)>INT(Q74/20), "Lần " & INT(Q75/20), "") | AC75: =IF(INT(R75/20)>INT(R74/20), "Lần " & INT(R75/20), "") | AD75: =IF(INT(S75/20)>INT(S74/20), "Lần " & INT(S75/20), "") | AE75: =IF(INT(T75/20)>INT(T74/20), "Lần " & INT(T75/20), "") | AF75: =IF(INT(U75/20)>INT(U74/20), "Lần " & INT(U75/20), "") | AG75: =IF(INT(V75/20)>INT(V74/20), "Lần " & INT(V75/20), "") | AH75: =IF(INT(W75/20)>INT(W74/20), "Lần " & INT(W75/20), "") | ... AK75: =IF(INT(Z75/20)>INT(Z74/20), "Lần " & INT(Z75/20), "") | AL75: ĐẠT TCVN 1651:2018
