Workbook

Sheet Theo_Doi_Tan_Suat_Be_Tong
A1: STT | B1: HẠNG MỤC CÔNG VIỆC | C1: N/T/N | D1: KL/T.tế (m3) | E1: Tuổi Bt | G1: 30Mpa-18±2 (Cọc nhồi) | J1: 30Mpa-14±2 (Bệ, thân, mố, trụ, dầm) | M1: Khối lượng vật tư lũy kế | P1: Tần suất lấy mẫu thí nghiệm | S1: Số lô | T1: KL (Tấn) | U1: NGUỒN BẢN VẼ / NGHI VẤN (soát & ghim)
E2: R7 | F2: R28 | G2: Xi măng 0,445 | H2: Cát 0,525 | I2: Đá 0,696 | J2: Xi măng 0,425 | K2: Cát 0,555 | L2: Đá 0,700 | M2: Xi măng (Tấn) | N2: Cát (m3) | O2: Đá (m3) | P2: Xi măng 50 tấn Lần | Q2: Cát 200m3 Lần | R2: Đá 350m3 Lần
A3: I. HẠNG MỤC CỌC KHOAN NHỒI D1.2M (C30 ĐỘ SỤT 18±2CM) - 26 CỌC (L=872M)
A4: 1 | B4: Bê tông cọc khoan nhồi - C1 mố M1 (L=20m) | D4: 23.58 | E4: =IF(C4="","",C4+7) | F4: =IF(C4="","",C4+28) | G4: 0.445 | H4: 0.525 | I4: 0.696 | M4: =IF(D4="","",ROUND(IF(G4>0,D4*G4,D4*J4),2)) | N4: =IF(D4="","",ROUND(IF(H4>0,D4*H4,D4*K4),2)) | O4: =IF(D4="","",ROUND(IF(I4>0,D4*I4,D4*L4),2)) | P4: =IF(M4="","",IF(ROUNDUP(M4/50,0)>0,"Lần " & ROUNDUP(M4/50,0),"")) | Q4: =IF(N4="","",IF(ROUNDUP(N4/200,0)>0,"Lần " & ROUNDUP(N4/200,0),"")) | R4: =IF(O4="","",IF(ROUNDUP(O4/350,0)>0,"Lần " & ROUNDUP(O4/350,0),"")) | U4: Bản vẽ: 24,71 → 23,58 m³ (tr.64 thể tích 1 cọc (đã gồm bê tông đầu cọc)). File cũ cộng thêm 1,13 m³ đập đầu cọc. Thay bằng phiếu đổ thực tế khi có.
A5: 2 | B5: Bê tông cọc khoan nhồi - C2 mố M1 (L=20m) | D5: 23.58 | E5: =IF(C5="","",C5+7) | F5: =IF(C5="","",C5+28) | G5: 0.445 | H5: 0.525 | I5: 0.696 | M5: =IF(D5="","",ROUND(M4+IF(G5>0,D5*G5,D5*J5),2)) | N5: =IF(D5="","",ROUND(N4+IF(H5>0,D5*H5,D5*K5),2)) | O5: =IF(D5="","",ROUND(O4+IF(I5>0,D5*I5,D5*L5),2)) | P5: =IF(M5="","",IF(ROUNDUP(M5/50,0)>ROUNDUP(M4/50,0),"Lần " & ROUNDUP(M5/50,0),"")) | Q5: =IF(N5="","",IF(ROUNDUP(N5/200,0)>ROUNDUP(N4/200,0),"Lần " & ROUNDUP(N5/200,0),"")) | R5: =IF(O5="","",IF(ROUNDUP(O5/350,0)>ROUNDUP(O4/350,0),"Lần " & ROUNDUP(O5/350,0),"")) | U5: Bản vẽ: 24,71 → 23,58 m³ (tr.64 thể tích 1 cọc (đã gồm bê tông đầu cọc)). File cũ cộng thêm 1,13 m³ đập đầu cọc. Thay bằng phiếu đổ thực tế khi có.
A6: 3 | B6: Bê tông cọc khoan nhồi - C3 mố M1 (L=20m) | D6: 23.58 | E6: =IF(C6="","",C6+7) | F6: =IF(C6="","",C6+28) | G6: 0.445 | H6: 0.525 | I6: 0.696 | M6: =IF(D6="","",ROUND(M5+IF(G6>0,D6*G6,D6*J6),2)) | N6: =IF(D6="","",ROUND(N5+IF(H6>0,D6*H6,D6*K6),2)) | O6: =IF(D6="","",ROUND(O5+IF(I6>0,D6*I6,D6*L6),2)) | P6: =IF(M6="","",IF(ROUNDUP(M6/50,0)>ROUNDUP(M5/50,0),"Lần " & ROUNDUP(M6/50,0),"")) | Q6: =IF(N6="","",IF(ROUNDUP(N6/200,0)>ROUNDUP(N5/200,0),"Lần " & ROUNDUP(N6/200,0),"")) | R6: =IF(O6="","",IF(ROUNDUP(O6/350,0)>ROUNDUP(O5/350,0),"Lần " & ROUNDUP(O6/350,0),"")) | U6: Bản vẽ: 24,71 → 23,58 m³ (tr.64 thể tích 1 cọc (đã gồm bê tông đầu cọc)). File cũ cộng thêm 1,13 m³ đập đầu cọc. Thay bằng phiếu đổ thực tế khi có.
A7: 4 | B7: Bê tông cọc khoan nhồi - C1 trụ T1 (L=40m) | D7: 45.88 | E7: =IF(C7="","",C7+7) | F7: =IF(C7="","",C7+28) | G7: 0.445 | H7: 0.525 | I7: 0.696 | M7: =IF(D7="","",ROUND(M6+IF(G7>0,D7*G7,D7*J7),2)) | N7: =IF(D7="","",ROUND(N6+IF(H7>0,D7*H7,D7*K7),2)) | O7: =IF(D7="","",ROUND(O6+IF(I7>0,D7*I7,D7*L7),2)) | P7: =IF(M7="","",IF(ROUNDUP(M7/50,0)>ROUNDUP(M6/50,0),"Lần " & ROUNDUP(M7/50,0),"")) | Q7: =IF(N7="","",IF(ROUNDUP(N7/200,0)>ROUNDUP(N6/200,0),"Lần " & ROUNDUP(N7/200,0),"")) | R7: =IF(O7="","",IF(ROUNDUP(O7/350,0)>ROUNDUP(O6/350,0),"Lần " & ROUNDUP(O7/350,0),"")) | U7: Bản vẽ: 47,01 → 45,88 m³ (tr.68 thể tích 1 cọc (đã gồm bê tông đầu cọc)). File cũ cộng thêm 1,13 m³ đập đầu cọc vào thể tích đã gồm đầu cọc. Cột 'KL thực tế': thay bằng phiếu đổ (có nở thành) khi có.
A8: 5 | B8: Bê tông cọc khoan nhồi - C2 trụ T1 (L=40m) | D8: 45.88 | E8: =IF(C8="","",C8+7) | F8: =IF(C8="","",C8+28) | G8: 0.445 | H8: 0.525 | I8: 0.696 | M8: =IF(D8="","",ROUND(M7+IF(G8>0,D8*G8,D8*J8),2)) | N8: =IF(D8="","",ROUND(N7+IF(H8>0,D8*H8,D8*K8),2)) | O8: =IF(D8="","",ROUND(O7+IF(I8>0,D8*I8,D8*L8),2)) | P8: =IF(M8="","",IF(ROUNDUP(M8/50,0)>ROUNDUP(M7/50,0),"Lần " & ROUNDUP(M8/50,0),"")) | Q8: =IF(N8="","",IF(ROUNDUP(N8/200,0)>ROUNDUP(N7/200,0),"Lần " & ROUNDUP(N8/200,0),"")) | R8: =IF(O8="","",IF(ROUNDUP(O8/350,0)>ROUNDUP(O7/350,0),"Lần " & ROUNDUP(O8/350,0),"")) | U8: Bản vẽ: 47,01 → 45,88 m³ (tr.68 thể tích 1 cọc (đã gồm bê tông đầu cọc)). File cũ cộng thêm 1,13 m³ đập đầu cọc vào thể tích đã gồm đầu cọc. Cột 'KL thực tế': thay bằng phiếu đổ (có nở thành) khi có.
A9: 6 | B9: Bê tông cọc khoan nhồi - C3 trụ T1 (L=40m) | D9: 45.88 | E9: =IF(C9="","",C9+7) | F9: =IF(C9="","",C9+28) | G9: 0.445 | H9: 0.525 | I9: 0.696 | M9: =IF(D9="","",ROUND(M8+IF(G9>0,D9*G9,D9*J9),2)) | N9: =IF(D9="","",ROUND(N8+IF(H9>0,D9*H9,D9*K9),2)) | O9: =IF(D9="","",ROUND(O8+IF(I9>0,D9*I9,D9*L9),2)) | P9: =IF(M9="","",IF(ROUNDUP(M9/50,0)>ROUNDUP(M8/50,0),"Lần " & ROUNDUP(M9/50,0),"")) | Q9: =IF(N9="","",IF(ROUNDUP(N9/200,0)>ROUNDUP(N8/200,0),"Lần " & ROUNDUP(N9/200,0),"")) | R9: =IF(O9="","",IF(ROUNDUP(O9/350,0)>ROUNDUP(O8/350,0),"Lần " & ROUNDUP(O9/350,0),"")) | U9: Bản vẽ: 47,01 → 45,88 m³ (tr.68 thể tích 1 cọc (đã gồm bê tông đầu cọc)). File cũ cộng thêm 1,13 m³ đập đầu cọc vào thể tích đã gồm đầu cọc. Cột 'KL thực tế': thay bằng phiếu đổ (có nở thành) khi có.
A10: 7 | B10: Bê tông cọc khoan nhồi - C4 trụ T1 (L=40m) | D10: 45.88 | E10: =IF(C10="","",C10+7) | F10: =IF(C10="","",C10+28) | G10: 0.445 | H10: 0.525 | I10: 0.696 | M10: =IF(D10="","",ROUND(M9+IF(G10>0,D10*G10,D10*J10),2)) | N10: =IF(D10="","",ROUND(N9+IF(H10>0,D10*H10,D10*K10),2)) | O10: =IF(D10="","",ROUND(O9+IF(I10>0,D10*I10,D10*L10),2)) | P10: =IF(M10="","",IF(ROUNDUP(M10/50,0)>ROUNDUP(M9/50,0),"Lần " & ROUNDUP(M10/50,0),"")) | Q10: =IF(N10="","",IF(ROUNDUP(N10/200,0)>ROUNDUP(N9/200,0),"Lần " & ROUNDUP(N10/200,0),"")) | R10: =IF(O10="","",IF(ROUNDUP(O10/350,0)>ROUNDUP(O9/350,0),"Lần " & ROUNDUP(O10/350,0),"")) | U10: Bản vẽ: 47,01 → 45,88 m³ (tr.68 thể tích 1 cọc (đã gồm bê tông đầu cọc)). File cũ cộng thêm 1,13 m³ đập đầu cọc vào thể tích đã gồm đầu cọc. Cột 'KL thực tế': thay bằng phiếu đổ (có nở thành) khi có.
A11: 8 | B11: Bê tông cọc khoan nhồi - C5 trụ T1 (L=40m) | D11: 45.88 | E11: =IF(C11="","",C11+7) | F11: =IF(C11="","",C11+28) | G11: 0.445 | H11: 0.525 | I11: 0.696 | M11: =IF(D11="","",ROUND(M10+IF(G11>0,D11*G11,D11*J11),2)) | N11: =IF(D11="","",ROUND(N10+IF(H11>0,D11*H11,D11*K11),2)) | O11: =IF(D11="","",ROUND(O10+IF(I11>0,D11*I11,D11*L11),2)) | P11: =IF(M11="","",IF(ROUNDUP(M11/50,0)>ROUNDUP(M10/50,0),"Lần " & ROUNDUP(M11/50,0),"")) | Q11: =IF(N11="","",IF(ROUNDUP(N11/200,0)>ROUNDUP(N10/200,0),"Lần " & ROUNDUP(N11/200,0),"")) | R11: =IF(O11="","",IF(ROUNDUP(O11/350,0)>ROUNDUP(O10/350,0),"Lần " & ROUNDUP(O11/350,0),"")) | U11: Bản vẽ: 47,01 → 45,88 m³ (tr.68 thể tích 1 cọc (đã gồm bê tông đầu cọc)). File cũ cộng thêm 1,13 m³ đập đầu cọc vào thể tích đã gồm đầu cọc. Cột 'KL thực tế': thay bằng phiếu đổ (có nở thành) khi có.
A12: 9 | B12: Bê tông cọc khoan nhồi - C6 trụ T1 (L=40m) | D12: 45.88 | E12: =IF(C12="","",C12+7) | F12: =IF(C12="","",C12+28) | G12: 0.445 | H12: 0.525 | I12: 0.696 | M12: =IF(D12="","",ROUND(M11+IF(G12>0,D12*G12,D12*J12),2)) | N12: =IF(D12="","",ROUND(N11+IF(H12>0,D12*H12,D12*K12),2)) | O12: =IF(D12="","",ROUND(O11+IF(I12>0,D12*I12,D12*L12),2)) | P12: =IF(M12="","",IF(ROUNDUP(M12/50,0)>ROUNDUP(M11/50,0),"Lần " & ROUNDUP(M12/50,0),"")) | Q12: =IF(N12="","",IF(ROUNDUP(N12/200,0)>ROUNDUP(N11/200,0),"Lần " & ROUNDUP(N12/200,0),"")) | R12: =IF(O12="","",IF(ROUNDUP(O12/350,0)>ROUNDUP(O11/350,0),"Lần " & ROUNDUP(O12/350,0),"")) | U12: Bản vẽ: 47,01 → 45,88 m³ (tr.68 thể tích 1 cọc (đã gồm bê tông đầu cọc)). File cũ cộng thêm 1,13 m³ đập đầu cọc vào thể tích đã gồm đầu cọc. Cột 'KL thực tế': thay bằng phiếu đổ (có nở thành) khi có.
A13: 10 | B13: Bê tông cọc khoan nhồi - C7 trụ T1 (L=40m) | D13: 45.88 | E13: =IF(C13="","",C13+7) | F13: =IF(C13="","",C13+28) | G13: 0.445 | H13: 0.525 | I13: 0.696 | M13: =IF(D13="","",ROUND(M12+IF(G13>0,D13*G13,D13*J13),2)) | N13: =IF(D13="","",ROUND(N12+IF(H13>0,D13*H13,D13*K13),2)) | O13: =IF(D13="","",ROUND(O12+IF(I13>0,D13*I13,D13*L13),2)) | P13: =IF(M13="","",IF(ROUNDUP(M13/50,0)>ROUNDUP(M12/50,0),"Lần " & ROUNDUP(M13/50,0),"")) | Q13: =IF(N13="","",IF(ROUNDUP(N13/200,0)>ROUNDUP(N12/200,0),"Lần " & ROUNDUP(N13/200,0),"")) | R13: =IF(O13="","",IF(ROUNDUP(O13/350,0)>ROUNDUP(O12/350,0),"Lần " & ROUNDUP(O13/350,0),"")) | U13: Bản vẽ: 47,01 → 45,88 m³ (tr.68 thể tích 1 cọc (đã gồm bê tông đầu cọc)). File cũ cộng thêm 1,13 m³ đập đầu cọc vào thể tích đã gồm đầu cọc. Cột 'KL thực tế': thay bằng phiếu đổ (có nở thành) khi có.
A14: 11 | B14: Bê tông cọc khoan nhồi - C8 trụ T1 (L=40m) | D14: 45.88 | E14: =IF(C14="","",C14+7) | F14: =IF(C14="","",C14+28) | G14: 0.445 | H14: 0.525 | I14: 0.696 | M14: =IF(D14="","",ROUND(M13+IF(G14>0,D14*G14,D14*J14),2)) | N14: =IF(D14="","",ROUND(N13+IF(H14>0,D14*H14,D14*K14),2)) | O14: =IF(D14="","",ROUND(O13+IF(I14>0,D14*I14,D14*L14),2)) | P14: =IF(M14="","",IF(ROUNDUP(M14/50,0)>ROUNDUP(M13/50,0),"Lần " & ROUNDUP(M14/50,0),"")) | Q14: =IF(N14="","",IF(ROUNDUP(N14/200,0)>ROUNDUP(N13/200,0),"Lần " & ROUNDUP(N14/200,0),"")) | R14: =IF(O14="","",IF(ROUNDUP(O14/350,0)>ROUNDUP(O13/350,0),"Lần " & ROUNDUP(O14/350,0),"")) | U14: Bản vẽ: 47,01 → 45,88 m³ (tr.68 thể tích 1 cọc (đã gồm bê tông đầu cọc)). File cũ cộng thêm 1,13 m³ đập đầu cọc vào thể tích đã gồm đầu cọc. Cột 'KL thực tế': thay bằng phiếu đổ (có nở thành) khi có.
A15: 12 | B15: Bê tông cọc khoan nhồi - C1 trụ T2 (L=30m) | D15: 34.73 | E15: =IF(C15="","",C15+7) | F15: =IF(C15="","",C15+28) | G15: 0.445 | H15: 0.525 | I15: 0.696 | M15: =IF(D15="","",ROUND(M14+IF(G15>0,D15*G15,D15*J15),2)) | N15: =IF(D15="","",ROUND(N14+IF(H15>0,D15*H15,D15*K15),2)) | O15: =IF(D15="","",ROUND(O14+IF(I15>0,D15*I15,D15*L15),2)) | P15: =IF(M15="","",IF(ROUNDUP(M15/50,0)>ROUNDUP(M14/50,0),"Lần " & ROUNDUP(M15/50,0),"")) | Q15: =IF(N15="","",IF(ROUNDUP(N15/200,0)>ROUNDUP(N14/200,0),"Lần " & ROUNDUP(N15/200,0),"")) | R15: =IF(O15="","",IF(ROUNDUP(O15/350,0)>ROUNDUP(O14/350,0),"Lần " & ROUNDUP(O15/350,0),"")) | U15: Bản vẽ: 35,86 → 34,73 m³ (tr.70 thể tích 1 cọc (đã gồm bê tông đầu cọc)). File cũ cộng thêm 1,13 m³ đập đầu cọc. Thay bằng phiếu đổ thực tế khi có.
A16: 13 | B16: Bê tông cọc khoan nhồi - C2 trụ T2 (L=30m) | D16: 34.73 | E16: =IF(C16="","",C16+7) | F16: =IF(C16="","",C16+28) | G16: 0.445 | H16: 0.525 | I16: 0.696 | M16: =IF(D16="","",ROUND(M15+IF(G16>0,D16*G16,D16*J16),2)) | N16: =IF(D16="","",ROUND(N15+IF(H16>0,D16*H16,D16*K16),2)) | O16: =IF(D16="","",ROUND(O15+IF(I16>0,D16*I16,D16*L16),2)) | P16: =IF(M16="","",IF(ROUNDUP(M16/50,0)>ROUNDUP(M15/50,0),"Lần " & ROUNDUP(M16/50,0),"")) | Q16: =IF(N16="","",IF(ROUNDUP(N16/200,0)>ROUNDUP(N15/200,0),"Lần " & ROUNDUP(N16/200,0),"")) | R16: =IF(O16="","",IF(ROUNDUP(O16/350,0)>ROUNDUP(O15/350,0),"Lần " & ROUNDUP(O16/350,0),"")) | U16: Bản vẽ: 35,86 → 34,73 m³ (tr.70 thể tích 1 cọc (đã gồm bê tông đầu cọc)). File cũ cộng thêm 1,13 m³ đập đầu cọc. Thay bằng phiếu đổ thực tế khi có.
... A29: 26 | B29: Bê tông cọc khoan nhồi - C7 mố M2 (L=36m) | D29: 41.56 | E29: =IF(C29="","",C29+7) | F29: =IF(C29="","",C29+28) | G29: 0.445 | H29: 0.525 | I29: 0.696 | M29: =IF(D29="","",ROUND(M28+IF(G29>0,D29*G29,D29*J29),2)) | N29: =IF(D29="","",ROUND(N28+IF(H29>0,D29*H29,D29*K29),2)) | O29: =IF(D29="","",ROUND(O28+IF(I29>0,D29*I29,D29*L29),2)) | P29: =IF(M29="","",IF(ROUNDUP(M29/50,0)>ROUNDUP(M28/50,0),"Lần " & ROUNDUP(M29/50,0),"")) | Q29: =IF(N29="","",IF(ROUNDUP(N29/200,0)>ROUNDUP(N28/200,0),"Lần " & ROUNDUP(N29/200,0),"")) | R29: =IF(O29="","",IF(ROUNDUP(O29/350,0)>ROUNDUP(O28/350,0),"Lần " & ROUNDUP(O29/350,0),"")) | U29: Bản vẽ: 42,83 → 41,56 m³ (tr.66 thể tích 1 cọc (đã gồm bê tông đầu cọc)). File cũ cộng thêm 1,27 m³ đập đầu cọc. Thay bằng phiếu đổ thực tế khi có.
A30: II. HẠNG MỤC BÊ TÔNG BỆ MỐ & BỆ TRỤ (C30 ĐỘ SỤT 14±2CM)
A31: 27 | B31: Bê tông lót móng bệ mố M1 (M100 đá 4x6) | D31: 2.46 | E31: =IF(C31="","",C31+7) | F31: =IF(C31="","",C31+28) | J31: 0.425 | K31: 0.555 | L31: 0.7 | M31: =IF(D31="","",ROUND(M29+IF(G31>0,D31*G31,D31*J31),2)) | N31: =IF(D31="","",ROUND(N29+IF(H31>0,D31*H31,D31*K31),2)) | O31: =IF(D31="","",ROUND(O29+IF(I31>0,D31*I31,D31*L31),2)) | P31: =IF(M31="","",IF(ROUNDUP(M31/50,0)>ROUNDUP(M29/50,0),"Lần " & ROUNDUP(M31/50,0),"")) | Q31: =IF(N31="","",IF(ROUNDUP(N31/200,0)>ROUNDUP(N29/200,0),"Lần " & ROUNDUP(N31/200,0),"")) | R31: =IF(O31="","",IF(ROUNDUP(O31/350,0)>ROUNDUP(O29/350,0),"Lần " & ROUNDUP(O31/350,0),"")) | U31: Bản vẽ: 9,55 → 2,46 m³ (tr.31 bê tông đệm C10) | Mác M100 chưa có cấp phối riêng — đang dùng cấp phối C30 (0,425 t XM; 0,555 m³ cát; 0,700 m³ đá / m³). Nhập cấp phối được duyệt.
A32: 28 | B32: Bê tông bệ mố M1 (C30 đá 1x2) | D32: 0 | E32: =IF(C32="","",C32+7) | F32: =IF(C32="","",C32+28) | J32: 0.425 | K32: 0.555 | L32: 0.7 | M32: =IF(D32="","",ROUND(M31+IF(G32>0,D32*G32,D32*J32),2)) | N32: =IF(D32="","",ROUND(N31+IF(H32>0,D32*H32,D32*K32),2)) | O32: =IF(D32="","",ROUND(O31+IF(I32>0,D32*I32,D32*L32),2)) | P32: =IF(M32="","",IF(ROUNDUP(M32/50,0)>ROUNDUP(M31/50,0),"Lần " & ROUNDUP(M32/50,0),"")) | Q32: =IF(N32="","",IF(ROUNDUP(N32/200,0)>ROUNDUP(N31/200,0),"Lần " & ROUNDUP(N32/200,0),"")) | R32: =IF(O32="","",IF(ROUNDUP(O32/350,0)>ROUNDUP(O31/350,0),"Lần " & ROUNDUP(O32/350,0),"")) | U32: Bản vẽ: 74,50 → 0,00 m³ (tr.31 không có bệ mố M1). Tr.31 (mố M1 chân dê): tổng 75,12 m³ = tường thân 52,96 + tường đỉnh 14,23 + tường cánh 3,45 + gờ/ụ/tường tai 4,48 — không có bệ mố.
A33: 29 | B33: Bê tông lót móng bệ trụ T1 (M100 đá 4x6) | D33: 8.77 | E33: =IF(C33="","",C33+7) | F33: =IF(C33="","",C33+28) | J33: 0.425 | K33: 0.555 | L33: 0.7 | M33: =IF(D33="","",ROUND(M32+IF(G33>0,D33*G33,D33*J33),2)) | N33: =IF(D33="","",ROUND(N32+IF(H33>0,D33*H33,D33*K33),2)) | O33: =IF(D33="","",ROUND(O32+IF(I33>0,D33*I33,D33*L33),2)) | P33: =IF(M33="","",IF(ROUNDUP(M33/50,0)>ROUNDUP(M32/50,0),"Lần " & ROUNDUP(M33/50,0),"")) | Q33: =IF(N33="","",IF(ROUNDUP(N33/200,0)>ROUNDUP(N32/200,0),"Lần " & ROUNDUP(N33/200,0),"")) | R33: =IF(O33="","",IF(ROUNDUP(O33/350,0)>ROUNDUP(O32/350,0),"Lần " & ROUNDUP(O33/350,0),"")) | U33: Bản vẽ: 12,50 → 8,77 m³ (tr.44 bê tông đệm C10) | Mác M100 chưa có cấp phối riêng — đang dùng cấp phối C30 (0,425 t XM; 0,555 m³ cát; 0,700 m³ đá / m³). Nhập cấp phối được duyệt.
A34: 30 | B34: Bê tông bệ trụ T1 - Đợt 1 (C30 đá 1x2) | D34: 92.12 | E34: =IF(C34="","",C34+7) | F34: =IF(C34="","",C34+28) | J34: 0.425 | K34: 0.555 | L34: 0.7 | M34: =IF(D34="","",ROUND(M33+IF(G34>0,D34*G34,D34*J34),2)) | N34: =IF(D34="","",ROUND(N33+IF(H34>0,D34*H34,D34*K34),2)) | O34: =IF(D34="","",ROUND(O33+IF(I34>0,D34*I34,D34*L34),2)) | P34: =IF(M34="","",IF(ROUNDUP(M34/50,0)>ROUNDUP(M33/50,0),"Lần " & ROUNDUP(M34/50,0),"")) | Q34: =IF(N34="","",IF(ROUNDUP(N34/200,0)>ROUNDUP(N33/200,0),"Lần " & ROUNDUP(N34/200,0),"")) | R34: =IF(O34="","",IF(ROUNDUP(O34/350,0)>ROUNDUP(O33/350,0),"Lần " & ROUNDUP(O34/350,0),"")) | U34: Bản vẽ: 82,50 → 92,12 m³ (tr.44 bệ trụ T1, chia theo tỷ lệ 2 đợt cũ)
A35: 31 | B35: Bê tông bệ trụ T1 - Đợt 2 (C30 đá 1x2) | D35: 92.12 | E35: =IF(C35="","",C35+7) | F35: =IF(C35="","",C35+28) | J35: 0.425 | K35: 0.555 | L35: 0.7 | M35: =IF(D35="","",ROUND(M34+IF(G35>0,D35*G35,D35*J35),2)) | N35: =IF(D35="","",ROUND(N34+IF(H35>0,D35*H35,D35*K35),2)) | O35: =IF(D35="","",ROUND(O34+IF(I35>0,D35*I35,D35*L35),2)) | P35: =IF(M35="","",IF(ROUNDUP(M35/50,0)>ROUNDUP(M34/50,0),"Lần " & ROUNDUP(M35/50,0),"")) | Q35: =IF(N35="","",IF(ROUNDUP(N35/200,0)>ROUNDUP(N34/200,0),"Lần " & ROUNDUP(N35/200,0),"")) | R35: =IF(O35="","",IF(ROUNDUP(O35/350,0)>ROUNDUP(O34/350,0),"Lần " & ROUNDUP(O35/350,0),"")) | U35: Bản vẽ: 82,50 → 92,12 m³ (tr.44 bệ trụ T1, chia theo tỷ lệ 2 đợt cũ)
A36: 32 | B36: Bê tông lót móng bệ trụ T2 (M100 đá 4x6) | D36: 8.77 | E36: =IF(C36="","",C36+7) | F36: =IF(C36="","",C36+28) | J36: 0.425 | K36: 0.555 | L36: 0.7 | M36: =IF(D36="","",ROUND(M35+IF(G36>0,D36*G36,D36*J36),2)) | N36: =IF(D36="","",ROUND(N35+IF(H36>0,D36*H36,D36*K36),2)) | O36: =IF(D36="","",ROUND(O35+IF(I36>0,D36*I36,D36*L36),2)) | P36: =IF(M36="","",IF(ROUNDUP(M36/50,0)>ROUNDUP(M35/50,0),"Lần " & ROUNDUP(M36/50,0),"")) | Q36: =IF(N36="","",IF(ROUNDUP(N36/200,0)>ROUNDUP(N35/200,0),"Lần " & ROUNDUP(N36/200,0),"")) | R36: =IF(O36="","",IF(ROUNDUP(O36/350,0)>ROUNDUP(O35/350,0),"Lần " & ROUNDUP(O36/350,0),"")) | U36: Bản vẽ: 12,50 → 8,77 m³ (tr.55 bê tông đệm C10) | Mác M100 chưa có cấp phối riêng — đang dùng cấp phối C30 (0,425 t XM; 0,555 m³ cát; 0,700 m³ đá / m³). Nhập cấp phối được duyệt.
A37: 33 | B37: Bê tông bệ trụ T2 - Đợt 1 (C30 đá 1x2) | D37: 92.12 | E37: =IF(C37="","",C37+7) | F37: =IF(C37="","",C37+28) | J37: 0.425 | K37: 0.555 | L37: 0.7 | M37: =IF(D37="","",ROUND(M36+IF(G37>0,D37*G37,D37*J37),2)) | N37: =IF(D37="","",ROUND(N36+IF(H37>0,D37*H37,D37*K37),2)) | O37: =IF(D37="","",ROUND(O36+IF(I37>0,D37*I37,D37*L37),2)) | P37: =IF(M37="","",IF(ROUNDUP(M37/50,0)>ROUNDUP(M36/50,0),"Lần " & ROUNDUP(M37/50,0),"")) | Q37: =IF(N37="","",IF(ROUNDUP(N37/200,0)>ROUNDUP(N36/200,0),"Lần " & ROUNDUP(N37/200,0),"")) | R37: =IF(O37="","",IF(ROUNDUP(O37/350,0)>ROUNDUP(O36/350,0),"Lần " & ROUNDUP(O37/350,0),"")) | U37: Bản vẽ: 82,50 → 92,12 m³ (tr.55 bệ trụ T2, chia theo tỷ lệ 2 đợt cũ)
A38: 34 | B38: Bê tông bệ trụ T2 - Đợt 2 (C30 đá 1x2) | D38: 92.12 | E38: =IF(C38="","",C38+7) | F38: =IF(C38="","",C38+28) | J38: 0.425 | K38: 0.555 | L38: 0.7 | M38: =IF(D38="","",ROUND(M37+IF(G38>0,D38*G38,D38*J38),2)) | N38: =IF(D38="","",ROUND(N37+IF(H38>0,D38*H38,D38*K38),2)) | O38: =IF(D38="","",ROUND(O37+IF(I38>0,D38*I38,D38*L38),2)) | P38: =IF(M38="","",IF(ROUNDUP(M38/50,0)>ROUNDUP(M37/50,0),"Lần " & ROUNDUP(M38/50,0),"")) | Q38: =IF(N38="","",IF(ROUNDUP(N38/200,0)>ROUNDUP(N37/200,0),"Lần " & ROUNDUP(N38/200,0),"")) | R38: =IF(O38="","",IF(ROUNDUP(O38/350,0)>ROUNDUP(O37/350,0),"Lần " & ROUNDUP(O38/350,0),"")) | U38: Bản vẽ: 82,50 → 92,12 m³ (tr.55 bệ trụ T2, chia theo tỷ lệ 2 đợt cũ)
A39: 35 | B39: Bê tông lót móng bệ mố M2 (M100 đá 4x6) | D39: 7.09 | E39: =IF(C39="","",C39+7) | F39: =IF(C39="","",C39+28) | J39: 0.425 | K39: 0.555 | L39: 0.7 | M39: =IF(D39="","",ROUND(M38+IF(G39>0,D39*G39,D39*J39),2)) | N39: =IF(D39="","",ROUND(N38+IF(H39>0,D39*H39,D39*K39),2)) | O39: =IF(D39="","",ROUND(O38+IF(I39>0,D39*I39,D39*L39),2)) | P39: =IF(M39="","",IF(ROUNDUP(M39/50,0)>ROUNDUP(M38/50,0),"Lần " & ROUNDUP(M39/50,0),"")) | Q39: =IF(N39="","",IF(ROUNDUP(N39/200,0)>ROUNDUP(N38/200,0),"Lần " & ROUNDUP(N39/200,0),"")) | R39: =IF(O39="","",IF(ROUNDUP(O39/350,0)>ROUNDUP(O38/350,0),"Lần " & ROUNDUP(O39/350,0),"")) | U39: Bản vẽ: 9,55 → 7,09 m³ (tr.40 bê tông đệm C10). File cũ 9,55 m³ là tổng đệm của CẢ 2 mố (tr.175). | Mác M100 chưa có cấp phối riêng — đang dùng cấp phối C30 (0,425 t XM; 0,555 m³ cát; 0,700 m³ đá / m³). Nhập cấp phối được duyệt.
A40: 36 | B40: Bê tông bệ mố M2 (C30 đá 1x2) | D40: 148.99 | E40: =IF(C40="","",C40+7) | F40: =IF(C40="","",C40+28) | J40: 0.425 | K40: 0.555 | L40: 0.7 | M40: =IF(D40="","",ROUND(M39+IF(G40>0,D40*G40,D40*J40),2)) | N40: =IF(D40="","",ROUND(N39+IF(H40>0,D40*H40,D40*K40),2)) | O40: =IF(D40="","",ROUND(O39+IF(I40>0,D40*I40,D40*L40),2)) | P40: =IF(M40="","",IF(ROUNDUP(M40/50,0)>ROUNDUP(M39/50,0),"Lần " & ROUNDUP(M40/50,0),"")) | Q40: =IF(N40="","",IF(ROUNDUP(N40/200,0)>ROUNDUP(N39/200,0),"Lần " & ROUNDUP(N40/200,0),"")) | R40: =IF(O40="","",IF(ROUNDUP(O40/350,0)>ROUNDUP(O39/350,0),"Lần " & ROUNDUP(O40/350,0),"")) | U40: Bản vẽ: 74,50 → 148,99 m³ (tr.40 bệ mố M2)
A41: III. HẠNG MỤC THÂN TRỤ, THÂN MỐ & XÀ MŨ (CÁC ĐỐT LÊN HOÀN THIỆN)
A42: 37 | B42: Bê tông thân trụ T1 - Đốt 1 (C30 đá 1x2) | D42: 80.87 | E42: =IF(C42="","",C42+7) | F42: =IF(C42="","",C42+28) | J42: 0.425 | K42: 0.555 | L42: 0.7 | M42: =IF(D42="","",ROUND(M40+IF(G42>0,D42*G42,D42*J42),2)) | N42: =IF(D42="","",ROUND(N40+IF(H42>0,D42*H42,D42*K42),2)) | O42: =IF(D42="","",ROUND(O40+IF(I42>0,D42*I42,D42*L42),2)) | P42: =IF(M42="","",IF(ROUNDUP(M42/50,0)>ROUNDUP(M40/50,0),"Lần " & ROUNDUP(M42/50,0),"")) | Q42: =IF(N42="","",IF(ROUNDUP(N42/200,0)>ROUNDUP(N40/200,0),"Lần " & ROUNDUP(N42/200,0),"")) | R42: =IF(O42="","",IF(ROUNDUP(O42/350,0)>ROUNDUP(O40/350,0),"Lần " & ROUNDUP(O42/350,0),"")) | U42: Bản vẽ: 42,00 → 80,87 m³ (tr.48 thân trụ T1, chia theo tỷ lệ 3 đốt cũ). Bản vẽ 234,92 m³ (file cũ 122 m³) — chia 3 đốt theo tỷ lệ cũ; xác nhận chiều cao từng đốt.
A43: 38 | B43: Bê tông thân trụ T1 - Đốt 2 (C30 đá 1x2) | D43: 80.87 | E43: =IF(C43="","",C43+7) | F43: =IF(C43="","",C43+28) | J43: 0.425 | K43: 0.555 | L43: 0.7 | M43: =IF(D43="","",ROUND(M42+IF(G43>0,D43*G43,D43*J43),2)) | N43: =IF(D43="","",ROUND(N42+IF(H43>0,D43*H43,D43*K43),2)) | O43: =IF(D43="","",ROUND(O42+IF(I43>0,D43*I43,D43*L43),2)) | P43: =IF(M43="","",IF(ROUNDUP(M43/50,0)>ROUNDUP(M42/50,0),"Lần " & ROUNDUP(M43/50,0),"")) | Q43: =IF(N43="","",IF(ROUNDUP(N43/200,0)>ROUNDUP(N42/200,0),"Lần " & ROUNDUP(N43/200,0),"")) | R43: =IF(O43="","",IF(ROUNDUP(O43/350,0)>ROUNDUP(O42/350,0),"Lần " & ROUNDUP(O43/350,0),"")) | U43: Bản vẽ: 42,00 → 80,87 m³ (tr.48 thân trụ T1, chia theo tỷ lệ 3 đốt cũ). Bản vẽ 234,92 m³ (file cũ 122 m³) — chia 3 đốt theo tỷ lệ cũ; xác nhận chiều cao từng đốt.
A44: 39 | B44: Bê tông thân trụ T1 - Đốt 3 (C30 đá 1x2) | D44: 73.18 | E44: =IF(C44="","",C44+7) | F44: =IF(C44="","",C44+28) | J44: 0.425 | K44: 0.555 | L44: 0.7 | M44: =IF(D44="","",ROUND(M43+IF(G44>0,D44*G44,D44*J44),2)) | N44: =IF(D44="","",ROUND(N43+IF(H44>0,D44*H44,D44*K44),2)) | O44: =IF(D44="","",ROUND(O43+IF(I44>0,D44*I44,D44*L44),2)) | P44: =IF(M44="","",IF(ROUNDUP(M44/50,0)>ROUNDUP(M43/50,0),"Lần " & ROUNDUP(M44/50,0),"")) | Q44: =IF(N44="","",IF(ROUNDUP(N44/200,0)>ROUNDUP(N43/200,0),"Lần " & ROUNDUP(N44/200,0),"")) | R44: =IF(O44="","",IF(ROUNDUP(O44/350,0)>ROUNDUP(O43/350,0),"Lần " & ROUNDUP(O44/350,0),"")) | U44: Bản vẽ: 38,00 → 73,18 m³ (tr.48 thân trụ T1, chia theo tỷ lệ 3 đốt cũ). Bản vẽ 234,92 m³ (file cũ 122 m³) — chia 3 đốt theo tỷ lệ cũ; xác nhận chiều cao từng đốt.
A45: 40 | B45: Bê tông xà mũ trụ T1 & đá kê gối (C35/C30 đá 1x2) | D45: 72.51 | E45: =IF(C45="","",C45+7) | F45: =IF(C45="","",C45+28) | J45: 0.425 | K45: 0.555 | L45: 0.7 | M45: =IF(D45="","",ROUND(M44+IF(G45>0,D45*G45,D45*J45),2)) | N45: =IF(D45="","",ROUND(N44+IF(H45>0,D45*H45,D45*K45),2)) | O45: =IF(D45="","",ROUND(O44+IF(I45>0,D45*I45,D45*L45),2)) | P45: =IF(M45="","",IF(ROUNDUP(M45/50,0)>ROUNDUP(M44/50,0),"Lần " & ROUNDUP(M45/50,0),"")) | Q45: =IF(N45="","",IF(ROUNDUP(N45/200,0)>ROUNDUP(N44/200,0),"Lần " & ROUNDUP(N45/200,0),"")) | R45: =IF(O45="","",IF(ROUNDUP(O45/350,0)>ROUNDUP(O44/350,0),"Lần " & ROUNDUP(O45/350,0),"")) | U45: Bản vẽ: 45,00 → 72,51 m³ (tr.51 xà mũ trụ T1) | Mác C35 chưa có cấp phối riêng — đang dùng cấp phối C30 (0,425 t XM; 0,555 m³ cát; 0,700 m³ đá / m³). Nhập cấp phối được duyệt.
A46: 41 | B46: Bê tông thân trụ T2 - Đốt 1 (C30 đá 1x2) | D46: 90.95 | E46: =IF(C46="","",C46+7) | F46: =IF(C46="","",C46+28) | J46: 0.425 | K46: 0.555 | L46: 0.7 | M46: =IF(D46="","",ROUND(M45+IF(G46>0,D46*G46,D46*J46),2)) | N46: =IF(D46="","",ROUND(N45+IF(H46>0,D46*H46,D46*K46),2)) | O46: =IF(D46="","",ROUND(O45+IF(I46>0,D46*I46,D46*L46),2)) | P46: =IF(M46="","",IF(ROUNDUP(M46/50,0)>ROUNDUP(M45/50,0),"Lần " & ROUNDUP(M46/50,0),"")) | Q46: =IF(N46="","",IF(ROUNDUP(N46/200,0)>ROUNDUP(N45/200,0),"Lần " & ROUNDUP(N46/200,0),"")) | R46: =IF(O46="","",IF(ROUNDUP(O46/350,0)>ROUNDUP(O45/350,0),"Lần " & ROUNDUP(O46/350,0),"")) | U46: Bản vẽ: 45,00 → 90,95 m³ (tr.59 thân trụ T2, chia theo tỷ lệ 3 đốt cũ). Bản vẽ 266,79 m³ (file cũ 132 m³) — chia 3 đốt theo tỷ lệ cũ; xác nhận chiều cao từng đốt.
A47: 42 | B47: Bê tông thân trụ T2 - Đốt 2 (C30 đá 1x2) | D47: 90.95 | E47: =IF(C47="","",C47+7) | F47: =IF(C47="","",C47+28) | J47: 0.425 | K47: 0.555 | L47: 0.7 | M47: =IF(D47="","",ROUND(M46+IF(G47>0,D47*G47,D47*J47),2)) | N47: =IF(D47="","",ROUND(N46+IF(H47>0,D47*H47,D47*K47),2)) | O47: =IF(D47="","",ROUND(O46+IF(I47>0,D47*I47,D47*L47),2)) | P47: =IF(M47="","",IF(ROUNDUP(M47/50,0)>ROUNDUP(M46/50,0),"Lần " & ROUNDUP(M47/50,0),"")) | Q47: =IF(N47="","",IF(ROUNDUP(N47/200,0)>ROUNDUP(N46/200,0),"Lần " & ROUNDUP(N47/200,0),"")) | R47: =IF(O47="","",IF(ROUNDUP(O47/350,0)>ROUNDUP(O46/350,0),"Lần " & ROUNDUP(O47/350,0),"")) | U47: Bản vẽ: 45,00 → 90,95 m³ (tr.59 thân trụ T2, chia theo tỷ lệ 3 đốt cũ). Bản vẽ 266,79 m³ (file cũ 132 m³) — chia 3 đốt theo tỷ lệ cũ; xác nhận chiều cao từng đốt.
A48: 43 | B48: Bê tông thân trụ T2 - Đốt 3 (C30 đá 1x2) | D48: 84.89 | E48: =IF(C48="","",C48+7) | F48: =IF(C48="","",C48+28) | J48: 0.425 | K48: 0.555 | L48: 0.7 | M48: =IF(D48="","",ROUND(M47+IF(G48>0,D48*G48,D48*J48),2)) | N48: =IF(D48="","",ROUND(N47+IF(H48>0,D48*H48,D48*K48),2)) | O48: =IF(D48="","",ROUND(O47+IF(I48>0,D48*I48,D48*L48),2)) | P48: =IF(M48="","",IF(ROUNDUP(M48/50,0)>ROUNDUP(M47/50,0),"Lần " & ROUNDUP(M48/50,0),"")) | Q48: =IF(N48="","",IF(ROUNDUP(N48/200,0)>ROUNDUP(N47/200,0),"Lần " & ROUNDUP(N48/200,0),"")) | R48: =IF(O48="","",IF(ROUNDUP(O48/350,0)>ROUNDUP(O47/350,0),"Lần " & ROUNDUP(O48/350,0),"")) | U48: Bản vẽ: 42,00 → 84,89 m³ (tr.59 thân trụ T2, chia theo tỷ lệ 3 đốt cũ). Bản vẽ 266,79 m³ (file cũ 132 m³) — chia 3 đốt theo tỷ lệ cũ; xác nhận chiều cao từng đốt.
A49: 44 | B49: Bê tông xà mũ trụ T2 & đá kê gối (C35/C30 đá 1x2) | D49: 72.51 | E49: =IF(C49="","",C49+7) | F49: =IF(C49="","",C49+28) | J49: 0.425 | K49: 0.555 | L49: 0.7 | M49: =IF(D49="","",ROUND(M48+IF(G49>0,D49*G49,D49*J49),2)) | N49: =IF(D49="","",ROUND(N48+IF(H49>0,D49*H49,D49*K49),2)) | O49: =IF(D49="","",ROUND(O48+IF(I49>0,D49*I49,D49*L49),2)) | P49: =IF(M49="","",IF(ROUNDUP(M49/50,0)>ROUNDUP(M48/50,0),"Lần " & ROUNDUP(M49/50,0),"")) | Q49: =IF(N49="","",IF(ROUNDUP(N49/200,0)>ROUNDUP(N48/200,0),"Lần " & ROUNDUP(N49/200,0),"")) | R49: =IF(O49="","",IF(ROUNDUP(O49/350,0)>ROUNDUP(O48/350,0),"Lần " & ROUNDUP(O49/350,0),"")) | U49: Bản vẽ: 45,00 → 72,51 m³ (tr.62 xà mũ trụ T2) | Mác C35 chưa có cấp phối riêng — đang dùng cấp phối C30 (0,425 t XM; 0,555 m³ cát; 0,700 m³ đá / m³). Nhập cấp phối được duyệt.
A50: 45 | B50: Bê tông tường thân mố M1 - Đợt 1 (C30 đá 1x2) | D50: 28.22 | E50: =IF(C50="","",C50+7) | F50: =IF(C50="","",C50+28) | J50: 0.425 | K50: 0.555 | L50: 0.7 | M50: =IF(D50="","",ROUND(M49+IF(G50>0,D50*G50,D50*J50),2)) | N50: =IF(D50="","",ROUND(N49+IF(H50>0,D50*H50,D50*K50),2)) | O50: =IF(D50="","",ROUND(O49+IF(I50>0,D50*I50,D50*L50),2)) | P50: =IF(M50="","",IF(ROUNDUP(M50/50,0)>ROUNDUP(M49/50,0),"Lần " & ROUNDUP(M50/50,0),"")) | Q50: =IF(N50="","",IF(ROUNDUP(N50/200,0)>ROUNDUP(N49/200,0),"Lần " & ROUNDUP(N50/200,0),"")) | R50: =IF(O50="","",IF(ROUNDUP(O50/350,0)>ROUNDUP(O49/350,0),"Lần " & ROUNDUP(O50/350,0),"")) | U50: Bản vẽ: 45,00 → 28,22 m³ (tr.31 tường thân mố M1, chia theo tỷ lệ 2 đợt cũ). Bản vẽ 52,96 m³ (file cũ 84,44 m³, giống số của mố M2) — chia 2 đợt theo tỷ lệ cũ; xác nhận cao độ mạch ngừng.
A51: 46 | B51: Bê tông tường thân mố M1 - Đợt 2 (C30 đá 1x2) | D51: 24.74 | E51: =IF(C51="","",C51+7) | F51: =IF(C51="","",C51+28) | J51: 0.425 | K51: 0.555 | L51: 0.7 | M51: =IF(D51="","",ROUND(M50+IF(G51>0,D51*G51,D51*J51),2)) | N51: =IF(D51="","",ROUND(N50+IF(H51>0,D51*H51,D51*K51),2)) | O51: =IF(D51="","",ROUND(O50+IF(I51>0,D51*I51,D51*L51),2)) | P51: =IF(M51="","",IF(ROUNDUP(M51/50,0)>ROUNDUP(M50/50,0),"Lần " & ROUNDUP(M51/50,0),"")) | Q51: =IF(N51="","",IF(ROUNDUP(N51/200,0)>ROUNDUP(N50/200,0),"Lần " & ROUNDUP(N51/200,0),"")) | R51: =IF(O51="","",IF(ROUNDUP(O51/350,0)>ROUNDUP(O50/350,0),"Lần " & ROUNDUP(O51/350,0),"")) | U51: Bản vẽ: 39,44 → 24,74 m³ (tr.31 tường thân mố M1, chia theo tỷ lệ 2 đợt cũ). Bản vẽ 52,96 m³ (file cũ 84,44 m³, giống số của mố M2) — chia 2 đợt theo tỷ lệ cũ; xác nhận cao độ mạch ngừng.
A52: 47 | B52: Bê tông tường đỉnh mố M1 & đá kê gối (C30) | D52: 14.23 | E52: =IF(C52="","",C52+7) | F52: =IF(C52="","",C52+28) | J52: 0.425 | K52: 0.555 | L52: 0.7 | M52: =IF(D52="","",ROUND(M51+IF(G52>0,D52*G52,D52*J52),2)) | N52: =IF(D52="","",ROUND(N51+IF(H52>0,D52*H52,D52*K52),2)) | O52: =IF(D52="","",ROUND(O51+IF(I52>0,D52*I52,D52*L52),2)) | P52: =IF(M52="","",IF(ROUNDUP(M52/50,0)>ROUNDUP(M51/50,0),"Lần " & ROUNDUP(M52/50,0),"")) | Q52: =IF(N52="","",IF(ROUNDUP(N52/200,0)>ROUNDUP(N51/200,0),"Lần " & ROUNDUP(N52/200,0),"")) | R52: =IF(O52="","",IF(ROUNDUP(O52/350,0)>ROUNDUP(O51/350,0),"Lần " & ROUNDUP(O52/350,0),"")) | U52: Bản vẽ: 14,33 → 14,23 m³ (tr.31 tường đỉnh mố M1)
A53: 48 | B53: Bê tông tường cánh, gờ lan can, ụ chống chuyển vị, tường tai mố M1 (C30) | D53: 7.93 | E53: =IF(C53="","",C53+7) | F53: =IF(C53="","",C53+28) | J53: 0.425 | K53: 0.555 | L53: 0.7 | M53: =IF(D53="","",ROUND(M52+IF(G53>0,D53*G53,D53*J53),2)) | N53: =IF(D53="","",ROUND(N52+IF(H53>0,D53*H53,D53*K53),2)) | O53: =IF(D53="","",ROUND(O52+IF(I53>0,D53*I53,D53*L53),2)) | P53: =IF(M53="","",IF(ROUNDUP(M53/50,0)>ROUNDUP(M52/50,0),"Lần " & ROUNDUP(M53/50,0),"")) | Q53: =IF(N53="","",IF(ROUNDUP(N53/200,0)>ROUNDUP(N52/200,0),"Lần " & ROUNDUP(N53/200,0),"")) | R53: =IF(O53="","",IF(ROUNDUP(O53/350,0)>ROUNDUP(O52/350,0),"Lần " & ROUNDUP(O53/350,0),"")) | U53: Bản vẽ: 10,13 → 7,93 m³ (tr.31 tường cánh 3,45 + gờ lan can/ụ chống chuyển vị/tường tai 4,48). Gộp 'gờ lan can, ụ chống chuyển vị, tường tai' (tr.31) vào dòng tường cánh vì file chưa có dòng riêng.
A54: 49 | B54: Bê tông tường thân mố M2 - Đợt 1 (C30 đá 1x2) | D54: 61.77 | E54: =IF(C54="","",C54+7) | F54: =IF(C54="","",C54+28) | J54: 0.425 | K54: 0.555 | L54: 0.7 | M54: =IF(D54="","",ROUND(M53+IF(G54>0,D54*G54,D54*J54),2)) | N54: =IF(D54="","",ROUND(N53+IF(H54>0,D54*H54,D54*K54),2)) | O54: =IF(D54="","",ROUND(O53+IF(I54>0,D54*I54,D54*L54),2)) | P54: =IF(M54="","",IF(ROUNDUP(M54/50,0)>ROUNDUP(M53/50,0),"Lần " & ROUNDUP(M54/50,0),"")) | Q54: =IF(N54="","",IF(ROUNDUP(N54/200,0)>ROUNDUP(N53/200,0),"Lần " & ROUNDUP(N54/200,0),"")) | R54: =IF(O54="","",IF(ROUNDUP(O54/350,0)>ROUNDUP(O53/350,0),"Lần " & ROUNDUP(O54/350,0),"")) | U54: Bản vẽ: 45,00 → 61,77 m³ (tr.40 tường thân mố M2, chia theo tỷ lệ 2 đợt cũ). Bản vẽ 115,91 m³ (file cũ 84,44 m³) — chia 2 đợt theo tỷ lệ cũ; xác nhận cao độ mạch ngừng.
... A57: 52 | B57: Bê tông tường cánh, gờ lan can, ụ chống chuyển vị, tường tai mố M2 (C30) | D57: 21.91 | E57: =IF(C57="","",C57+7) | F57: =IF(C57="","",C57+28) | J57: 0.425 | K57: 0.555 | L57: 0.7 | M57: =IF(D57="","",ROUND(M56+IF(G57>0,D57*G57,D57*J57),2)) | N57: =IF(D57="","",ROUND(N56+IF(H57>0,D57*H57,D57*K57),2)) | O57: =IF(D57="","",ROUND(O56+IF(I57>0,D57*I57,D57*L57),2)) | P57: =IF(M57="","",IF(ROUNDUP(M57/50,0)>ROUNDUP(M56/50,0),"Lần " & ROUNDUP(M57/50,0),"")) | Q57: =IF(N57="","",IF(ROUNDUP(N57/200,0)>ROUNDUP(N56/200,0),"Lần " & ROUNDUP(N57/200,0),"")) | R57: =IF(O57="","",IF(ROUNDUP(O57/350,0)>ROUNDUP(O56/350,0),"Lần " & ROUNDUP(O57/350,0),"")) | U57: Bản vẽ: 10,13 → 21,91 m³ (tr.40 tường cánh 16,81 + gờ lan can/ụ chống chuyển vị/tường tai 5,10). Gộp 'gờ lan can, ụ chống chuyển vị, tường tai' (tr.40) vào dòng tường cánh.
A58: IV. HẠNG MỤC DẦM CHỦ SUPER-T L=38.2M (15 PHIẾN DẦM C45/C35)
A59: 53 | B59: Bê tông dầm Super-T Nhịp 1 - Phiến D1 (C45 đá 1x2) | D59: 28.99 | E59: =IF(C59="","",C59+7) | F59: =IF(C59="","",C59+28) | J59: 0.425 | K59: 0.555 | L59: 0.7 | M59: =IF(D59="","",ROUND(M57+IF(G59>0,D59*G59,D59*J59),2)) | N59: =IF(D59="","",ROUND(N57+IF(H59>0,D59*H59,D59*K59),2)) | O59: =IF(D59="","",ROUND(O57+IF(I59>0,D59*I59,D59*L59),2)) | P59: =IF(M59="","",IF(ROUNDUP(M59/50,0)>ROUNDUP(M57/50,0),"Lần " & ROUNDUP(M59/50,0),"")) | Q59: =IF(N59="","",IF(ROUNDUP(N59/200,0)>ROUNDUP(N57/200,0),"Lần " & ROUNDUP(N59/200,0),"")) | R59: =IF(O59="","",IF(ROUNDUP(O59/350,0)>ROUNDUP(O57/350,0),"Lần " & ROUNDUP(O59/350,0),"")) | U59: Khớp bản vẽ (tr.175 bê tông 15 phiến ÷ 15). Bình quân 15 phiến; từng loại: S1B1 29,25 (tr.88), S1G 28,83 (tr.94) m³ — thay theo loại phiến khi có sơ đồ vị trí. | Mác C45 chưa có cấp phối riêng — đang dùng cấp phối C30 (0,425 t XM; 0,555 m³ cát; 0,700 m³ đá / m³). Nhập cấp phối được duyệt.
A60: 54 | B60: Bê tông dầm Super-T Nhịp 1 - Phiến D2 (C45 đá 1x2) | D60: 28.99 | E60: =IF(C60="","",C60+7) | F60: =IF(C60="","",C60+28) | J60: 0.425 | K60: 0.555 | L60: 0.7 | M60: =IF(D60="","",ROUND(M59+IF(G60>0,D60*G60,D60*J60),2)) | N60: =IF(D60="","",ROUND(N59+IF(H60>0,D60*H60,D60*K60),2)) | O60: =IF(D60="","",ROUND(O59+IF(I60>0,D60*I60,D60*L60),2)) | P60: =IF(M60="","",IF(ROUNDUP(M60/50,0)>ROUNDUP(M59/50,0),"Lần " & ROUNDUP(M60/50,0),"")) | Q60: =IF(N60="","",IF(ROUNDUP(N60/200,0)>ROUNDUP(N59/200,0),"Lần " & ROUNDUP(N60/200,0),"")) | R60: =IF(O60="","",IF(ROUNDUP(O60/350,0)>ROUNDUP(O59/350,0),"Lần " & ROUNDUP(O60/350,0),"")) | U60: Khớp bản vẽ (tr.175 bê tông 15 phiến ÷ 15). Bình quân 15 phiến; từng loại: S1B1 29,25 (tr.88), S1G 28,83 (tr.94) m³ — thay theo loại phiến khi có sơ đồ vị trí. | Mác C45 chưa có cấp phối riêng — đang dùng cấp phối C30 (0,425 t XM; 0,555 m³ cát; 0,700 m³ đá / m³). Nhập cấp phối được duyệt.
A61: 55 | B61: Bê tông dầm Super-T Nhịp 1 - Phiến D3 (C45 đá 1x2) | D61: 28.99 | E61: =IF(C61="","",C61+7) | F61: =IF(C61="","",C61+28) | J61: 0.425 | K61: 0.555 | L61: 0.7 | M61: =IF(D61="","",ROUND(M60+IF(G61>0,D61*G61,D61*J61),2)) | N61: =IF(D61="","",ROUND(N60+IF(H61>0,D61*H61,D61*K61),2)) | O61: =IF(D61="","",ROUND(O60+IF(I61>0,D61*I61,D61*L61),2)) | P61: =IF(M61="","",IF(ROUNDUP(M61/50,0)>ROUNDUP(M60/50,0),"Lần " & ROUNDUP(M61/50,0),"")) | Q61: =IF(N61="","",IF(ROUNDUP(N61/200,0)>ROUNDUP(N60/200,0),"Lần " & ROUNDUP(N61/200,0),"")) | R61: =IF(O61="","",IF(ROUNDUP(O61/350,0)>ROUNDUP(O60/350,0),"Lần " & ROUNDUP(O61/350,0),"")) | U61: Khớp bản vẽ (tr.175 bê tông 15 phiến ÷ 15). Bình quân 15 phiến; từng loại: S1B1 29,25 (tr.88), S1G 28,83 (tr.94) m³ — thay theo loại phiến khi có sơ đồ vị trí. | Mác C45 chưa có cấp phối riêng — đang dùng cấp phối C30 (0,425 t XM; 0,555 m³ cát; 0,700 m³ đá / m³). Nhập cấp phối được duyệt.
A62: 56 | B62: Bê tông dầm Super-T Nhịp 1 - Phiến D4 (C45 đá 1x2) | D62: 28.99 | E62: =IF(C62="","",C62+7) | F62: =IF(C62="","",C62+28) | J62: 0.425 | K62: 0.555 | L62: 0.7 | M62: =IF(D62="","",ROUND(M61+IF(G62>0,D62*G62,D62*J62),2)) | N62: =IF(D62="","",ROUND(N61+IF(H62>0,D62*H62,D62*K62),2)) | O62: =IF(D62="","",ROUND(O61+IF(I62>0,D62*I62,D62*L62),2)) | P62: =IF(M62="","",IF(ROUNDUP(M62/50,0)>ROUNDUP(M61/50,0),"Lần " & ROUNDUP(M62/50,0),"")) | Q62: =IF(N62="","",IF(ROUNDUP(N62/200,0)>ROUNDUP(N61/200,0),"Lần " & ROUNDUP(N62/200,0),"")) | R62: =IF(O62="","",IF(ROUNDUP(O62/350,0)>ROUNDUP(O61/350,0),"Lần " & ROUNDUP(O62/350,0),"")) | U62: Khớp bản vẽ (tr.175 bê tông 15 phiến ÷ 15). Bình quân 15 phiến; từng loại: S1B1 29,25 (tr.88), S1G 28,83 (tr.94) m³ — thay theo loại phiến khi có sơ đồ vị trí. | Mác C45 chưa có cấp phối riêng — đang dùng cấp phối C30 (0,425 t XM; 0,555 m³ cát; 0,700 m³ đá / m³). Nhập cấp phối được duyệt.
A63: 57 | B63: Bê tông dầm Super-T Nhịp 1 - Phiến D5 (C45 đá 1x2) | D63: 28.99 | E63: =IF(C63="","",C63+7) | F63: =IF(C63="","",C63+28) | J63: 0.425 | K63: 0.555 | L63: 0.7 | M63: =IF(D63="","",ROUND(M62+IF(G63>0,D63*G63,D63*J63),2)) | N63: =IF(D63="","",ROUND(N62+IF(H63>0,D63*H63,D63*K63),2)) | O63: =IF(D63="","",ROUND(O62+IF(I63>0,D63*I63,D63*L63),2)) | P63: =IF(M63="","",IF(ROUNDUP(M63/50,0)>ROUNDUP(M62/50,0),"Lần " & ROUNDUP(M63/50,0),"")) | Q63: =IF(N63="","",IF(ROUNDUP(N63/200,0)>ROUNDUP(N62/200,0),"Lần " & ROUNDUP(N63/200,0),"")) | R63: =IF(O63="","",IF(ROUNDUP(O63/350,0)>ROUNDUP(O62/350,0),"Lần " & ROUNDUP(O63/350,0),"")) | U63: Khớp bản vẽ (tr.175 bê tông 15 phiến ÷ 15). Bình quân 15 phiến; từng loại: S1B1 29,25 (tr.88), S1G 28,83 (tr.94) m³ — thay theo loại phiến khi có sơ đồ vị trí. | Mác C45 chưa có cấp phối riêng — đang dùng cấp phối C30 (0,425 t XM; 0,555 m³ cát; 0,700 m³ đá / m³). Nhập cấp phối được duyệt.
A64: 58 | B64: Bê tông dầm Super-T Nhịp 2 - Phiến D1 (C45 đá 1x2) | D64: 28.99 | E64: =IF(C64="","",C64+7) | F64: =IF(C64="","",C64+28) | J64: 0.425 | K64: 0.555 | L64: 0.7 | M64: =IF(D64="","",ROUND(M63+IF(G64>0,D64*G64,D64*J64),2)) | N64: =IF(D64="","",ROUND(N63+IF(H64>0,D64*H64,D64*K64),2)) | O64: =IF(D64="","",ROUND(O63+IF(I64>0,D64*I64,D64*L64),2)) | P64: =IF(M64="","",IF(ROUNDUP(M64/50,0)>ROUNDUP(M63/50,0),"Lần " & ROUNDUP(M64/50,0),"")) | Q64: =IF(N64="","",IF(ROUNDUP(N64/200,0)>ROUNDUP(N63/200,0),"Lần " & ROUNDUP(N64/200,0),"")) | R64: =IF(O64="","",IF(ROUNDUP(O64/350,0)>ROUNDUP(O63/350,0),"Lần " & ROUNDUP(O64/350,0),"")) | U64: Khớp bản vẽ (tr.175 bê tông 15 phiến ÷ 15). Bình quân 15 phiến; từng loại: S1B1 29,25 (tr.88), S1G 28,83 (tr.94) m³ — thay theo loại phiến khi có sơ đồ vị trí. | Mác C45 chưa có cấp phối riêng — đang dùng cấp phối C30 (0,425 t XM; 0,555 m³ cát; 0,700 m³ đá / m³). Nhập cấp phối được duyệt.
A65: 59 | B65: Bê tông dầm Super-T Nhịp 2 - Phiến D2 (C45 đá 1x2) | D65: 28.99 | E65: =IF(C65="","",C65+7) | F65: =IF(C65="","",C65+28) | J65: 0.425 | K65: 0.555 | L65: 0.7 | M65: =IF(D65="","",ROUND(M64+IF(G65>0,D65*G65,D65*J65),2)) | N65: =IF(D65="","",ROUND(N64+IF(H65>0,D65*H65,D65*K65),2)) | O65: =IF(D65="","",ROUND(O64+IF(I65>0,D65*I65,D65*L65),2)) | P65: =IF(M65="","",IF(ROUNDUP(M65/50,0)>ROUNDUP(M64/50,0),"Lần " & ROUNDUP(M65/50,0),"")) | Q65: =IF(N65="","",IF(ROUNDUP(N65/200,0)>ROUNDUP(N64/200,0),"Lần " & ROUNDUP(N65/200,0),"")) | R65: =IF(O65="","",IF(ROUNDUP(O65/350,0)>ROUNDUP(O64/350,0),"Lần " & ROUNDUP(O65/350,0),"")) | U65: Khớp bản vẽ (tr.175 bê tông 15 phiến ÷ 15). Bình quân 15 phiến; từng loại: S1B1 29,25 (tr.88), S1G 28,83 (tr.94) m³ — thay theo loại phiến khi có sơ đồ vị trí. | Mác C45 chưa có cấp phối riêng — đang dùng cấp phối C30 (0,425 t XM; 0,555 m³ cát; 0,700 m³ đá / m³). Nhập cấp phối được duyệt.
A66: 60 | B66: Bê tông dầm Super-T Nhịp 2 - Phiến D3 (C45 đá 1x2) | D66: 28.99 | E66: =IF(C66="","",C66+7) | F66: =IF(C66="","",C66+28) | J66: 0.425 | K66: 0.555 | L66: 0.7 | M66: =IF(D66="","",ROUND(M65+IF(G66>0,D66*G66,D66*J66),2)) | N66: =IF(D66="","",ROUND(N65+IF(H66>0,D66*H66,D66*K66),2)) | O66: =IF(D66="","",ROUND(O65+IF(I66>0,D66*I66,D66*L66),2)) | P66: =IF(M66="","",IF(ROUNDUP(M66/50,0)>ROUNDUP(M65/50,0),"Lần " & ROUNDUP(M66/50,0),"")) | Q66: =IF(N66="","",IF(ROUNDUP(N66/200,0)>ROUNDUP(N65/200,0),"Lần " & ROUNDUP(N66/200,0),"")) | R66: =IF(O66="","",IF(ROUNDUP(O66/350,0)>ROUNDUP(O65/350,0),"Lần " & ROUNDUP(O66/350,0),"")) | U66: Khớp bản vẽ (tr.175 bê tông 15 phiến ÷ 15). Bình quân 15 phiến; từng loại: S1B1 29,25 (tr.88), S1G 28,83 (tr.94) m³ — thay theo loại phiến khi có sơ đồ vị trí. | Mác C45 chưa có cấp phối riêng — đang dùng cấp phối C30 (0,425 t XM; 0,555 m³ cát; 0,700 m³ đá / m³). Nhập cấp phối được duyệt.
A67: 61 | B67: Bê tông dầm Super-T Nhịp 2 - Phiến D4 (C45 đá 1x2) | D67: 28.99 | E67: =IF(C67="","",C67+7) | F67: =IF(C67="","",C67+28) | J67: 0.425 | K67: 0.555 | L67: 0.7 | M67: =IF(D67="","",ROUND(M66+IF(G67>0,D67*G67,D67*J67),2)) | N67: =IF(D67="","",ROUND(N66+IF(H67>0,D67*H67,D67*K67),2)) | O67: =IF(D67="","",ROUND(O66+IF(I67>0,D67*I67,D67*L67),2)) | P67: =IF(M67="","",IF(ROUNDUP(M67/50,0)>ROUNDUP(M66/50,0),"Lần " & ROUNDUP(M67/50,0),"")) | Q67: =IF(N67="","",IF(ROUNDUP(N67/200,0)>ROUNDUP(N66/200,0),"Lần " & ROUNDUP(N67/200,0),"")) | R67: =IF(O67="","",IF(ROUNDUP(O67/350,0)>ROUNDUP(O66/350,0),"Lần " & ROUNDUP(O67/350,0),"")) | U67: Khớp bản vẽ (tr.175 bê tông 15 phiến ÷ 15). Bình quân 15 phiến; từng loại: S1B1 29,25 (tr.88), S1G 28,83 (tr.94) m³ — thay theo loại phiến khi có sơ đồ vị trí. | Mác C45 chưa có cấp phối riêng — đang dùng cấp phối C30 (0,425 t XM; 0,555 m³ cát; 0,700 m³ đá / m³). Nhập cấp phối được duyệt.
A68: 62 | B68: Bê tông dầm Super-T Nhịp 2 - Phiến D5 (C45 đá 1x2) | D68: 28.99 | E68: =IF(C68="","",C68+7) | F68: =IF(C68="","",C68+28) | J68: 0.425 | K68: 0.555 | L68: 0.7 | M68: =IF(D68="","",ROUND(M67+IF(G68>0,D68*G68,D68*J68),2)) | N68: =IF(D68="","",ROUND(N67+IF(H68>0,D68*H68,D68*K68),2)) | O68: =IF(D68="","",ROUND(O67+IF(I68>0,D68*I68,D68*L68),2)) | P68: =IF(M68="","",IF(ROUNDUP(M68/50,0)>ROUNDUP(M67/50,0),"Lần " & ROUNDUP(M68/50,0),"")) | Q68: =IF(N68="","",IF(ROUNDUP(N68/200,0)>ROUNDUP(N67/200,0),"Lần " & ROUNDUP(N68/200,0),"")) | R68: =IF(O68="","",IF(ROUNDUP(O68/350,0)>ROUNDUP(O67/350,0),"Lần " & ROUNDUP(O68/350,0),"")) | U68: Khớp bản vẽ (tr.175 bê tông 15 phiến ÷ 15). Bình quân 15 phiến; từng loại: S1B1 29,25 (tr.88), S1G 28,83 (tr.94) m³ — thay theo loại phiến khi có sơ đồ vị trí. | Mác C45 chưa có cấp phối riêng — đang dùng cấp phối C30 (0,425 t XM; 0,555 m³ cát; 0,700 m³ đá / m³). Nhập cấp phối được duyệt.
A69: 63 | B69: Bê tông dầm Super-T Nhịp 3 - Phiến D1 (C45 đá 1x2) | D69: 28.99 | E69: =IF(C69="","",C69+7) | F69: =IF(C69="","",C69+28) | J69: 0.425 | K69: 0.555 | L69: 0.7 | M69: =IF(D69="","",ROUND(M68+IF(G69>0,D69*G69,D69*J69),2)) | N69: =IF(D69="","",ROUND(N68+IF(H69>0,D69*H69,D69*K69),2)) | O69: =IF(D69="","",ROUND(O68+IF(I69>0,D69*I69,D69*L69),2)) | P69: =IF(M69="","",IF(ROUNDUP(M69/50,0)>ROUNDUP(M68/50,0),"Lần " & ROUNDUP(M69/50,0),"")) | Q69: =IF(N69="","",IF(ROUNDUP(N69/200,0)>ROUNDUP(N68/200,0),"Lần " & ROUNDUP(N69/200,0),"")) | R69: =IF(O69="","",IF(ROUNDUP(O69/350,0)>ROUNDUP(O68/350,0),"Lần " & ROUNDUP(O69/350,0),"")) | U69: Khớp bản vẽ (tr.175 bê tông 15 phiến ÷ 15). Bình quân 15 phiến; từng loại: S1B1 29,25 (tr.88), S1G 28,83 (tr.94) m³ — thay theo loại phiến khi có sơ đồ vị trí. | Mác C45 chưa có cấp phối riêng — đang dùng cấp phối C30 (0,425 t XM; 0,555 m³ cát; 0,700 m³ đá / m³). Nhập cấp phối được duyệt.
A70: 64 | B70: Bê tông dầm Super-T Nhịp 3 - Phiến D2 (C45 đá 1x2) | D70: 28.99 | E70: =IF(C70="","",C70+7) | F70: =IF(C70="","",C70+28) | J70: 0.425 | K70: 0.555 | L70: 0.7 | M70: =IF(D70="","",ROUND(M69+IF(G70>0,D70*G70,D70*J70),2)) | N70: =IF(D70="","",ROUND(N69+IF(H70>0,D70*H70,D70*K70),2)) | O70: =IF(D70="","",ROUND(O69+IF(I70>0,D70*I70,D70*L70),2)) | P70: =IF(M70="","",IF(ROUNDUP(M70/50,0)>ROUNDUP(M69/50,0),"Lần " & ROUNDUP(M70/50,0),"")) | Q70: =IF(N70="","",IF(ROUNDUP(N70/200,0)>ROUNDUP(N69/200,0),"Lần " & ROUNDUP(N70/200,0),"")) | R70: =IF(O70="","",IF(ROUNDUP(O70/350,0)>ROUNDUP(O69/350,0),"Lần " & ROUNDUP(O70/350,0),"")) | U70: Khớp bản vẽ (tr.175 bê tông 15 phiến ÷ 15). Bình quân 15 phiến; từng loại: S1B1 29,25 (tr.88), S1G 28,83 (tr.94) m³ — thay theo loại phiến khi có sơ đồ vị trí. | Mác C45 chưa có cấp phối riêng — đang dùng cấp phối C30 (0,425 t XM; 0,555 m³ cát; 0,700 m³ đá / m³). Nhập cấp phối được duyệt.
A71: 65 | B71: Bê tông dầm Super-T Nhịp 3 - Phiến D3 (C45 đá 1x2) | D71: 28.99 | E71: =IF(C71="","",C71+7) | F71: =IF(C71="","",C71+28) | J71: 0.425 | K71: 0.555 | L71: 0.7 | M71: =IF(D71="","",ROUND(M70+IF(G71>0,D71*G71,D71*J71),2)) | N71: =IF(D71="","",ROUND(N70+IF(H71>0,D71*H71,D71*K71),2)) | O71: =IF(D71="","",ROUND(O70+IF(I71>0,D71*I71,D71*L71),2)) | P71: =IF(M71="","",IF(ROUNDUP(M71/50,0)>ROUNDUP(M70/50,0),"Lần " & ROUNDUP(M71/50,0),"")) | Q71: =IF(N71="","",IF(ROUNDUP(N71/200,0)>ROUNDUP(N70/200,0),"Lần " & ROUNDUP(N71/200,0),"")) | R71: =IF(O71="","",IF(ROUNDUP(O71/350,0)>ROUNDUP(O70/350,0),"Lần " & ROUNDUP(O71/350,0),"")) | U71: Khớp bản vẽ (tr.175 bê tông 15 phiến ÷ 15). Bình quân 15 phiến; từng loại: S1B1 29,25 (tr.88), S1G 28,83 (tr.94) m³ — thay theo loại phiến khi có sơ đồ vị trí. | Mác C45 chưa có cấp phối riêng — đang dùng cấp phối C30 (0,425 t XM; 0,555 m³ cát; 0,700 m³ đá / m³). Nhập cấp phối được duyệt.
... A73: 67 | B73: Bê tông dầm Super-T Nhịp 3 - Phiến D5 (C45 đá 1x2) | D73: 28.99 | E73: =IF(C73="","",C73+7) | F73: =IF(C73="","",C73+28) | J73: 0.425 | K73: 0.555 | L73: 0.7 | M73: =IF(D73="","",ROUND(M72+IF(G73>0,D73*G73,D73*J73),2)) | N73: =IF(D73="","",ROUND(N72+IF(H73>0,D73*H73,D73*K73),2)) | O73: =IF(D73="","",ROUND(O72+IF(I73>0,D73*I73,D73*L73),2)) | P73: =IF(M73="","",IF(ROUNDUP(M73/50,0)>ROUNDUP(M72/50,0),"Lần " & ROUNDUP(M73/50,0),"")) | Q73: =IF(N73="","",IF(ROUNDUP(N73/200,0)>ROUNDUP(N72/200,0),"Lần " & ROUNDUP(N73/200,0),"")) | R73: =IF(O73="","",IF(ROUNDUP(O73/350,0)>ROUNDUP(O72/350,0),"Lần " & ROUNDUP(O73/350,0),"")) | U73: Khớp bản vẽ (tr.175 bê tông 15 phiến ÷ 15). Bình quân 15 phiến; từng loại: S1B1 29,25 (tr.88), S1G 28,83 (tr.94) m³ — thay theo loại phiến khi có sơ đồ vị trí. | Mác C45 chưa có cấp phối riêng — đang dùng cấp phối C30 (0,425 t XM; 0,555 m³ cát; 0,700 m³ đá / m³). Nhập cấp phối được duyệt.
A74: V. HẠNG MỤC DẦM NGANG, BẢN MẶT CẦU & KẾT CẤU HOÀN THIỆN
A75: 68 | B75: Bê tông dầm ngang mố M1 & Trụ T1 (C35 đá 1x2) | D75: 6.46 | E75: =IF(C75="","",C75+7) | F75: =IF(C75="","",C75+28) | J75: 0.425 | K75: 0.555 | L75: 0.7 | M75: =IF(D75="","",ROUND(M73+IF(G75>0,D75*G75,D75*J75),2)) | N75: =IF(D75="","",ROUND(N73+IF(H75>0,D75*H75,D75*K75),2)) | O75: =IF(D75="","",ROUND(O73+IF(I75>0,D75*I75,D75*L75),2)) | P75: =IF(M75="","",IF(ROUNDUP(M75/50,0)>ROUNDUP(M73/50,0),"Lần " & ROUNDUP(M75/50,0),"")) | Q75: =IF(N75="","",IF(ROUNDUP(N75/200,0)>ROUNDUP(N73/200,0),"Lần " & ROUNDUP(N75/200,0),"")) | R75: =IF(O75="","",IF(ROUNDUP(O75/350,0)>ROUNDUP(O73/350,0),"Lần " & ROUNDUP(O75/350,0),"")) | U75: Khớp bản vẽ (tr.96: 3 dầm ngang, 19,38 ÷ 3) | Mác C35 chưa có cấp phối riêng — đang dùng cấp phối C30 (0,425 t XM; 0,555 m³ cát; 0,700 m³ đá / m³). Nhập cấp phối được duyệt.
A76: 69 | B76: Bê tông dầm ngang Trụ T1 & Trụ T2 (C35 đá 1x2) | D76: 6.46 | E76: =IF(C76="","",C76+7) | F76: =IF(C76="","",C76+28) | J76: 0.425 | K76: 0.555 | L76: 0.7 | M76: =IF(D76="","",ROUND(M75+IF(G76>0,D76*G76,D76*J76),2)) | N76: =IF(D76="","",ROUND(N75+IF(H76>0,D76*H76,D76*K76),2)) | O76: =IF(D76="","",ROUND(O75+IF(I76>0,D76*I76,D76*L76),2)) | P76: =IF(M76="","",IF(ROUNDUP(M76/50,0)>ROUNDUP(M75/50,0),"Lần " & ROUNDUP(M76/50,0),"")) | Q76: =IF(N76="","",IF(ROUNDUP(N76/200,0)>ROUNDUP(N75/200,0),"Lần " & ROUNDUP(N76/200,0),"")) | R76: =IF(O76="","",IF(ROUNDUP(O76/350,0)>ROUNDUP(O75/350,0),"Lần " & ROUNDUP(O76/350,0),"")) | U76: Khớp bản vẽ (tr.96: 3 dầm ngang, 19,38 ÷ 3) | Mác C35 chưa có cấp phối riêng — đang dùng cấp phối C30 (0,425 t XM; 0,555 m³ cát; 0,700 m³ đá / m³). Nhập cấp phối được duyệt.
A77: 70 | B77: Bê tông dầm ngang Trụ T2 & Mố M2 (C35 đá 1x2) | D77: 6.46 | E77: =IF(C77="","",C77+7) | F77: =IF(C77="","",C77+28) | J77: 0.425 | K77: 0.555 | L77: 0.7 | M77: =IF(D77="","",ROUND(M76+IF(G77>0,D77*G77,D77*J77),2)) | N77: =IF(D77="","",ROUND(N76+IF(H77>0,D77*H77,D77*K77),2)) | O77: =IF(D77="","",ROUND(O76+IF(I77>0,D77*I77,D77*L77),2)) | P77: =IF(M77="","",IF(ROUNDUP(M77/50,0)>ROUNDUP(M76/50,0),"Lần " & ROUNDUP(M77/50,0),"")) | Q77: =IF(N77="","",IF(ROUNDUP(N77/200,0)>ROUNDUP(N76/200,0),"Lần " & ROUNDUP(N77/200,0),"")) | R77: =IF(O77="","",IF(ROUNDUP(O77/350,0)>ROUNDUP(O76/350,0),"Lần " & ROUNDUP(O77/350,0),"")) | U77: Khớp bản vẽ (tr.96: 3 dầm ngang, 19,38 ÷ 3) | Mác C35 chưa có cấp phối riêng — đang dùng cấp phối C30 (0,425 t XM; 0,555 m³ cát; 0,700 m³ đá / m³). Nhập cấp phối được duyệt.
A78: 71 | B78: Bê tông bản liên tục nhiệt tại trụ T1, T2 (C35 đá 1x2) | D78: 21.87 | E78: =IF(C78="","",C78+7) | F78: =IF(C78="","",C78+28) | J78: 0.425 | K78: 0.555 | L78: 0.7 | M78: =IF(D78="","",ROUND(M77+IF(G78>0,D78*G78,D78*J78),2)) | N78: =IF(D78="","",ROUND(N77+IF(H78>0,D78*H78,D78*K78),2)) | O78: =IF(D78="","",ROUND(O77+IF(I78>0,D78*I78,D78*L78),2)) | P78: =IF(M78="","",IF(ROUNDUP(M78/50,0)>ROUNDUP(M77/50,0),"Lần " & ROUNDUP(M78/50,0),"")) | Q78: =IF(N78="","",IF(ROUNDUP(N78/200,0)>ROUNDUP(N77/200,0),"Lần " & ROUNDUP(N78/200,0),"")) | R78: =IF(O78="","",IF(ROUNDUP(O78/350,0)>ROUNDUP(O77/350,0),"Lần " & ROUNDUP(O78/350,0),"")) | U78: Bản vẽ: 8,50 → 21,87 m³ (tr.175 (tr.112: 2 vị trí × 10,93)). File cũ 8,5 m³ ghi C45; bản vẽ 21,87 m³ C35, đổ ở 2 vị trí — nên tách 2 dòng để lấy mẫu từng lần đổ. | Mác C35 chưa có cấp phối riêng — đang dùng cấp phối C30 (0,425 t XM; 0,555 m³ cát; 0,700 m³ đá / m³). Nhập cấp phối được duyệt.
A79: 72 | B79: Bê tông bản mặt cầu Nhịp 1 (C35 đá 1x2) | D79: 102.53 | E79: =IF(C79="","",C79+7) | F79: =IF(C79="","",C79+28) | J79: 0.425 | K79: 0.555 | L79: 0.7 | M79: =IF(D79="","",ROUND(M78+IF(G79>0,D79*G79,D79*J79),2)) | N79: =IF(D79="","",ROUND(N78+IF(H79>0,D79*H79,D79*K79),2)) | O79: =IF(D79="","",ROUND(O78+IF(I79>0,D79*I79,D79*L79),2)) | P79: =IF(M79="","",IF(ROUNDUP(M79/50,0)>ROUNDUP(M78/50,0),"Lần " & ROUNDUP(M79/50,0),"")) | Q79: =IF(N79="","",IF(ROUNDUP(N79/200,0)>ROUNDUP(N78/200,0),"Lần " & ROUNDUP(N79/200,0),"")) | R79: =IF(O79="","",IF(ROUNDUP(O79/350,0)>ROUNDUP(O78/350,0),"Lần " & ROUNDUP(O79/350,0),"")) | U79: Bản vẽ: 85,00 → 102,53 m³ (tr.112 bản mặt cầu loại 1 (1 nhịp)). Tr.112/175: 2 nhịp loại 1 (102,53) + 1 nhịp loại 2 (100,40) = 305,465 m³. Chưa rõ nhịp nào loại 2 — đang gán nhịp 2. | Mác C35 chưa có cấp phối riêng — đang dùng cấp phối C30 (0,425 t XM; 0,555 m³ cát; 0,700 m³ đá / m³). Nhập cấp phối được duyệt.
A80: 73 | B80: Bê tông bản mặt cầu Nhịp 2 (C35 đá 1x2) | D80: 100.4 | E80: =IF(C80="","",C80+7) | F80: =IF(C80="","",C80+28) | J80: 0.425 | K80: 0.555 | L80: 0.7 | M80: =IF(D80="","",ROUND(M79+IF(G80>0,D80*G80,D80*J80),2)) | N80: =IF(D80="","",ROUND(N79+IF(H80>0,D80*H80,D80*K80),2)) | O80: =IF(D80="","",ROUND(O79+IF(I80>0,D80*I80,D80*L80),2)) | P80: =IF(M80="","",IF(ROUNDUP(M80/50,0)>ROUNDUP(M79/50,0),"Lần " & ROUNDUP(M80/50,0),"")) | Q80: =IF(N80="","",IF(ROUNDUP(N80/200,0)>ROUNDUP(N79/200,0),"Lần " & ROUNDUP(N80/200,0),"")) | R80: =IF(O80="","",IF(ROUNDUP(O80/350,0)>ROUNDUP(O79/350,0),"Lần " & ROUNDUP(O80/350,0),"")) | U80: Bản vẽ: 85,00 → 100,40 m³ (tr.112 bản mặt cầu loại 2 (1 nhịp)). Chưa rõ nhịp nào loại 2 — đang gán nhịp 2. | Mác C35 chưa có cấp phối riêng — đang dùng cấp phối C30 (0,425 t XM; 0,555 m³ cát; 0,700 m³ đá / m³). Nhập cấp phối được duyệt.
A81: 74 | B81: Bê tông bản mặt cầu Nhịp 3 (C35 đá 1x2) | D81: 102.53 | E81: =IF(C81="","",C81+7) | F81: =IF(C81="","",C81+28) | J81: 0.425 | K81: 0.555 | L81: 0.7 | M81: =IF(D81="","",ROUND(M80+IF(G81>0,D81*G81,D81*J81),2)) | N81: =IF(D81="","",ROUND(N80+IF(H81>0,D81*H81,D81*K81),2)) | O81: =IF(D81="","",ROUND(O80+IF(I81>0,D81*I81,D81*L81),2)) | P81: =IF(M81="","",IF(ROUNDUP(M81/50,0)>ROUNDUP(M80/50,0),"Lần " & ROUNDUP(M81/50,0),"")) | Q81: =IF(N81="","",IF(ROUNDUP(N81/200,0)>ROUNDUP(N80/200,0),"Lần " & ROUNDUP(N81/200,0),"")) | R81: =IF(O81="","",IF(ROUNDUP(O81/350,0)>ROUNDUP(O80/350,0),"Lần " & ROUNDUP(O81/350,0),"")) | U81: Bản vẽ: 85,00 → 102,53 m³ (tr.112 bản mặt cầu loại 1 (1 nhịp)) | Mác C35 chưa có cấp phối riêng — đang dùng cấp phối C30 (0,425 t XM; 0,555 m³ cát; 0,700 m³ đá / m³). Nhập cấp phối được duyệt.
A82: 75 | B82: Bê tông bản quá độ mố M1 (C25 đá 1x2) | D82: 29.1 | E82: =IF(C82="","",C82+7) | F82: =IF(C82="","",C82+28) | J82: 0.425 | K82: 0.555 | L82: 0.7 | M82: =IF(D82="","",ROUND(M81+IF(G82>0,D82*G82,D82*J82),2)) | N82: =IF(D82="","",ROUND(N81+IF(H82>0,D82*H82,D82*K82),2)) | O82: =IF(D82="","",ROUND(O81+IF(I82>0,D82*I82,D82*L82),2)) | P82: =IF(M82="","",IF(ROUNDUP(M82/50,0)>ROUNDUP(M81/50,0),"Lần " & ROUNDUP(M82/50,0),"")) | Q82: =IF(N82="","",IF(ROUNDUP(N82/200,0)>ROUNDUP(N81/200,0),"Lần " & ROUNDUP(N82/200,0),"")) | R82: =IF(O82="","",IF(ROUNDUP(O82/350,0)>ROUNDUP(O81/350,0),"Lần " & ROUNDUP(O82/350,0),"")) | U82: Bản vẽ: 16,00 → 29,10 m³ (tr.126 bản quá độ A1). File cũ 16 m³ ghi C30; bản vẽ 29,10 m³ C25. | Mác C25 chưa có cấp phối riêng — đang dùng cấp phối C30 (0,425 t XM; 0,555 m³ cát; 0,700 m³ đá / m³). Nhập cấp phối được duyệt.
A83: 76 | B83: Bê tông bản quá độ mố M2 (C25 đá 1x2) | D83: 38.28 | E83: =IF(C83="","",C83+7) | F83: =IF(C83="","",C83+28) | J83: 0.425 | K83: 0.555 | L83: 0.7 | M83: =IF(D83="","",ROUND(M82+IF(G83>0,D83*G83,D83*J83),2)) | N83: =IF(D83="","",ROUND(N82+IF(H83>0,D83*H83,D83*K83),2)) | O83: =IF(D83="","",ROUND(O82+IF(I83>0,D83*I83,D83*L83),2)) | P83: =IF(M83="","",IF(ROUNDUP(M83/50,0)>ROUNDUP(M82/50,0),"Lần " & ROUNDUP(M83/50,0),"")) | Q83: =IF(N83="","",IF(ROUNDUP(N83/200,0)>ROUNDUP(N82/200,0),"Lần " & ROUNDUP(N83/200,0),"")) | R83: =IF(O83="","",IF(ROUNDUP(O83/350,0)>ROUNDUP(O82/350,0),"Lần " & ROUNDUP(O83/350,0),"")) | U83: Bản vẽ: 16,00 → 38,28 m³ (tr.128 bản quá độ A2). File cũ 16 m³ ghi C30; bản vẽ 38,28 m³ C25. | Mác C25 chưa có cấp phối riêng — đang dùng cấp phối C30 (0,425 t XM; 0,555 m³ cát; 0,700 m³ đá / m³). Nhập cấp phối được duyệt.
A84: 77 | B84: Bê tông gờ lan can mố M1 & Nhịp 1 (C25 đá 1x2) | D84: 52.14 | E84: =IF(C84="","",C84+7) | F84: =IF(C84="","",C84+28) | J84: 0.425 | K84: 0.555 | L84: 0.7 | M84: =IF(D84="","",ROUND(M83+IF(G84>0,D84*G84,D84*J84),2)) | N84: =IF(D84="","",ROUND(N83+IF(H84>0,D84*H84,D84*K84),2)) | O84: =IF(D84="","",ROUND(O83+IF(I84>0,D84*I84,D84*L84),2)) | P84: =IF(M84="","",IF(ROUNDUP(M84/50,0)>ROUNDUP(M83/50,0),"Lần " & ROUNDUP(M84/50,0),"")) | Q84: =IF(N84="","",IF(ROUNDUP(N84/200,0)>ROUNDUP(N83/200,0),"Lần " & ROUNDUP(N84/200,0),"")) | R84: =IF(O84="","",IF(ROUNDUP(O84/350,0)>ROUNDUP(O83/350,0),"Lần " & ROUNDUP(O84/350,0),"")) | U84: Bản vẽ: 9,50 → 52,14 m³ (tr.175/tr.119 gờ lan can C25, chia theo tỷ lệ 2 đợt cũ). File cũ 2 × 9,5 m³ C30; bản vẽ 104,28 m³ C25 (19 đốt) — nên tách theo đợt đổ thực tế. | Mác C25 chưa có cấp phối riêng — đang dùng cấp phối C30 (0,425 t XM; 0,555 m³ cát; 0,700 m³ đá / m³). Nhập cấp phối được duyệt.
A85: 78 | B85: Bê tông gờ lan can Nhịp 2, Nhịp 3 & mố M2 (C25) | D85: 52.14 | E85: =IF(C85="","",C85+7) | F85: =IF(C85="","",C85+28) | J85: 0.425 | K85: 0.555 | L85: 0.7 | M85: =IF(D85="","",ROUND(M84+IF(G85>0,D85*G85,D85*J85),2)) | N85: =IF(D85="","",ROUND(N84+IF(H85>0,D85*H85,D85*K85),2)) | O85: =IF(D85="","",ROUND(O84+IF(I85>0,D85*I85,D85*L85),2)) | P85: =IF(M85="","",IF(ROUNDUP(M85/50,0)>ROUNDUP(M84/50,0),"Lần " & ROUNDUP(M85/50,0),"")) | Q85: =IF(N85="","",IF(ROUNDUP(N85/200,0)>ROUNDUP(N84/200,0),"Lần " & ROUNDUP(N85/200,0),"")) | R85: =IF(O85="","",IF(ROUNDUP(O85/350,0)>ROUNDUP(O84/350,0),"Lần " & ROUNDUP(O85/350,0),"")) | U85: Bản vẽ: 9,50 → 52,14 m³ (tr.175/tr.119 gờ lan can C25, chia theo tỷ lệ 2 đợt cũ). File cũ 2 × 9,5 m³ C30; bản vẽ 104,28 m³ C25 (19 đốt) — nên tách theo đợt đổ thực tế. | Mác C25 chưa có cấp phối riêng — đang dùng cấp phối C30 (0,425 t XM; 0,555 m³ cát; 0,700 m³ đá / m³). Nhập cấp phối được duyệt.
A86: 79 | B86: Bê tông khe co giãn răng lược D=100mm mố M1 & M2 (C40) | D86: 4.67 | E86: =IF(C86="","",C86+7) | F86: =IF(C86="","",C86+28) | J86: 0.425 | K86: 0.555 | L86: 0.7 | M86: =IF(D86="","",ROUND(M85+IF(G86>0,D86*G86,D86*J86),2)) | N86: =IF(D86="","",ROUND(N85+IF(H86>0,D86*H86,D86*K86),2)) | O86: =IF(D86="","",ROUND(O85+IF(I86>0,D86*I86,D86*L86),2)) | P86: =IF(M86="","",IF(ROUNDUP(M86/50,0)>ROUNDUP(M85/50,0),"Lần " & ROUNDUP(M86/50,0),"")) | Q86: =IF(N86="","",IF(ROUNDUP(N86/200,0)>ROUNDUP(N85/200,0),"Lần " & ROUNDUP(N86/200,0),"")) | R86: =IF(O86="","",IF(ROUNDUP(O86/350,0)>ROUNDUP(O85/350,0),"Lần " & ROUNDUP(O86/350,0),"")) | U86: Khớp bản vẽ (tr.175 khe co giãn) | Mác C40 chưa có cấp phối riêng — đang dùng cấp phối C30 (0,425 t XM; 0,555 m³ cát; 0,700 m³ đá / m³). Nhập cấp phối được duyệt.
A87: TỔNG CỘNG TOÀN CẦU | D87: =SUM(D4:D86) | M87: =M86 | N87: =N86 | O87: =O86

Sheet Theo_Doi_Tan_Suat_Cot_Thep
A1: STT | B1: HẠNG MỤC CẤU KIỆN | C1: BỘ PHẬN / VỊ TRÍ CHI TIẾT | D1: KÝ HIỆU THANH | E1: ĐƯỜNG KÍNH Ø (mm) | F1: MÁC THÉP / TIÊU CHUẨN | G1: HÌNH DẠNG / QUY CÁCH | H1: CHIỀU DÀI 1 THANH (m) | I1: SỐ LƯỢNG (Thanh) | J1: TRỌNG LƯỢNG 1M (kg/m) | K1: TỔNG KL (kg) | L1: KHỐI LƯỢNG (Tấn) | M1: N/T/N LẮP DỰNG | N1: SỐ LÔ / HEAT NO CO-CQ RIÊNG TỪNG Ø | O1: CẢNH BÁO LẤY MẪU TN KÉO/UỐN (20T/LẦN) | P1: KHỐI LƯỢNG LŨY KẾ THEO TỪNG LOẠI ĐƯỜNG KÍNH Ø (TẤN) | AA1: TẦN SUẤT THÍ NGHIỆM CƠ LÝ KÉO / UỐN RIÊNG TỪNG Ø (20 TẤN / LẦN - TCVN 1651:2018) | AL1: ĐÁNH GIÁ & KẾT LUẬN | AN1: LOẠI HẠNG MỤC (OFFSET) | AO1: DÒNG BÊ TÔNG ĐỐI CHIẾU | AQ1: LOẠI HẠNG MỤC | AR1: LÙI (ngày)
P2: Ø10 (kèm Ø6, Ø8) (CB240-T) | Q2: Ø12 (CB400-V) | R2: Ø14 (CB400-V) | S2: Ø16 (CB400-V) | T2: Ø18 (CB400-V) | U2: Ø20 (CB400-V) | V2: Ø22 (CB400-V) | W2: Ø25 (CB400-V) | X2: Ø28 (CB400-V) | Y2: Ø32 (CB400-V) | Z2: Cáp DƯL 15.2 (ASTM A416) | AA2: TN Ø10 20T / Lần | AB2: TN Ø12 20T / Lần | AC2: TN Ø14 20T / Lần | AD2: TN Ø16 20T / Lần | AE2: TN Ø18 20T / Lần | AF2: TN Ø20 20T / Lần | AG2: TN Ø22 20T / Lần | AH2: TN Ø25 20T / Lần | AI2: TN Ø28 20T / Lần | AJ2: TN Ø32 20T / Lần | AK2: TN Cáp 15.2 20T / Lần | AQ2: Coc | AR2: 1
A3: --- MỐ M1 --- | AQ3: Be | AR3: 3
A4: 1 | B4: Mố M1 | C4: Mố M1 (tr.31) | D4: M1 | E4: 28 | F4: CB400-V | H4: 14.213 | I4: 13 | J4: 4.834 | K4: =ROUND(H4*I4*J4, 2) | L4: =ROUND(K4/1000, 3) | M4: =IF(AO4="","",IF(INDEX(Theo_Doi_Tan_Suat_Be_Tong!$C:$C,AO4)="","",INDEX(Theo_Doi_Tan_Suat_Be_Tong!$C:$C,AO4)-VLOOKUP(AN4,$AQ$2:$AR$7,2,FALSE))) | O4: =IF(ROUNDUP(X4/20,0)>0,"TN Ø28 (Lần " & ROUNDUP(X4/20,0) & ")","") | P4: =ROUND(IF(AND(E4<=10,F4<>"ASTM A416"),L4,0),3) | Q4: =ROUND(IF(AND(E4=12,F4<>"ASTM A416"),L4,0),3) | R4: =ROUND(IF(AND(E4=14,F4<>"ASTM A416"),L4,0),3) | S4: =ROUND(IF(AND(E4=16,F4<>"ASTM A416"),L4,0),3) | T4: =ROUND(IF(AND(E4=18,F4<>"ASTM A416"),L4,0),3) | U4: =ROUND(IF(AND(E4=20,F4<>"ASTM A416"),L4,0),3) | V4: =ROUND(IF(AND(E4=22,F4<>"ASTM A416"),L4,0),3) | W4: =ROUND(IF(AND(E4=25,F4<>"ASTM A416"),L4,0),3) | X4: =ROUND(IF(AND(E4=28,F4<>"ASTM A416"),L4,0),3) | Y4: =ROUND(IF(AND(E4=32,F4<>"ASTM A416"),L4,0),3) | Z4: =ROUND(IF(F4="ASTM A416",L4,0),3) | AA4: =IF(ROUNDUP(P4/20,0)>0,"Lần " & ROUNDUP(P4/20,0),"") | AB4: =IF(ROUNDUP(Q4/20,0)>0,"Lần " & ROUNDUP(Q4/20,0),"") | AC4: =IF(ROUNDUP(R4/20,0)>0,"Lần " & ROUNDUP(R4/20,0),"") | AD4: =IF(ROUNDUP(S4/20,0)>0,"Lần " & ROUNDUP(S4/20,0),"") | AE4: =IF(ROUNDUP(T4/20,0)>0,"Lần " & ROUNDUP(T4/20,0),"") | AF4: =IF(ROUNDUP(U4/20,0)>0,"Lần " & ROUNDUP(U4/20,0),"") | AG4: =IF(ROUNDUP(V4/20,0)>0,"Lần " & ROUNDUP(V4/20,0),"") | AH4: =IF(ROUNDUP(W4/20,0)>0,"Lần " & ROUNDUP(W4/20,0),"") | ... AK4: =IF(ROUNDUP(Z4/20,0)>0,"Lần " & ROUNDUP(Z4/20,0),"") | AN4: Than | AO4: 50 | AQ4: Than | AR4: 2
A5: 2 | B5: Mố M1 | C5: Mố M1 (tr.31) | D5: A1 | E5: 16 | F5: CB400-V | H5: 7.857 | I5: 166 | J5: 1.578 | K5: =ROUND(H5*I5*J5, 2) | L5: =ROUND(K5/1000, 3) | M5: =IF(AO5="","",IF(INDEX(Theo_Doi_Tan_Suat_Be_Tong!$C:$C,AO5)="","",INDEX(Theo_Doi_Tan_Suat_Be_Tong!$C:$C,AO5)-VLOOKUP(AN5,$AQ$2:$AR$7,2,FALSE))) | O5: =IF(ROUNDUP(S5/20,0)>ROUNDUP(S4/20,0),"TN Ø16 (Lần " & ROUNDUP(S5/20,0) & ")","") | P5: =ROUND(P4+IF(AND(E5<=10,F5<>"ASTM A416"),L5,0),3) | Q5: =ROUND(Q4+IF(AND(E5=12,F5<>"ASTM A416"),L5,0),3) | R5: =ROUND(R4+IF(AND(E5=14,F5<>"ASTM A416"),L5,0),3) | S5: =ROUND(S4+IF(AND(E5=16,F5<>"ASTM A416"),L5,0),3) | T5: =ROUND(T4+IF(AND(E5=18,F5<>"ASTM A416"),L5,0),3) | U5: =ROUND(U4+IF(AND(E5=20,F5<>"ASTM A416"),L5,0),3) | V5: =ROUND(V4+IF(AND(E5=22,F5<>"ASTM A416"),L5,0),3) | W5: =ROUND(W4+IF(AND(E5=25,F5<>"ASTM A416"),L5,0),3) | X5: =ROUND(X4+IF(AND(E5=28,F5<>"ASTM A416"),L5,0),3) | Y5: =ROUND(Y4+IF(AND(E5=32,F5<>"ASTM A416"),L5,0),3) | Z5: =ROUND(Z4+IF(F5="ASTM A416",L5,0),3) | AA5: =IF(ROUNDUP(P5/20,0)>ROUNDUP(P4/20,0),"Lần " & ROUNDUP(P5/20,0),"") | AB5: =IF(ROUNDUP(Q5/20,0)>ROUNDUP(Q4/20,0),"Lần " & ROUNDUP(Q5/20,0),"") | AC5: =IF(ROUNDUP(R5/20,0)>ROUNDUP(R4/20,0),"Lần " & ROUNDUP(R5/20,0),"") | AD5: =IF(ROUNDUP(S5/20,0)>ROUNDUP(S4/20,0),"Lần " & ROUNDUP(S5/20,0),"") | AE5: =IF(ROUNDUP(T5/20,0)>ROUNDUP(T4/20,0),"Lần " & ROUNDUP(T5/20,0),"") | AF5: =IF(ROUNDUP(U5/20,0)>ROUNDUP(U4/20,0),"Lần " & ROUNDUP(U5/20,0),"") | AG5: =IF(ROUNDUP(V5/20,0)>ROUNDUP(V4/20,0),"Lần " & ROUNDUP(V5/20,0),"") | AH5: =IF(ROUNDUP(W5/20,0)>ROUNDUP(W4/20,0),"Lần " & ROUNDUP(W5/20,0),"") | ... AK5: =IF(ROUNDUP(Z5/20,0)>ROUNDUP(Z4/20,0),"Lần " & ROUNDUP(Z5/20,0),"") | AN5: Than | AO5: 50 | AQ5: Dam | AR5: 4
A6: 3 | B6: Mố M1 | C6: Mố M1 (tr.31) | D6: A2 | E6: 16 | F6: CB400-V | H6: 13.437 | I6: 12 | J6: 1.578 | K6: =ROUND(H6*I6*J6, 2) | L6: =ROUND(K6/1000, 3) | M6: =IF(AO6="","",IF(INDEX(Theo_Doi_Tan_Suat_Be_Tong!$C:$C,AO6)="","",INDEX(Theo_Doi_Tan_Suat_Be_Tong!$C:$C,AO6)-VLOOKUP(AN6,$AQ$2:$AR$7,2,FALSE))) | O6: =IF(ROUNDUP(S6/20,0)>ROUNDUP(S5/20,0),"TN Ø16 (Lần " & ROUNDUP(S6/20,0) & ")","") | P6: =ROUND(P5+IF(AND(E6<=10,F6<>"ASTM A416"),L6,0),3) | Q6: =ROUND(Q5+IF(AND(E6=12,F6<>"ASTM A416"),L6,0),3) | R6: =ROUND(R5+IF(AND(E6=14,F6<>"ASTM A416"),L6,0),3) | S6: =ROUND(S5+IF(AND(E6=16,F6<>"ASTM A416"),L6,0),3) | T6: =ROUND(T5+IF(AND(E6=18,F6<>"ASTM A416"),L6,0),3) | U6: =ROUND(U5+IF(AND(E6=20,F6<>"ASTM A416"),L6,0),3) | V6: =ROUND(V5+IF(AND(E6=22,F6<>"ASTM A416"),L6,0),3) | W6: =ROUND(W5+IF(AND(E6=25,F6<>"ASTM A416"),L6,0),3) | X6: =ROUND(X5+IF(AND(E6=28,F6<>"ASTM A416"),L6,0),3) | Y6: =ROUND(Y5+IF(AND(E6=32,F6<>"ASTM A416"),L6,0),3) | Z6: =ROUND(Z5+IF(F6="ASTM A416",L6,0),3) | AA6: =IF(ROUNDUP(P6/20,0)>ROUNDUP(P5/20,0),"Lần " & ROUNDUP(P6/20,0),"") | AB6: =IF(ROUNDUP(Q6/20,0)>ROUNDUP(Q5/20,0),"Lần " & ROUNDUP(Q6/20,0),"") | AC6: =IF(ROUNDUP(R6/20,0)>ROUNDUP(R5/20,0),"Lần " & ROUNDUP(R6/20,0),"") | AD6: =IF(ROUNDUP(S6/20,0)>ROUNDUP(S5/20,0),"Lần " & ROUNDUP(S6/20,0),"") | AE6: =IF(ROUNDUP(T6/20,0)>ROUNDUP(T5/20,0),"Lần " & ROUNDUP(T6/20,0),"") | AF6: =IF(ROUNDUP(U6/20,0)>ROUNDUP(U5/20,0),"Lần " & ROUNDUP(U6/20,0),"") | AG6: =IF(ROUNDUP(V6/20,0)>ROUNDUP(V5/20,0),"Lần " & ROUNDUP(V6/20,0),"") | AH6: =IF(ROUNDUP(W6/20,0)>ROUNDUP(W5/20,0),"Lần " & ROUNDUP(W6/20,0),"") | ... AK6: =IF(ROUNDUP(Z6/20,0)>ROUNDUP(Z5/20,0),"Lần " & ROUNDUP(Z6/20,0),"") | AN6: Than | AO6: 50 | AQ6: HoanThien | AR6: 2
A7: 4 | B7: Mố M1 | C7: Mố M1 (tr.31) | D7: A2A | E7: 16 | F7: CB400-V | H7: 5.371 | I7: 1 | J7: 1.578 | K7: =ROUND(H7*I7*J7, 2) | L7: =ROUND(K7/1000, 3) | M7: =IF(AO7="","",IF(INDEX(Theo_Doi_Tan_Suat_Be_Tong!$C:$C,AO7)="","",INDEX(Theo_Doi_Tan_Suat_Be_Tong!$C:$C,AO7)-VLOOKUP(AN7,$AQ$2:$AR$7,2,FALSE))) | O7: =IF(ROUNDUP(S7/20,0)>ROUNDUP(S6/20,0),"TN Ø16 (Lần " & ROUNDUP(S7/20,0) & ")","") | P7: =ROUND(P6+IF(AND(E7<=10,F7<>"ASTM A416"),L7,0),3) | Q7: =ROUND(Q6+IF(AND(E7=12,F7<>"ASTM A416"),L7,0),3) | R7: =ROUND(R6+IF(AND(E7=14,F7<>"ASTM A416"),L7,0),3) | S7: =ROUND(S6+IF(AND(E7=16,F7<>"ASTM A416"),L7,0),3) | T7: =ROUND(T6+IF(AND(E7=18,F7<>"ASTM A416"),L7,0),3) | U7: =ROUND(U6+IF(AND(E7=20,F7<>"ASTM A416"),L7,0),3) | V7: =ROUND(V6+IF(AND(E7=22,F7<>"ASTM A416"),L7,0),3) | W7: =ROUND(W6+IF(AND(E7=25,F7<>"ASTM A416"),L7,0),3) | X7: =ROUND(X6+IF(AND(E7=28,F7<>"ASTM A416"),L7,0),3) | Y7: =ROUND(Y6+IF(AND(E7=32,F7<>"ASTM A416"),L7,0),3) | Z7: =ROUND(Z6+IF(F7="ASTM A416",L7,0),3) | AA7: =IF(ROUNDUP(P7/20,0)>ROUNDUP(P6/20,0),"Lần " & ROUNDUP(P7/20,0),"") | AB7: =IF(ROUNDUP(Q7/20,0)>ROUNDUP(Q6/20,0),"Lần " & ROUNDUP(Q7/20,0),"") | AC7: =IF(ROUNDUP(R7/20,0)>ROUNDUP(R6/20,0),"Lần " & ROUNDUP(R7/20,0),"") | AD7: =IF(ROUNDUP(S7/20,0)>ROUNDUP(S6/20,0),"Lần " & ROUNDUP(S7/20,0),"") | AE7: =IF(ROUNDUP(T7/20,0)>ROUNDUP(T6/20,0),"Lần " & ROUNDUP(T7/20,0),"") | AF7: =IF(ROUNDUP(U7/20,0)>ROUNDUP(U6/20,0),"Lần " & ROUNDUP(U7/20,0),"") | AG7: =IF(ROUNDUP(V7/20,0)>ROUNDUP(V6/20,0),"Lần " & ROUNDUP(V7/20,0),"") | AH7: =IF(ROUNDUP(W7/20,0)>ROUNDUP(W6/20,0),"Lần " & ROUNDUP(W7/20,0),"") | ... AK7: =IF(ROUNDUP(Z7/20,0)>ROUNDUP(Z6/20,0),"Lần " & ROUNDUP(Z7/20,0),"") | AN7: Than | AO7: 50
A8: 5 | B8: Mố M1 | C8: Mố M1 (tr.31) | D8: A3 | E8: 16 | F8: CB400-V | H8: 13.437 | I8: 12 | J8: 1.578 | K8: =ROUND(H8*I8*J8, 2) | L8: =ROUND(K8/1000, 3) | M8: =IF(AO8="","",IF(INDEX(Theo_Doi_Tan_Suat_Be_Tong!$C:$C,AO8)="","",INDEX(Theo_Doi_Tan_Suat_Be_Tong!$C:$C,AO8)-VLOOKUP(AN8,$AQ$2:$AR$7,2,FALSE))) | O8: =IF(ROUNDUP(S8/20,0)>ROUNDUP(S7/20,0),"TN Ø16 (Lần " & ROUNDUP(S8/20,0) & ")","") | P8: =ROUND(P7+IF(AND(E8<=10,F8<>"ASTM A416"),L8,0),3) | Q8: =ROUND(Q7+IF(AND(E8=12,F8<>"ASTM A416"),L8,0),3) | R8: =ROUND(R7+IF(AND(E8=14,F8<>"ASTM A416"),L8,0),3) | S8: =ROUND(S7+IF(AND(E8=16,F8<>"ASTM A416"),L8,0),3) | T8: =ROUND(T7+IF(AND(E8=18,F8<>"ASTM A416"),L8,0),3) | U8: =ROUND(U7+IF(AND(E8=20,F8<>"ASTM A416"),L8,0),3) | V8: =ROUND(V7+IF(AND(E8=22,F8<>"ASTM A416"),L8,0),3) | W8: =ROUND(W7+IF(AND(E8=25,F8<>"ASTM A416"),L8,0),3) | X8: =ROUND(X7+IF(AND(E8=28,F8<>"ASTM A416"),L8,0),3) | Y8: =ROUND(Y7+IF(AND(E8=32,F8<>"ASTM A416"),L8,0),3) | Z8: =ROUND(Z7+IF(F8="ASTM A416",L8,0),3) | AA8: =IF(ROUNDUP(P8/20,0)>ROUNDUP(P7/20,0),"Lần " & ROUNDUP(P8/20,0),"") | AB8: =IF(ROUNDUP(Q8/20,0)>ROUNDUP(Q7/20,0),"Lần " & ROUNDUP(Q8/20,0),"") | AC8: =IF(ROUNDUP(R8/20,0)>ROUNDUP(R7/20,0),"Lần " & ROUNDUP(R8/20,0),"") | AD8: =IF(ROUNDUP(S8/20,0)>ROUNDUP(S7/20,0),"Lần " & ROUNDUP(S8/20,0),"") | AE8: =IF(ROUNDUP(T8/20,0)>ROUNDUP(T7/20,0),"Lần " & ROUNDUP(T8/20,0),"") | AF8: =IF(ROUNDUP(U8/20,0)>ROUNDUP(U7/20,0),"Lần " & ROUNDUP(U8/20,0),"") | AG8: =IF(ROUNDUP(V8/20,0)>ROUNDUP(V7/20,0),"Lần " & ROUNDUP(V8/20,0),"") | AH8: =IF(ROUNDUP(W8/20,0)>ROUNDUP(W7/20,0),"Lần " & ROUNDUP(W8/20,0),"") | ... AK8: =IF(ROUNDUP(Z8/20,0)>ROUNDUP(Z7/20,0),"Lần " & ROUNDUP(Z8/20,0),"") | AN8: Than | AO8: 50
A9: 6 | B9: Mố M1 | C9: Mố M1 (tr.31) | D9: A4 | E9: 28 | F9: CB400-V | H9: 14.216 | I9: 10 | J9: 4.834 | K9: =ROUND(H9*I9*J9, 2) | L9: =ROUND(K9/1000, 3) | M9: =IF(AO9="","",IF(INDEX(Theo_Doi_Tan_Suat_Be_Tong!$C:$C,AO9)="","",INDEX(Theo_Doi_Tan_Suat_Be_Tong!$C:$C,AO9)-VLOOKUP(AN9,$AQ$2:$AR$7,2,FALSE))) | O9: =IF(ROUNDUP(X9/20,0)>ROUNDUP(X8/20,0),"TN Ø28 (Lần " & ROUNDUP(X9/20,0) & ")","") | P9: =ROUND(P8+IF(AND(E9<=10,F9<>"ASTM A416"),L9,0),3) | Q9: =ROUND(Q8+IF(AND(E9=12,F9<>"ASTM A416"),L9,0),3) | R9: =ROUND(R8+IF(AND(E9=14,F9<>"ASTM A416"),L9,0),3) | S9: =ROUND(S8+IF(AND(E9=16,F9<>"ASTM A416"),L9,0),3) | T9: =ROUND(T8+IF(AND(E9=18,F9<>"ASTM A416"),L9,0),3) | U9: =ROUND(U8+IF(AND(E9=20,F9<>"ASTM A416"),L9,0),3) | V9: =ROUND(V8+IF(AND(E9=22,F9<>"ASTM A416"),L9,0),3) | W9: =ROUND(W8+IF(AND(E9=25,F9<>"ASTM A416"),L9,0),3) | X9: =ROUND(X8+IF(AND(E9=28,F9<>"ASTM A416"),L9,0),3) | Y9: =ROUND(Y8+IF(AND(E9=32,F9<>"ASTM A416"),L9,0),3) | Z9: =ROUND(Z8+IF(F9="ASTM A416",L9,0),3) | AA9: =IF(ROUNDUP(P9/20,0)>ROUNDUP(P8/20,0),"Lần " & ROUNDUP(P9/20,0),"") | AB9: =IF(ROUNDUP(Q9/20,0)>ROUNDUP(Q8/20,0),"Lần " & ROUNDUP(Q9/20,0),"") | AC9: =IF(ROUNDUP(R9/20,0)>ROUNDUP(R8/20,0),"Lần " & ROUNDUP(R9/20,0),"") | AD9: =IF(ROUNDUP(S9/20,0)>ROUNDUP(S8/20,0),"Lần " & ROUNDUP(S9/20,0),"") | AE9: =IF(ROUNDUP(T9/20,0)>ROUNDUP(T8/20,0),"Lần " & ROUNDUP(T9/20,0),"") | AF9: =IF(ROUNDUP(U9/20,0)>ROUNDUP(U8/20,0),"Lần " & ROUNDUP(U9/20,0),"") | AG9: =IF(ROUNDUP(V9/20,0)>ROUNDUP(V8/20,0),"Lần " & ROUNDUP(V9/20,0),"") | AH9: =IF(ROUNDUP(W9/20,0)>ROUNDUP(W8/20,0),"Lần " & ROUNDUP(W9/20,0),"") | ... AK9: =IF(ROUNDUP(Z9/20,0)>ROUNDUP(Z8/20,0),"Lần " & ROUNDUP(Z9/20,0),"") | AN9: Than | AO9: 50
A10: 7 | B10: Mố M1 | C10: Mố M1 (tr.31) | D10: A5(P) | E10: 16 | F10: CB400-V | H10: 2.282 | I10: 10 | J10: 1.578 | K10: =ROUND(H10*I10*J10, 2) | L10: =ROUND(K10/1000, 3) | M10: =IF(AO10="","",IF(INDEX(Theo_Doi_Tan_Suat_Be_Tong!$C:$C,AO10)="","",INDEX(Theo_Doi_Tan_Suat_Be_Tong!$C:$C,AO10)-VLOOKUP(AN10,$AQ$2:$AR$7,2,FALSE))) | O10: =IF(ROUNDUP(S10/20,0)>ROUNDUP(S9/20,0),"TN Ø16 (Lần " & ROUNDUP(S10/20,0) & ")","") | P10: =ROUND(P9+IF(AND(E10<=10,F10<>"ASTM A416"),L10,0),3) | Q10: =ROUND(Q9+IF(AND(E10=12,F10<>"ASTM A416"),L10,0),3) | R10: =ROUND(R9+IF(AND(E10=14,F10<>"ASTM A416"),L10,0),3) | S10: =ROUND(S9+IF(AND(E10=16,F10<>"ASTM A416"),L10,0),3) | T10: =ROUND(T9+IF(AND(E10=18,F10<>"ASTM A416"),L10,0),3) | U10: =ROUND(U9+IF(AND(E10=20,F10<>"ASTM A416"),L10,0),3) | V10: =ROUND(V9+IF(AND(E10=22,F10<>"ASTM A416"),L10,0),3) | W10: =ROUND(W9+IF(AND(E10=25,F10<>"ASTM A416"),L10,0),3) | X10: =ROUND(X9+IF(AND(E10=28,F10<>"ASTM A416"),L10,0),3) | Y10: =ROUND(Y9+IF(AND(E10=32,F10<>"ASTM A416"),L10,0),3) | Z10: =ROUND(Z9+IF(F10="ASTM A416",L10,0),3) | AA10: =IF(ROUNDUP(P10/20,0)>ROUNDUP(P9/20,0),"Lần " & ROUNDUP(P10/20,0),"") | AB10: =IF(ROUNDUP(Q10/20,0)>ROUNDUP(Q9/20,0),"Lần " & ROUNDUP(Q10/20,0),"") | AC10: =IF(ROUNDUP(R10/20,0)>ROUNDUP(R9/20,0),"Lần " & ROUNDUP(R10/20,0),"") | AD10: =IF(ROUNDUP(S10/20,0)>ROUNDUP(S9/20,0),"Lần " & ROUNDUP(S10/20,0),"") | AE10: =IF(ROUNDUP(T10/20,0)>ROUNDUP(T9/20,0),"Lần " & ROUNDUP(T10/20,0),"") | AF10: =IF(ROUNDUP(U10/20,0)>ROUNDUP(U9/20,0),"Lần " & ROUNDUP(U10/20,0),"") | AG10: =IF(ROUNDUP(V10/20,0)>ROUNDUP(V9/20,0),"Lần " & ROUNDUP(V10/20,0),"") | AH10: =IF(ROUNDUP(W10/20,0)>ROUNDUP(W9/20,0),"Lần " & ROUNDUP(W10/20,0),"") | ... AK10: =IF(ROUNDUP(Z10/20,0)>ROUNDUP(Z9/20,0),"Lần " & ROUNDUP(Z10/20,0),"") | AN10: Than | AO10: 50
A11: 8 | B11: Mố M1 | C11: Mố M1 (tr.31) | D11: A5（T) | E11: 16 | F11: CB400-V | H11: 2.032 | I11: 10 | J11: 1.578 | K11: =ROUND(H11*I11*J11, 2) | L11: =ROUND(K11/1000, 3) | M11: =IF(AO11="","",IF(INDEX(Theo_Doi_Tan_Suat_Be_Tong!$C:$C,AO11)="","",INDEX(Theo_Doi_Tan_Suat_Be_Tong!$C:$C,AO11)-VLOOKUP(AN11,$AQ$2:$AR$7,2,FALSE))) | O11: =IF(ROUNDUP(S11/20,0)>ROUNDUP(S10/20,0),"TN Ø16 (Lần " & ROUNDUP(S11/20,0) & ")","") | P11: =ROUND(P10+IF(AND(E11<=10,F11<>"ASTM A416"),L11,0),3) | Q11: =ROUND(Q10+IF(AND(E11=12,F11<>"ASTM A416"),L11,0),3) | R11: =ROUND(R10+IF(AND(E11=14,F11<>"ASTM A416"),L11,0),3) | S11: =ROUND(S10+IF(AND(E11=16,F11<>"ASTM A416"),L11,0),3) | T11: =ROUND(T10+IF(AND(E11=18,F11<>"ASTM A416"),L11,0),3) | U11: =ROUND(U10+IF(AND(E11=20,F11<>"ASTM A416"),L11,0),3) | V11: =ROUND(V10+IF(AND(E11=22,F11<>"ASTM A416"),L11,0),3) | W11: =ROUND(W10+IF(AND(E11=25,F11<>"ASTM A416"),L11,0),3) | X11: =ROUND(X10+IF(AND(E11=28,F11<>"ASTM A416"),L11,0),3) | Y11: =ROUND(Y10+IF(AND(E11=32,F11<>"ASTM A416"),L11,0),3) | Z11: =ROUND(Z10+IF(F11="ASTM A416",L11,0),3) | AA11: =IF(ROUNDUP(P11/20,0)>ROUNDUP(P10/20,0),"Lần " & ROUNDUP(P11/20,0),"") | AB11: =IF(ROUNDUP(Q11/20,0)>ROUNDUP(Q10/20,0),"Lần " & ROUNDUP(Q11/20,0),"") | AC11: =IF(ROUNDUP(R11/20,0)>ROUNDUP(R10/20,0),"Lần " & ROUNDUP(R11/20,0),"") | AD11: =IF(ROUNDUP(S11/20,0)>ROUNDUP(S10/20,0),"Lần " & ROUNDUP(S11/20,0),"") | AE11: =IF(ROUNDUP(T11/20,0)>ROUNDUP(T10/20,0),"Lần " & ROUNDUP(T11/20,0),"") | AF11: =IF(ROUNDUP(U11/20,0)>ROUNDUP(U10/20,0),"Lần " & ROUNDUP(U11/20,0),"") | AG11: =IF(ROUNDUP(V11/20,0)>ROUNDUP(V10/20,0),"Lần " & ROUNDUP(V11/20,0),"") | AH11: =IF(ROUNDUP(W11/20,0)>ROUNDUP(W10/20,0),"Lần " & ROUNDUP(W11/20,0),"") | ... AK11: =IF(ROUNDUP(Z11/20,0)>ROUNDUP(Z10/20,0),"Lần " & ROUNDUP(Z11/20,0),"") | AN11: Than | AO11: 50
A12: 9 | B12: Mố M1 | C12: Mố M1 (tr.31) | D12: P1 | E12: 16 | F12: CB400-V | H12: 13.437 | I12: 30 | J12: 1.578 | K12: =ROUND(H12*I12*J12, 2) | L12: =ROUND(K12/1000, 3) | M12: =IF(AO12="","",IF(INDEX(Theo_Doi_Tan_Suat_Be_Tong!$C:$C,AO12)="","",INDEX(Theo_Doi_Tan_Suat_Be_Tong!$C:$C,AO12)-VLOOKUP(AN12,$AQ$2:$AR$7,2,FALSE))) | O12: =IF(ROUNDUP(S12/20,0)>ROUNDUP(S11/20,0),"TN Ø16 (Lần " & ROUNDUP(S12/20,0) & ")","") | P12: =ROUND(P11+IF(AND(E12<=10,F12<>"ASTM A416"),L12,0),3) | Q12: =ROUND(Q11+IF(AND(E12=12,F12<>"ASTM A416"),L12,0),3) | R12: =ROUND(R11+IF(AND(E12=14,F12<>"ASTM A416"),L12,0),3) | S12: =ROUND(S11+IF(AND(E12=16,F12<>"ASTM A416"),L12,0),3) | T12: =ROUND(T11+IF(AND(E12=18,F12<>"ASTM A416"),L12,0),3) | U12: =ROUND(U11+IF(AND(E12=20,F12<>"ASTM A416"),L12,0),3) | V12: =ROUND(V11+IF(AND(E12=22,F12<>"ASTM A416"),L12,0),3) | W12: =ROUND(W11+IF(AND(E12=25,F12<>"ASTM A416"),L12,0),3) | X12: =ROUND(X11+IF(AND(E12=28,F12<>"ASTM A416"),L12,0),3) | Y12: =ROUND(Y11+IF(AND(E12=32,F12<>"ASTM A416"),L12,0),3) | Z12: =ROUND(Z11+IF(F12="ASTM A416",L12,0),3) | AA12: =IF(ROUNDUP(P12/20,0)>ROUNDUP(P11/20,0),"Lần " & ROUNDUP(P12/20,0),"") | AB12: =IF(ROUNDUP(Q12/20,0)>ROUNDUP(Q11/20,0),"Lần " & ROUNDUP(Q12/20,0),"") | AC12: =IF(ROUNDUP(R12/20,0)>ROUNDUP(R11/20,0),"Lần " & ROUNDUP(R12/20,0),"") | AD12: =IF(ROUNDUP(S12/20,0)>ROUNDUP(S11/20,0),"Lần " & ROUNDUP(S12/20,0),"") | AE12: =IF(ROUNDUP(T12/20,0)>ROUNDUP(T11/20,0),"Lần " & ROUNDUP(T12/20,0),"") | AF12: =IF(ROUNDUP(U12/20,0)>ROUNDUP(U11/20,0),"Lần " & ROUNDUP(U12/20,0),"") | AG12: =IF(ROUNDUP(V12/20,0)>ROUNDUP(V11/20,0),"Lần " & ROUNDUP(V12/20,0),"") | AH12: =IF(ROUNDUP(W12/20,0)>ROUNDUP(W11/20,0),"Lần " & ROUNDUP(W12/20,0),"") | ... AK12: =IF(ROUNDUP(Z12/20,0)>ROUNDUP(Z11/20,0),"Lần " & ROUNDUP(Z12/20,0),"") | AN12: Than | AO12: 50
A13: 10 | B13: Mố M1 | C13: Mố M1 (tr.31) | D13: PIA | E13: 16 | F13: CB400-V | H13: 13.44 | I13: 2 | J13: 1.578 | K13: =ROUND(H13*I13*J13, 2) | L13: =ROUND(K13/1000, 3) | M13: =IF(AO13="","",IF(INDEX(Theo_Doi_Tan_Suat_Be_Tong!$C:$C,AO13)="","",INDEX(Theo_Doi_Tan_Suat_Be_Tong!$C:$C,AO13)-VLOOKUP(AN13,$AQ$2:$AR$7,2,FALSE))) | O13: =IF(ROUNDUP(S13/20,0)>ROUNDUP(S12/20,0),"TN Ø16 (Lần " & ROUNDUP(S13/20,0) & ")","") | P13: =ROUND(P12+IF(AND(E13<=10,F13<>"ASTM A416"),L13,0),3) | Q13: =ROUND(Q12+IF(AND(E13=12,F13<>"ASTM A416"),L13,0),3) | R13: =ROUND(R12+IF(AND(E13=14,F13<>"ASTM A416"),L13,0),3) | S13: =ROUND(S12+IF(AND(E13=16,F13<>"ASTM A416"),L13,0),3) | T13: =ROUND(T12+IF(AND(E13=18,F13<>"ASTM A416"),L13,0),3) | U13: =ROUND(U12+IF(AND(E13=20,F13<>"ASTM A416"),L13,0),3) | V13: =ROUND(V12+IF(AND(E13=22,F13<>"ASTM A416"),L13,0),3) | W13: =ROUND(W12+IF(AND(E13=25,F13<>"ASTM A416"),L13,0),3) | X13: =ROUND(X12+IF(AND(E13=28,F13<>"ASTM A416"),L13,0),3) | Y13: =ROUND(Y12+IF(AND(E13=32,F13<>"ASTM A416"),L13,0),3) | Z13: =ROUND(Z12+IF(F13="ASTM A416",L13,0),3) | AA13: =IF(ROUNDUP(P13/20,0)>ROUNDUP(P12/20,0),"Lần " & ROUNDUP(P13/20,0),"") | AB13: =IF(ROUNDUP(Q13/20,0)>ROUNDUP(Q12/20,0),"Lần " & ROUNDUP(Q13/20,0),"") | AC13: =IF(ROUNDUP(R13/20,0)>ROUNDUP(R12/20,0),"Lần " & ROUNDUP(R13/20,0),"") | AD13: =IF(ROUNDUP(S13/20,0)>ROUNDUP(S12/20,0),"Lần " & ROUNDUP(S13/20,0),"") | AE13: =IF(ROUNDUP(T13/20,0)>ROUNDUP(T12/20,0),"Lần " & ROUNDUP(T13/20,0),"") | AF13: =IF(ROUNDUP(U13/20,0)>ROUNDUP(U12/20,0),"Lần " & ROUNDUP(U13/20,0),"") | AG13: =IF(ROUNDUP(V13/20,0)>ROUNDUP(V12/20,0),"Lần " & ROUNDUP(V13/20,0),"") | AH13: =IF(ROUNDUP(W13/20,0)>ROUNDUP(W12/20,0),"Lần " & ROUNDUP(W13/20,0),"") | ... AK13: =IF(ROUNDUP(Z13/20,0)>ROUNDUP(Z12/20,0),"Lần " & ROUNDUP(Z13/20,0),"") | AN13: Than | AO13: 50
A14: 11 | B14: Mố M1 | C14: Mố M1 (tr.31) | D14: P1B | E14: 16 | F14: CB400-V | H14: 10.084 | I14: 2 | J14: 1.578 | K14: =ROUND(H14*I14*J14, 2) | L14: =ROUND(K14/1000, 3) | M14: =IF(AO14="","",IF(INDEX(Theo_Doi_Tan_Suat_Be_Tong!$C:$C,AO14)="","",INDEX(Theo_Doi_Tan_Suat_Be_Tong!$C:$C,AO14)-VLOOKUP(AN14,$AQ$2:$AR$7,2,FALSE))) | O14: =IF(ROUNDUP(S14/20,0)>ROUNDUP(S13/20,0),"TN Ø16 (Lần " & ROUNDUP(S14/20,0) & ")","") | P14: =ROUND(P13+IF(AND(E14<=10,F14<>"ASTM A416"),L14,0),3) | Q14: =ROUND(Q13+IF(AND(E14=12,F14<>"ASTM A416"),L14,0),3) | R14: =ROUND(R13+IF(AND(E14=14,F14<>"ASTM A416"),L14,0),3) | S14: =ROUND(S13+IF(AND(E14=16,F14<>"ASTM A416"),L14,0),3) | T14: =ROUND(T13+IF(AND(E14=18,F14<>"ASTM A416"),L14,0),3) | U14: =ROUND(U13+IF(AND(E14=20,F14<>"ASTM A416"),L14,0),3) | V14: =ROUND(V13+IF(AND(E14=22,F14<>"ASTM A416"),L14,0),3) | W14: =ROUND(W13+IF(AND(E14=25,F14<>"ASTM A416"),L14,0),3) | X14: =ROUND(X13+IF(AND(E14=28,F14<>"ASTM A416"),L14,0),3) | Y14: =ROUND(Y13+IF(AND(E14=32,F14<>"ASTM A416"),L14,0),3) | Z14: =ROUND(Z13+IF(F14="ASTM A416",L14,0),3) | AA14: =IF(ROUNDUP(P14/20,0)>ROUNDUP(P13/20,0),"Lần " & ROUNDUP(P14/20,0),"") | AB14: =IF(ROUNDUP(Q14/20,0)>ROUNDUP(Q13/20,0),"Lần " & ROUNDUP(Q14/20,0),"") | AC14: =IF(ROUNDUP(R14/20,0)>ROUNDUP(R13/20,0),"Lần " & ROUNDUP(R14/20,0),"") | AD14: =IF(ROUNDUP(S14/20,0)>ROUNDUP(S13/20,0),"Lần " & ROUNDUP(S14/20,0),"") | AE14: =IF(ROUNDUP(T14/20,0)>ROUNDUP(T13/20,0),"Lần " & ROUNDUP(T14/20,0),"") | AF14: =IF(ROUNDUP(U14/20,0)>ROUNDUP(U13/20,0),"Lần " & ROUNDUP(U14/20,0),"") | AG14: =IF(ROUNDUP(V14/20,0)>ROUNDUP(V13/20,0),"Lần " & ROUNDUP(V14/20,0),"") | AH14: =IF(ROUNDUP(W14/20,0)>ROUNDUP(W13/20,0),"Lần " & ROUNDUP(W14/20,0),"") | ... AK14: =IF(ROUNDUP(Z14/20,0)>ROUNDUP(Z13/20,0),"Lần " & ROUNDUP(Z14/20,0),"") | AN14: Than | AO14: 50
A15: 12 | B15: Mố M1 | C15: Mố M1 (tr.31) | D15: P2 | E15: 16 | F15: CB400-V | H15: 5.504 | I15: 83 | J15: 1.578 | K15: =ROUND(H15*I15*J15, 2) | L15: =ROUND(K15/1000, 3) | M15: =IF(AO15="","",IF(INDEX(Theo_Doi_Tan_Suat_Be_Tong!$C:$C,AO15)="","",INDEX(Theo_Doi_Tan_Suat_Be_Tong!$C:$C,AO15)-VLOOKUP(AN15,$AQ$2:$AR$7,2,FALSE))) | O15: =IF(ROUNDUP(S15/20,0)>ROUNDUP(S14/20,0),"TN Ø16 (Lần " & ROUNDUP(S15/20,0) & ")","") | P15: =ROUND(P14+IF(AND(E15<=10,F15<>"ASTM A416"),L15,0),3) | Q15: =ROUND(Q14+IF(AND(E15=12,F15<>"ASTM A416"),L15,0),3) | R15: =ROUND(R14+IF(AND(E15=14,F15<>"ASTM A416"),L15,0),3) | S15: =ROUND(S14+IF(AND(E15=16,F15<>"ASTM A416"),L15,0),3) | T15: =ROUND(T14+IF(AND(E15=18,F15<>"ASTM A416"),L15,0),3) | U15: =ROUND(U14+IF(AND(E15=20,F15<>"ASTM A416"),L15,0),3) | V15: =ROUND(V14+IF(AND(E15=22,F15<>"ASTM A416"),L15,0),3) | W15: =ROUND(W14+IF(AND(E15=25,F15<>"ASTM A416"),L15,0),3) | X15: =ROUND(X14+IF(AND(E15=28,F15<>"ASTM A416"),L15,0),3) | Y15: =ROUND(Y14+IF(AND(E15=32,F15<>"ASTM A416"),L15,0),3) | Z15: =ROUND(Z14+IF(F15="ASTM A416",L15,0),3) | AA15: =IF(ROUNDUP(P15/20,0)>ROUNDUP(P14/20,0),"Lần " & ROUNDUP(P15/20,0),"") | AB15: =IF(ROUNDUP(Q15/20,0)>ROUNDUP(Q14/20,0),"Lần " & ROUNDUP(Q15/20,0),"") | AC15: =IF(ROUNDUP(R15/20,0)>ROUNDUP(R14/20,0),"Lần " & ROUNDUP(R15/20,0),"") | AD15: =IF(ROUNDUP(S15/20,0)>ROUNDUP(S14/20,0),"Lần " & ROUNDUP(S15/20,0),"") | AE15: =IF(ROUNDUP(T15/20,0)>ROUNDUP(T14/20,0),"Lần " & ROUNDUP(T15/20,0),"") | AF15: =IF(ROUNDUP(U15/20,0)>ROUNDUP(U14/20,0),"Lần " & ROUNDUP(U15/20,0),"") | AG15: =IF(ROUNDUP(V15/20,0)>ROUNDUP(V14/20,0),"Lần " & ROUNDUP(V15/20,0),"") | AH15: =IF(ROUNDUP(W15/20,0)>ROUNDUP(W14/20,0),"Lần " & ROUNDUP(W15/20,0),"") | ... AK15: =IF(ROUNDUP(Z15/20,0)>ROUNDUP(Z14/20,0),"Lần " & ROUNDUP(Z15/20,0),"") | AN15: Than | AO15: 50
A16: 13 | B16: Mố M1 | C16: Mố M1 (tr.31) | D16: P3 | E16: 16 | F16: CB400-V | G16: S57 | H16: 2.071 | I16: 77 | J16: 1.578 | K16: =ROUND(H16*I16*J16, 2) | L16: =ROUND(K16/1000, 3) | M16: =IF(AO16="","",IF(INDEX(Theo_Doi_Tan_Suat_Be_Tong!$C:$C,AO16)="","",INDEX(Theo_Doi_Tan_Suat_Be_Tong!$C:$C,AO16)-VLOOKUP(AN16,$AQ$2:$AR$7,2,FALSE))) | O16: =IF(ROUNDUP(S16/20,0)>ROUNDUP(S15/20,0),"TN Ø16 (Lần " & ROUNDUP(S16/20,0) & ")","") | P16: =ROUND(P15+IF(AND(E16<=10,F16<>"ASTM A416"),L16,0),3) | Q16: =ROUND(Q15+IF(AND(E16=12,F16<>"ASTM A416"),L16,0),3) | R16: =ROUND(R15+IF(AND(E16=14,F16<>"ASTM A416"),L16,0),3) | S16: =ROUND(S15+IF(AND(E16=16,F16<>"ASTM A416"),L16,0),3) | T16: =ROUND(T15+IF(AND(E16=18,F16<>"ASTM A416"),L16,0),3) | U16: =ROUND(U15+IF(AND(E16=20,F16<>"ASTM A416"),L16,0),3) | V16: =ROUND(V15+IF(AND(E16=22,F16<>"ASTM A416"),L16,0),3) | W16: =ROUND(W15+IF(AND(E16=25,F16<>"ASTM A416"),L16,0),3) | X16: =ROUND(X15+IF(AND(E16=28,F16<>"ASTM A416"),L16,0),3) | Y16: =ROUND(Y15+IF(AND(E16=32,F16<>"ASTM A416"),L16,0),3) | Z16: =ROUND(Z15+IF(F16="ASTM A416",L16,0),3) | AA16: =IF(ROUNDUP(P16/20,0)>ROUNDUP(P15/20,0),"Lần " & ROUNDUP(P16/20,0),"") | AB16: =IF(ROUNDUP(Q16/20,0)>ROUNDUP(Q15/20,0),"Lần " & ROUNDUP(Q16/20,0),"") | AC16: =IF(ROUNDUP(R16/20,0)>ROUNDUP(R15/20,0),"Lần " & ROUNDUP(R16/20,0),"") | AD16: =IF(ROUNDUP(S16/20,0)>ROUNDUP(S15/20,0),"Lần " & ROUNDUP(S16/20,0),"") | AE16: =IF(ROUNDUP(T16/20,0)>ROUNDUP(T15/20,0),"Lần " & ROUNDUP(T16/20,0),"") | AF16: =IF(ROUNDUP(U16/20,0)>ROUNDUP(U15/20,0),"Lần " & ROUNDUP(U16/20,0),"") | AG16: =IF(ROUNDUP(V16/20,0)>ROUNDUP(V15/20,0),"Lần " & ROUNDUP(V16/20,0),"") | AH16: =IF(ROUNDUP(W16/20,0)>ROUNDUP(W15/20,0),"Lần " & ROUNDUP(W16/20,0),"") | ... AK16: =IF(ROUNDUP(Z16/20,0)>ROUNDUP(Z15/20,0),"Lần " & ROUNDUP(Z16/20,0),"") | AN16: Than | AO16: 50
A17: 14 | B17: Mố M1 | C17: Mố M1 (tr.31) | D17: P4 | E17: 12 | F17: CB400-V | H17: 0.555 | I17: 95 | J17: 0.888 | K17: =ROUND(H17*I17*J17, 2) | L17: =ROUND(K17/1000, 3) | M17: =IF(AO17="","",IF(INDEX(Theo_Doi_Tan_Suat_Be_Tong!$C:$C,AO17)="","",INDEX(Theo_Doi_Tan_Suat_Be_Tong!$C:$C,AO17)-VLOOKUP(AN17,$AQ$2:$AR$7,2,FALSE))) | O17: =IF(ROUNDUP(Q17/20,0)>ROUNDUP(Q16/20,0),"TN Ø12 (Lần " & ROUNDUP(Q17/20,0) & ")","") | P17: =ROUND(P16+IF(AND(E17<=10,F17<>"ASTM A416"),L17,0),3) | Q17: =ROUND(Q16+IF(AND(E17=12,F17<>"ASTM A416"),L17,0),3) | R17: =ROUND(R16+IF(AND(E17=14,F17<>"ASTM A416"),L17,0),3) | S17: =ROUND(S16+IF(AND(E17=16,F17<>"ASTM A416"),L17,0),3) | T17: =ROUND(T16+IF(AND(E17=18,F17<>"ASTM A416"),L17,0),3) | U17: =ROUND(U16+IF(AND(E17=20,F17<>"ASTM A416"),L17,0),3) | V17: =ROUND(V16+IF(AND(E17=22,F17<>"ASTM A416"),L17,0),3) | W17: =ROUND(W16+IF(AND(E17=25,F17<>"ASTM A416"),L17,0),3) | X17: =ROUND(X16+IF(AND(E17=28,F17<>"ASTM A416"),L17,0),3) | Y17: =ROUND(Y16+IF(AND(E17=32,F17<>"ASTM A416"),L17,0),3) | Z17: =ROUND(Z16+IF(F17="ASTM A416",L17,0),3) | AA17: =IF(ROUNDUP(P17/20,0)>ROUNDUP(P16/20,0),"Lần " & ROUNDUP(P17/20,0),"") | AB17: =IF(ROUNDUP(Q17/20,0)>ROUNDUP(Q16/20,0),"Lần " & ROUNDUP(Q17/20,0),"") | AC17: =IF(ROUNDUP(R17/20,0)>ROUNDUP(R16/20,0),"Lần " & ROUNDUP(R17/20,0),"") | AD17: =IF(ROUNDUP(S17/20,0)>ROUNDUP(S16/20,0),"Lần " & ROUNDUP(S17/20,0),"") | AE17: =IF(ROUNDUP(T17/20,0)>ROUNDUP(T16/20,0),"Lần " & ROUNDUP(T17/20,0),"") | AF17: =IF(ROUNDUP(U17/20,0)>ROUNDUP(U16/20,0),"Lần " & ROUNDUP(U17/20,0),"") | AG17: =IF(ROUNDUP(V17/20,0)>ROUNDUP(V16/20,0),"Lần " & ROUNDUP(V17/20,0),"") | AH17: =IF(ROUNDUP(W17/20,0)>ROUNDUP(W16/20,0),"Lần " & ROUNDUP(W17/20,0),"") | ... AK17: =IF(ROUNDUP(Z17/20,0)>ROUNDUP(Z16/20,0),"Lần " & ROUNDUP(Z17/20,0),"") | AN17: Than | AO17: 50
A18: 15 | B18: Mố M1 | C18: Mố M1 (tr.31) | D18: H1 | E18: 25 | F18: CB240-T | G18: S05 | H18: 1.07 | I18: 23 | J18: 3.853 | K18: =ROUND(H18*I18*J18, 2) | L18: =ROUND(K18/1000, 3) | M18: =IF(AO18="","",IF(INDEX(Theo_Doi_Tan_Suat_Be_Tong!$C:$C,AO18)="","",INDEX(Theo_Doi_Tan_Suat_Be_Tong!$C:$C,AO18)-VLOOKUP(AN18,$AQ$2:$AR$7,2,FALSE))) | O18: =IF(ROUNDUP(W18/20,0)>ROUNDUP(W17/20,0),"TN Ø25 (Lần " & ROUNDUP(W18/20,0) & ")","") | P18: =ROUND(P17+IF(AND(E18<=10,F18<>"ASTM A416"),L18,0),3) | Q18: =ROUND(Q17+IF(AND(E18=12,F18<>"ASTM A416"),L18,0),3) | R18: =ROUND(R17+IF(AND(E18=14,F18<>"ASTM A416"),L18,0),3) | S18: =ROUND(S17+IF(AND(E18=16,F18<>"ASTM A416"),L18,0),3) | T18: =ROUND(T17+IF(AND(E18=18,F18<>"ASTM A416"),L18,0),3) | U18: =ROUND(U17+IF(AND(E18=20,F18<>"ASTM A416"),L18,0),3) | V18: =ROUND(V17+IF(AND(E18=22,F18<>"ASTM A416"),L18,0),3) | W18: =ROUND(W17+IF(AND(E18=25,F18<>"ASTM A416"),L18,0),3) | X18: =ROUND(X17+IF(AND(E18=28,F18<>"ASTM A416"),L18,0),3) | Y18: =ROUND(Y17+IF(AND(E18=32,F18<>"ASTM A416"),L18,0),3) | Z18: =ROUND(Z17+IF(F18="ASTM A416",L18,0),3) | AA18: =IF(ROUNDUP(P18/20,0)>ROUNDUP(P17/20,0),"Lần " & ROUNDUP(P18/20,0),"") | AB18: =IF(ROUNDUP(Q18/20,0)>ROUNDUP(Q17/20,0),"Lần " & ROUNDUP(Q18/20,0),"") | AC18: =IF(ROUNDUP(R18/20,0)>ROUNDUP(R17/20,0),"Lần " & ROUNDUP(R18/20,0),"") | AD18: =IF(ROUNDUP(S18/20,0)>ROUNDUP(S17/20,0),"Lần " & ROUNDUP(S18/20,0),"") | AE18: =IF(ROUNDUP(T18/20,0)>ROUNDUP(T17/20,0),"Lần " & ROUNDUP(T18/20,0),"") | AF18: =IF(ROUNDUP(U18/20,0)>ROUNDUP(U17/20,0),"Lần " & ROUNDUP(U18/20,0),"") | AG18: =IF(ROUNDUP(V18/20,0)>ROUNDUP(V17/20,0),"Lần " & ROUNDUP(V18/20,0),"") | AH18: =IF(ROUNDUP(W18/20,0)>ROUNDUP(W17/20,0),"Lần " & ROUNDUP(W18/20,0),"") | ... AK18: =IF(ROUNDUP(Z18/20,0)>ROUNDUP(Z17/20,0),"Lần " & ROUNDUP(Z18/20,0),"") | AN18: Than | AO18: 50
A19: 16 | B19: Mố M1 | C19: Mố M1 (tr.31) | D19: H2 | E19: 8 | F19: CB240-T | G19: S32 | H19: 2.132 | I19: 23 | J19: 0.395 | K19: =ROUND(H19*I19*J19, 2) | L19: =ROUND(K19/1000, 3) | M19: =IF(AO19="","",IF(INDEX(Theo_Doi_Tan_Suat_Be_Tong!$C:$C,AO19)="","",INDEX(Theo_Doi_Tan_Suat_Be_Tong!$C:$C,AO19)-VLOOKUP(AN19,$AQ$2:$AR$7,2,FALSE))) | O19: =IF(ROUNDUP(P19/20,0)>ROUNDUP(P18/20,0),"TN Ø10 (Lần " & ROUNDUP(P19/20,0) & ")","") | P19: =ROUND(P18+IF(AND(E19<=10,F19<>"ASTM A416"),L19,0),3) | Q19: =ROUND(Q18+IF(AND(E19=12,F19<>"ASTM A416"),L19,0),3) | R19: =ROUND(R18+IF(AND(E19=14,F19<>"ASTM A416"),L19,0),3) | S19: =ROUND(S18+IF(AND(E19=16,F19<>"ASTM A416"),L19,0),3) | T19: =ROUND(T18+IF(AND(E19=18,F19<>"ASTM A416"),L19,0),3) | U19: =ROUND(U18+IF(AND(E19=20,F19<>"ASTM A416"),L19,0),3) | V19: =ROUND(V18+IF(AND(E19=22,F19<>"ASTM A416"),L19,0),3) | W19: =ROUND(W18+IF(AND(E19=25,F19<>"ASTM A416"),L19,0),3) | X19: =ROUND(X18+IF(AND(E19=28,F19<>"ASTM A416"),L19,0),3) | Y19: =ROUND(Y18+IF(AND(E19=32,F19<>"ASTM A416"),L19,0),3) | Z19: =ROUND(Z18+IF(F19="ASTM A416",L19,0),3) | AA19: =IF(ROUNDUP(P19/20,0)>ROUNDUP(P18/20,0),"Lần " & ROUNDUP(P19/20,0),"") | AB19: =IF(ROUNDUP(Q19/20,0)>ROUNDUP(Q18/20,0),"Lần " & ROUNDUP(Q19/20,0),"") | AC19: =IF(ROUNDUP(R19/20,0)>ROUNDUP(R18/20,0),"Lần " & ROUNDUP(R19/20,0),"") | AD19: =IF(ROUNDUP(S19/20,0)>ROUNDUP(S18/20,0),"Lần " & ROUNDUP(S19/20,0),"") | AE19: =IF(ROUNDUP(T19/20,0)>ROUNDUP(T18/20,0),"Lần " & ROUNDUP(T19/20,0),"") | AF19: =IF(ROUNDUP(U19/20,0)>ROUNDUP(U18/20,0),"Lần " & ROUNDUP(U19/20,0),"") | AG19: =IF(ROUNDUP(V19/20,0)>ROUNDUP(V18/20,0),"Lần " & ROUNDUP(V19/20,0),"") | AH19: =IF(ROUNDUP(W19/20,0)>ROUNDUP(W18/20,0),"Lần " & ROUNDUP(W19/20,0),"") | ... AK19: =IF(ROUNDUP(Z19/20,0)>ROUNDUP(Z18/20,0),"Lần " & ROUNDUP(Z19/20,0),"") | AN19: Than | AO19: 50
A20: 17 | B20: Mố M1 | C20: Mố M1 (tr.31) | D20: W1A(T) | E20: 16 | F20: CB400-V | H20: 3.436 | I20: 12 | J20: 1.578 | K20: =ROUND(H20*I20*J20, 2) | L20: =ROUND(K20/1000, 3) | M20: =IF(AO20="","",IF(INDEX(Theo_Doi_Tan_Suat_Be_Tong!$C:$C,AO20)="","",INDEX(Theo_Doi_Tan_Suat_Be_Tong!$C:$C,AO20)-VLOOKUP(AN20,$AQ$2:$AR$7,2,FALSE))) | O20: =IF(ROUNDUP(S20/20,0)>ROUNDUP(S19/20,0),"TN Ø16 (Lần " & ROUNDUP(S20/20,0) & ")","") | P20: =ROUND(P19+IF(AND(E20<=10,F20<>"ASTM A416"),L20,0),3) | Q20: =ROUND(Q19+IF(AND(E20=12,F20<>"ASTM A416"),L20,0),3) | R20: =ROUND(R19+IF(AND(E20=14,F20<>"ASTM A416"),L20,0),3) | S20: =ROUND(S19+IF(AND(E20=16,F20<>"ASTM A416"),L20,0),3) | T20: =ROUND(T19+IF(AND(E20=18,F20<>"ASTM A416"),L20,0),3) | U20: =ROUND(U19+IF(AND(E20=20,F20<>"ASTM A416"),L20,0),3) | V20: =ROUND(V19+IF(AND(E20=22,F20<>"ASTM A416"),L20,0),3) | W20: =ROUND(W19+IF(AND(E20=25,F20<>"ASTM A416"),L20,0),3) | X20: =ROUND(X19+IF(AND(E20=28,F20<>"ASTM A416"),L20,0),3) | Y20: =ROUND(Y19+IF(AND(E20=32,F20<>"ASTM A416"),L20,0),3) | Z20: =ROUND(Z19+IF(F20="ASTM A416",L20,0),3) | AA20: =IF(ROUNDUP(P20/20,0)>ROUNDUP(P19/20,0),"Lần " & ROUNDUP(P20/20,0),"") | AB20: =IF(ROUNDUP(Q20/20,0)>ROUNDUP(Q19/20,0),"Lần " & ROUNDUP(Q20/20,0),"") | AC20: =IF(ROUNDUP(R20/20,0)>ROUNDUP(R19/20,0),"Lần " & ROUNDUP(R20/20,0),"") | AD20: =IF(ROUNDUP(S20/20,0)>ROUNDUP(S19/20,0),"Lần " & ROUNDUP(S20/20,0),"") | AE20: =IF(ROUNDUP(T20/20,0)>ROUNDUP(T19/20,0),"Lần " & ROUNDUP(T20/20,0),"") | AF20: =IF(ROUNDUP(U20/20,0)>ROUNDUP(U19/20,0),"Lần " & ROUNDUP(U20/20,0),"") | AG20: =IF(ROUNDUP(V20/20,0)>ROUNDUP(V19/20,0),"Lần " & ROUNDUP(V20/20,0),"") | AH20: =IF(ROUNDUP(W20/20,0)>ROUNDUP(W19/20,0),"Lần " & ROUNDUP(W20/20,0),"") | ... AK20: =IF(ROUNDUP(Z20/20,0)>ROUNDUP(Z19/20,0),"Lần " & ROUNDUP(Z20/20,0),"") | AN20: Than | AO20: 50
A21: 18 | B21: Mố M1 | C21: Mố M1 (tr.31) | D21: W1B(T | E21: 16 | F21: CB400-V | H21: 3.061 | I21: 3 | J21: 1.578 | K21: =ROUND(H21*I21*J21, 2) | L21: =ROUND(K21/1000, 3) | M21: =IF(AO21="","",IF(INDEX(Theo_Doi_Tan_Suat_Be_Tong!$C:$C,AO21)="","",INDEX(Theo_Doi_Tan_Suat_Be_Tong!$C:$C,AO21)-VLOOKUP(AN21,$AQ$2:$AR$7,2,FALSE))) | O21: =IF(ROUNDUP(S21/20,0)>ROUNDUP(S20/20,0),"TN Ø16 (Lần " & ROUNDUP(S21/20,0) & ")","") | P21: =ROUND(P20+IF(AND(E21<=10,F21<>"ASTM A416"),L21,0),3) | Q21: =ROUND(Q20+IF(AND(E21=12,F21<>"ASTM A416"),L21,0),3) | R21: =ROUND(R20+IF(AND(E21=14,F21<>"ASTM A416"),L21,0),3) | S21: =ROUND(S20+IF(AND(E21=16,F21<>"ASTM A416"),L21,0),3) | T21: =ROUND(T20+IF(AND(E21=18,F21<>"ASTM A416"),L21,0),3) | U21: =ROUND(U20+IF(AND(E21=20,F21<>"ASTM A416"),L21,0),3) | V21: =ROUND(V20+IF(AND(E21=22,F21<>"ASTM A416"),L21,0),3) | W21: =ROUND(W20+IF(AND(E21=25,F21<>"ASTM A416"),L21,0),3) | X21: =ROUND(X20+IF(AND(E21=28,F21<>"ASTM A416"),L21,0),3) | Y21: =ROUND(Y20+IF(AND(E21=32,F21<>"ASTM A416"),L21,0),3) | Z21: =ROUND(Z20+IF(F21="ASTM A416",L21,0),3) | AA21: =IF(ROUNDUP(P21/20,0)>ROUNDUP(P20/20,0),"Lần " & ROUNDUP(P21/20,0),"") | AB21: =IF(ROUNDUP(Q21/20,0)>ROUNDUP(Q20/20,0),"Lần " & ROUNDUP(Q21/20,0),"") | AC21: =IF(ROUNDUP(R21/20,0)>ROUNDUP(R20/20,0),"Lần " & ROUNDUP(R21/20,0),"") | AD21: =IF(ROUNDUP(S21/20,0)>ROUNDUP(S20/20,0),"Lần " & ROUNDUP(S21/20,0),"") | AE21: =IF(ROUNDUP(T21/20,0)>ROUNDUP(T20/20,0),"Lần " & ROUNDUP(T21/20,0),"") | AF21: =IF(ROUNDUP(U21/20,0)>ROUNDUP(U20/20,0),"Lần " & ROUNDUP(U21/20,0),"") | AG21: =IF(ROUNDUP(V21/20,0)>ROUNDUP(V20/20,0),"Lần " & ROUNDUP(V21/20,0),"") | AH21: =IF(ROUNDUP(W21/20,0)>ROUNDUP(W20/20,0),"Lần " & ROUNDUP(W21/20,0),"") | ... AK21: =IF(ROUNDUP(Z21/20,0)>ROUNDUP(Z20/20,0),"Lần " & ROUNDUP(Z21/20,0),"") | AN21: Than | AO21: 50
A22: 19 | B22: Mố M1 | C22: Mố M1 (tr.31) | D22: W1C(T | E22: 16 | F22: CB400-V | H22: 3.332 | I22: 10 | J22: 1.578 | K22: =ROUND(H22*I22*J22, 2) | L22: =ROUND(K22/1000, 3) | M22: =IF(AO22="","",IF(INDEX(Theo_Doi_Tan_Suat_Be_Tong!$C:$C,AO22)="","",INDEX(Theo_Doi_Tan_Suat_Be_Tong!$C:$C,AO22)-VLOOKUP(AN22,$AQ$2:$AR$7,2,FALSE))) | O22: =IF(ROUNDUP(S22/20,0)>ROUNDUP(S21/20,0),"TN Ø16 (Lần " & ROUNDUP(S22/20,0) & ")","") | P22: =ROUND(P21+IF(AND(E22<=10,F22<>"ASTM A416"),L22,0),3) | Q22: =ROUND(Q21+IF(AND(E22=12,F22<>"ASTM A416"),L22,0),3) | R22: =ROUND(R21+IF(AND(E22=14,F22<>"ASTM A416"),L22,0),3) | S22: =ROUND(S21+IF(AND(E22=16,F22<>"ASTM A416"),L22,0),3) | T22: =ROUND(T21+IF(AND(E22=18,F22<>"ASTM A416"),L22,0),3) | U22: =ROUND(U21+IF(AND(E22=20,F22<>"ASTM A416"),L22,0),3) | V22: =ROUND(V21+IF(AND(E22=22,F22<>"ASTM A416"),L22,0),3) | W22: =ROUND(W21+IF(AND(E22=25,F22<>"ASTM A416"),L22,0),3) | X22: =ROUND(X21+IF(AND(E22=28,F22<>"ASTM A416"),L22,0),3) | Y22: =ROUND(Y21+IF(AND(E22=32,F22<>"ASTM A416"),L22,0),3) | Z22: =ROUND(Z21+IF(F22="ASTM A416",L22,0),3) | AA22: =IF(ROUNDUP(P22/20,0)>ROUNDUP(P21/20,0),"Lần " & ROUNDUP(P22/20,0),"") | AB22: =IF(ROUNDUP(Q22/20,0)>ROUNDUP(Q21/20,0),"Lần " & ROUNDUP(Q22/20,0),"") | AC22: =IF(ROUNDUP(R22/20,0)>ROUNDUP(R21/20,0),"Lần " & ROUNDUP(R22/20,0),"") | AD22: =IF(ROUNDUP(S22/20,0)>ROUNDUP(S21/20,0),"Lần " & ROUNDUP(S22/20,0),"") | AE22: =IF(ROUNDUP(T22/20,0)>ROUNDUP(T21/20,0),"Lần " & ROUNDUP(T22/20,0),"") | AF22: =IF(ROUNDUP(U22/20,0)>ROUNDUP(U21/20,0),"Lần " & ROUNDUP(U22/20,0),"") | AG22: =IF(ROUNDUP(V22/20,0)>ROUNDUP(V21/20,0),"Lần " & ROUNDUP(V22/20,0),"") | AH22: =IF(ROUNDUP(W22/20,0)>ROUNDUP(W21/20,0),"Lần " & ROUNDUP(W22/20,0),"") | ... AK22: =IF(ROUNDUP(Z22/20,0)>ROUNDUP(Z21/20,0),"Lần " & ROUNDUP(Z22/20,0),"") | AN22: Than | AO22: 50
A23: 20 | B23: Mố M1 | C23: Mố M1 (tr.31) | D23: W1DXD | E23: 16 | F23: CB400-V | H23: 3.333 | I23: 1 | J23: 1.578 | K23: =ROUND(H23*I23*J23, 2) | L23: =ROUND(K23/1000, 3) | M23: =IF(AO23="","",IF(INDEX(Theo_Doi_Tan_Suat_Be_Tong!$C:$C,AO23)="","",INDEX(Theo_Doi_Tan_Suat_Be_Tong!$C:$C,AO23)-VLOOKUP(AN23,$AQ$2:$AR$7,2,FALSE))) | O23: =IF(ROUNDUP(S23/20,0)>ROUNDUP(S22/20,0),"TN Ø16 (Lần " & ROUNDUP(S23/20,0) & ")","") | P23: =ROUND(P22+IF(AND(E23<=10,F23<>"ASTM A416"),L23,0),3) | Q23: =ROUND(Q22+IF(AND(E23=12,F23<>"ASTM A416"),L23,0),3) | R23: =ROUND(R22+IF(AND(E23=14,F23<>"ASTM A416"),L23,0),3) | S23: =ROUND(S22+IF(AND(E23=16,F23<>"ASTM A416"),L23,0),3) | T23: =ROUND(T22+IF(AND(E23=18,F23<>"ASTM A416"),L23,0),3) | U23: =ROUND(U22+IF(AND(E23=20,F23<>"ASTM A416"),L23,0),3) | V23: =ROUND(V22+IF(AND(E23=22,F23<>"ASTM A416"),L23,0),3) | W23: =ROUND(W22+IF(AND(E23=25,F23<>"ASTM A416"),L23,0),3) | X23: =ROUND(X22+IF(AND(E23=28,F23<>"ASTM A416"),L23,0),3) | Y23: =ROUND(Y22+IF(AND(E23=32,F23<>"ASTM A416"),L23,0),3) | Z23: =ROUND(Z22+IF(F23="ASTM A416",L23,0),3) | AA23: =IF(ROUNDUP(P23/20,0)>ROUNDUP(P22/20,0),"Lần " & ROUNDUP(P23/20,0),"") | AB23: =IF(ROUNDUP(Q23/20,0)>ROUNDUP(Q22/20,0),"Lần " & ROUNDUP(Q23/20,0),"") | AC23: =IF(ROUNDUP(R23/20,0)>ROUNDUP(R22/20,0),"Lần " & ROUNDUP(R23/20,0),"") | AD23: =IF(ROUNDUP(S23/20,0)>ROUNDUP(S22/20,0),"Lần " & ROUNDUP(S23/20,0),"") | AE23: =IF(ROUNDUP(T23/20,0)>ROUNDUP(T22/20,0),"Lần " & ROUNDUP(T23/20,0),"") | AF23: =IF(ROUNDUP(U23/20,0)>ROUNDUP(U22/20,0),"Lần " & ROUNDUP(U23/20,0),"") | AG23: =IF(ROUNDUP(V23/20,0)>ROUNDUP(V22/20,0),"Lần " & ROUNDUP(V23/20,0),"") | AH23: =IF(ROUNDUP(W23/20,0)>ROUNDUP(W22/20,0),"Lần " & ROUNDUP(W23/20,0),"") | ... AK23: =IF(ROUNDUP(Z23/20,0)>ROUNDUP(Z22/20,0),"Lần " & ROUNDUP(Z23/20,0),"") | AN23: Than | AO23: 50
A24: 21 | B24: Mố M1 | C24: Mố M1 (tr.31) | D24: W2A(T) | E24: 16 | F24: CB400-V | H24: 4.023 | I24: 5 | J24: 1.578 | K24: =ROUND(H24*I24*J24, 2) | L24: =ROUND(K24/1000, 3) | M24: =IF(AO24="","",IF(INDEX(Theo_Doi_Tan_Suat_Be_Tong!$C:$C,AO24)="","",INDEX(Theo_Doi_Tan_Suat_Be_Tong!$C:$C,AO24)-VLOOKUP(AN24,$AQ$2:$AR$7,2,FALSE))) | O24: =IF(ROUNDUP(S24/20,0)>ROUNDUP(S23/20,0),"TN Ø16 (Lần " & ROUNDUP(S24/20,0) & ")","") | P24: =ROUND(P23+IF(AND(E24<=10,F24<>"ASTM A416"),L24,0),3) | Q24: =ROUND(Q23+IF(AND(E24=12,F24<>"ASTM A416"),L24,0),3) | R24: =ROUND(R23+IF(AND(E24=14,F24<>"ASTM A416"),L24,0),3) | S24: =ROUND(S23+IF(AND(E24=16,F24<>"ASTM A416"),L24,0),3) | T24: =ROUND(T23+IF(AND(E24=18,F24<>"ASTM A416"),L24,0),3) | U24: =ROUND(U23+IF(AND(E24=20,F24<>"ASTM A416"),L24,0),3) | V24: =ROUND(V23+IF(AND(E24=22,F24<>"ASTM A416"),L24,0),3) | W24: =ROUND(W23+IF(AND(E24=25,F24<>"ASTM A416"),L24,0),3) | X24: =ROUND(X23+IF(AND(E24=28,F24<>"ASTM A416"),L24,0),3) | Y24: =ROUND(Y23+IF(AND(E24=32,F24<>"ASTM A416"),L24,0),3) | Z24: =ROUND(Z23+IF(F24="ASTM A416",L24,0),3) | AA24: =IF(ROUNDUP(P24/20,0)>ROUNDUP(P23/20,0),"Lần " & ROUNDUP(P24/20,0),"") | AB24: =IF(ROUNDUP(Q24/20,0)>ROUNDUP(Q23/20,0),"Lần " & ROUNDUP(Q24/20,0),"") | AC24: =IF(ROUNDUP(R24/20,0)>ROUNDUP(R23/20,0),"Lần " & ROUNDUP(R24/20,0),"") | AD24: =IF(ROUNDUP(S24/20,0)>ROUNDUP(S23/20,0),"Lần " & ROUNDUP(S24/20,0),"") | AE24: =IF(ROUNDUP(T24/20,0)>ROUNDUP(T23/20,0),"Lần " & ROUNDUP(T24/20,0),"") | AF24: =IF(ROUNDUP(U24/20,0)>ROUNDUP(U23/20,0),"Lần " & ROUNDUP(U24/20,0),"") | AG24: =IF(ROUNDUP(V24/20,0)>ROUNDUP(V23/20,0),"Lần " & ROUNDUP(V24/20,0),"") | AH24: =IF(ROUNDUP(W24/20,0)>ROUNDUP(W23/20,0),"Lần " & ROUNDUP(W24/20,0),"") | ... AK24: =IF(ROUNDUP(Z24/20,0)>ROUNDUP(Z23/20,0),"Lần " & ROUNDUP(Z24/20,0),"") | AN24: Than | AO24: 50
A25: 22 | B25: Mố M1 | C25: Mố M1 (tr.31) | D25: W2B(T) | E25: 16 | F25: CB400-V | H25: 2.795 | I25: 16 | J25: 1.578 | K25: =ROUND(H25*I25*J25, 2) | L25: =ROUND(K25/1000, 3) | M25: =IF(AO25="","",IF(INDEX(Theo_Doi_Tan_Suat_Be_Tong!$C:$C,AO25)="","",INDEX(Theo_Doi_Tan_Suat_Be_Tong!$C:$C,AO25)-VLOOKUP(AN25,$AQ$2:$AR$7,2,FALSE))) | O25: =IF(ROUNDUP(S25/20,0)>ROUNDUP(S24/20,0),"TN Ø16 (Lần " & ROUNDUP(S25/20,0) & ")","") | P25: =ROUND(P24+IF(AND(E25<=10,F25<>"ASTM A416"),L25,0),3) | Q25: =ROUND(Q24+IF(AND(E25=12,F25<>"ASTM A416"),L25,0),3) | R25: =ROUND(R24+IF(AND(E25=14,F25<>"ASTM A416"),L25,0),3) | S25: =ROUND(S24+IF(AND(E25=16,F25<>"ASTM A416"),L25,0),3) | T25: =ROUND(T24+IF(AND(E25=18,F25<>"ASTM A416"),L25,0),3) | U25: =ROUND(U24+IF(AND(E25=20,F25<>"ASTM A416"),L25,0),3) | V25: =ROUND(V24+IF(AND(E25=22,F25<>"ASTM A416"),L25,0),3) | W25: =ROUND(W24+IF(AND(E25=25,F25<>"ASTM A416"),L25,0),3) | X25: =ROUND(X24+IF(AND(E25=28,F25<>"ASTM A416"),L25,0),3) | Y25: =ROUND(Y24+IF(AND(E25=32,F25<>"ASTM A416"),L25,0),3) | Z25: =ROUND(Z24+IF(F25="ASTM A416",L25,0),3) | AA25: =IF(ROUNDUP(P25/20,0)>ROUNDUP(P24/20,0),"Lần " & ROUNDUP(P25/20,0),"") | AB25: =IF(ROUNDUP(Q25/20,0)>ROUNDUP(Q24/20,0),"Lần " & ROUNDUP(Q25/20,0),"") | AC25: =IF(ROUNDUP(R25/20,0)>ROUNDUP(R24/20,0),"Lần " & ROUNDUP(R25/20,0),"") | AD25: =IF(ROUNDUP(S25/20,0)>ROUNDUP(S24/20,0),"Lần " & ROUNDUP(S25/20,0),"") | AE25: =IF(ROUNDUP(T25/20,0)>ROUNDUP(T24/20,0),"Lần " & ROUNDUP(T25/20,0),"") | AF25: =IF(ROUNDUP(U25/20,0)>ROUNDUP(U24/20,0),"Lần " & ROUNDUP(U25/20,0),"") | AG25: =IF(ROUNDUP(V25/20,0)>ROUNDUP(V24/20,0),"Lần " & ROUNDUP(V25/20,0),"") | AH25: =IF(ROUNDUP(W25/20,0)>ROUNDUP(W24/20,0),"Lần " & ROUNDUP(W25/20,0),"") | ... AK25: =IF(ROUNDUP(Z25/20,0)>ROUNDUP(Z24/20,0),"Lần " & ROUNDUP(Z25/20,0),"") | AN25: Than | AO25: 50
A26: 23 | B26: Mố M1 | C26: Mố M1 (tr.31) | D26: W3A(T) | E26: 16 | F26: CB400-V | H26: 3.436 | I26: 12 | J26: 1.578 | K26: =ROUND(H26*I26*J26, 2) | L26: =ROUND(K26/1000, 3) | M26: =IF(AO26="","",IF(INDEX(Theo_Doi_Tan_Suat_Be_Tong!$C:$C,AO26)="","",INDEX(Theo_Doi_Tan_Suat_Be_Tong!$C:$C,AO26)-VLOOKUP(AN26,$AQ$2:$AR$7,2,FALSE))) | O26: =IF(ROUNDUP(S26/20,0)>ROUNDUP(S25/20,0),"TN Ø16 (Lần " & ROUNDUP(S26/20,0) & ")","") | P26: =ROUND(P25+IF(AND(E26<=10,F26<>"ASTM A416"),L26,0),3) | Q26: =ROUND(Q25+IF(AND(E26=12,F26<>"ASTM A416"),L26,0),3) | R26: =ROUND(R25+IF(AND(E26=14,F26<>"ASTM A416"),L26,0),3) | S26: =ROUND(S25+IF(AND(E26=16,F26<>"ASTM A416"),L26,0),3) | T26: =ROUND(T25+IF(AND(E26=18,F26<>"ASTM A416"),L26,0),3) | U26: =ROUND(U25+IF(AND(E26=20,F26<>"ASTM A416"),L26,0),3) | V26: =ROUND(V25+IF(AND(E26=22,F26<>"ASTM A416"),L26,0),3) | W26: =ROUND(W25+IF(AND(E26=25,F26<>"ASTM A416"),L26,0),3) | X26: =ROUND(X25+IF(AND(E26=28,F26<>"ASTM A416"),L26,0),3) | Y26: =ROUND(Y25+IF(AND(E26=32,F26<>"ASTM A416"),L26,0),3) | Z26: =ROUND(Z25+IF(F26="ASTM A416",L26,0),3) | AA26: =IF(ROUNDUP(P26/20,0)>ROUNDUP(P25/20,0),"Lần " & ROUNDUP(P26/20,0),"") | AB26: =IF(ROUNDUP(Q26/20,0)>ROUNDUP(Q25/20,0),"Lần " & ROUNDUP(Q26/20,0),"") | AC26: =IF(ROUNDUP(R26/20,0)>ROUNDUP(R25/20,0),"Lần " & ROUNDUP(R26/20,0),"") | AD26: =IF(ROUNDUP(S26/20,0)>ROUNDUP(S25/20,0),"Lần " & ROUNDUP(S26/20,0),"") | AE26: =IF(ROUNDUP(T26/20,0)>ROUNDUP(T25/20,0),"Lần " & ROUNDUP(T26/20,0),"") | AF26: =IF(ROUNDUP(U26/20,0)>ROUNDUP(U25/20,0),"Lần " & ROUNDUP(U26/20,0),"") | AG26: =IF(ROUNDUP(V26/20,0)>ROUNDUP(V25/20,0),"Lần " & ROUNDUP(V26/20,0),"") | AH26: =IF(ROUNDUP(W26/20,0)>ROUNDUP(W25/20,0),"Lần " & ROUNDUP(W26/20,0),"") | ... AK26: =IF(ROUNDUP(Z26/20,0)>ROUNDUP(Z25/20,0),"Lần " & ROUNDUP(Z26/20,0),"") | AN26: Than | AO26: 50
A27: 24 | B27: Mố M1 | C27: Mố M1 (tr.31) | D27: W3B(T) | E27: 16 | F27: CB400-V | H27: 3.061 | I27: 3 | J27: 1.578 | K27: =ROUND(H27*I27*J27, 2) | L27: =ROUND(K27/1000, 3) | M27: =IF(AO27="","",IF(INDEX(Theo_Doi_Tan_Suat_Be_Tong!$C:$C,AO27)="","",INDEX(Theo_Doi_Tan_Suat_Be_Tong!$C:$C,AO27)-VLOOKUP(AN27,$AQ$2:$AR$7,2,FALSE))) | O27: =IF(ROUNDUP(S27/20,0)>ROUNDUP(S26/20,0),"TN Ø16 (Lần " & ROUNDUP(S27/20,0) & ")","") | P27: =ROUND(P26+IF(AND(E27<=10,F27<>"ASTM A416"),L27,0),3) | Q27: =ROUND(Q26+IF(AND(E27=12,F27<>"ASTM A416"),L27,0),3) | R27: =ROUND(R26+IF(AND(E27=14,F27<>"ASTM A416"),L27,0),3) | S27: =ROUND(S26+IF(AND(E27=16,F27<>"ASTM A416"),L27,0),3) | T27: =ROUND(T26+IF(AND(E27=18,F27<>"ASTM A416"),L27,0),3) | U27: =ROUND(U26+IF(AND(E27=20,F27<>"ASTM A416"),L27,0),3) | V27: =ROUND(V26+IF(AND(E27=22,F27<>"ASTM A416"),L27,0),3) | W27: =ROUND(W26+IF(AND(E27=25,F27<>"ASTM A416"),L27,0),3) | X27: =ROUND(X26+IF(AND(E27=28,F27<>"ASTM A416"),L27,0),3) | Y27: =ROUND(Y26+IF(AND(E27=32,F27<>"ASTM A416"),L27,0),3) | Z27: =ROUND(Z26+IF(F27="ASTM A416",L27,0),3) | AA27: =IF(ROUNDUP(P27/20,0)>ROUNDUP(P26/20,0),"Lần " & ROUNDUP(P27/20,0),"") | AB27: =IF(ROUNDUP(Q27/20,0)>ROUNDUP(Q26/20,0),"Lần " & ROUNDUP(Q27/20,0),"") | AC27: =IF(ROUNDUP(R27/20,0)>ROUNDUP(R26/20,0),"Lần " & ROUNDUP(R27/20,0),"") | AD27: =IF(ROUNDUP(S27/20,0)>ROUNDUP(S26/20,0),"Lần " & ROUNDUP(S27/20,0),"") | AE27: =IF(ROUNDUP(T27/20,0)>ROUNDUP(T26/20,0),"Lần " & ROUNDUP(T27/20,0),"") | AF27: =IF(ROUNDUP(U27/20,0)>ROUNDUP(U26/20,0),"Lần " & ROUNDUP(U27/20,0),"") | AG27: =IF(ROUNDUP(V27/20,0)>ROUNDUP(V26/20,0),"Lần " & ROUNDUP(V27/20,0),"") | AH27: =IF(ROUNDUP(W27/20,0)>ROUNDUP(W26/20,0),"Lần " & ROUNDUP(W27/20,0),"") | ... AK27: =IF(ROUNDUP(Z27/20,0)>ROUNDUP(Z26/20,0),"Lần " & ROUNDUP(Z27/20,0),"") | AN27: Than | AO27: 50
A28: 25 | B28: Mố M1 | C28: Mố M1 (tr.31) | D28: W3C(T | E28: 16 | F28: CB400-V | H28: 3.332 | I28: 10 | J28: 1.578 | K28: =ROUND(H28*I28*J28, 2) | L28: =ROUND(K28/1000, 3) | M28: =IF(AO28="","",IF(INDEX(Theo_Doi_Tan_Suat_Be_Tong!$C:$C,AO28)="","",INDEX(Theo_Doi_Tan_Suat_Be_Tong!$C:$C,AO28)-VLOOKUP(AN28,$AQ$2:$AR$7,2,FALSE))) | O28: =IF(ROUNDUP(S28/20,0)>ROUNDUP(S27/20,0),"TN Ø16 (Lần " & ROUNDUP(S28/20,0) & ")","") | P28: =ROUND(P27+IF(AND(E28<=10,F28<>"ASTM A416"),L28,0),3) | Q28: =ROUND(Q27+IF(AND(E28=12,F28<>"ASTM A416"),L28,0),3) | R28: =ROUND(R27+IF(AND(E28=14,F28<>"ASTM A416"),L28,0),3) | S28: =ROUND(S27+IF(AND(E28=16,F28<>"ASTM A416"),L28,0),3) | T28: =ROUND(T27+IF(AND(E28=18,F28<>"ASTM A416"),L28,0),3) | U28: =ROUND(U27+IF(AND(E28=20,F28<>"ASTM A416"),L28,0),3) | V28: =ROUND(V27+IF(AND(E28=22,F28<>"ASTM A416"),L28,0),3) | W28: =ROUND(W27+IF(AND(E28=25,F28<>"ASTM A416"),L28,0),3) | X28: =ROUND(X27+IF(AND(E28=28,F28<>"ASTM A416"),L28,0),3) | Y28: =ROUND(Y27+IF(AND(E28=32,F28<>"ASTM A416"),L28,0),3) | Z28: =ROUND(Z27+IF(F28="ASTM A416",L28,0),3) | AA28: =IF(ROUNDUP(P28/20,0)>ROUNDUP(P27/20,0),"Lần " & ROUNDUP(P28/20,0),"") | AB28: =IF(ROUNDUP(Q28/20,0)>ROUNDUP(Q27/20,0),"Lần " & ROUNDUP(Q28/20,0),"") | AC28: =IF(ROUNDUP(R28/20,0)>ROUNDUP(R27/20,0),"Lần " & ROUNDUP(R28/20,0),"") | AD28: =IF(ROUNDUP(S28/20,0)>ROUNDUP(S27/20,0),"Lần " & ROUNDUP(S28/20,0),"") | AE28: =IF(ROUNDUP(T28/20,0)>ROUNDUP(T27/20,0),"Lần " & ROUNDUP(T28/20,0),"") | AF28: =IF(ROUNDUP(U28/20,0)>ROUNDUP(U27/20,0),"Lần " & ROUNDUP(U28/20,0),"") | AG28: =IF(ROUNDUP(V28/20,0)>ROUNDUP(V27/20,0),"Lần " & ROUNDUP(V28/20,0),"") | AH28: =IF(ROUNDUP(W28/20,0)>ROUNDUP(W27/20,0),"Lần " & ROUNDUP(W28/20,0),"") | ... AK28: =IF(ROUNDUP(Z28/20,0)>ROUNDUP(Z27/20,0),"Lần " & ROUNDUP(Z28/20,0),"") | AN28: Than | AO28: 50
A29: 26 | B29: Mố M1 | C29: Mố M1 (tr.31) | D29: W3D(T | E29: 16 | F29: CB400-V | H29: 3.333 | I29: 1 | J29: 1.578 | K29: =ROUND(H29*I29*J29, 2) | L29: =ROUND(K29/1000, 3) | M29: =IF(AO29="","",IF(INDEX(Theo_Doi_Tan_Suat_Be_Tong!$C:$C,AO29)="","",INDEX(Theo_Doi_Tan_Suat_Be_Tong!$C:$C,AO29)-VLOOKUP(AN29,$AQ$2:$AR$7,2,FALSE))) | O29: =IF(ROUNDUP(S29/20,0)>ROUNDUP(S28/20,0),"TN Ø16 (Lần " & ROUNDUP(S29/20,0) & ")","") | P29: =ROUND(P28+IF(AND(E29<=10,F29<>"ASTM A416"),L29,0),3) | Q29: =ROUND(Q28+IF(AND(E29=12,F29<>"ASTM A416"),L29,0),3) | R29: =ROUND(R28+IF(AND(E29=14,F29<>"ASTM A416"),L29,0),3) | S29: =ROUND(S28+IF(AND(E29=16,F29<>"ASTM A416"),L29,0),3) | T29: =ROUND(T28+IF(AND(E29=18,F29<>"ASTM A416"),L29,0),3) | U29: =ROUND(U28+IF(AND(E29=20,F29<>"ASTM A416"),L29,0),3) | V29: =ROUND(V28+IF(AND(E29=22,F29<>"ASTM A416"),L29,0),3) | W29: =ROUND(W28+IF(AND(E29=25,F29<>"ASTM A416"),L29,0),3) | X29: =ROUND(X28+IF(AND(E29=28,F29<>"ASTM A416"),L29,0),3) | Y29: =ROUND(Y28+IF(AND(E29=32,F29<>"ASTM A416"),L29,0),3) | Z29: =ROUND(Z28+IF(F29="ASTM A416",L29,0),3) | AA29: =IF(ROUNDUP(P29/20,0)>ROUNDUP(P28/20,0),"Lần " & ROUNDUP(P29/20,0),"") | AB29: =IF(ROUNDUP(Q29/20,0)>ROUNDUP(Q28/20,0),"Lần " & ROUNDUP(Q29/20,0),"") | AC29: =IF(ROUNDUP(R29/20,0)>ROUNDUP(R28/20,0),"Lần " & ROUNDUP(R29/20,0),"") | AD29: =IF(ROUNDUP(S29/20,0)>ROUNDUP(S28/20,0),"Lần " & ROUNDUP(S29/20,0),"") | AE29: =IF(ROUNDUP(T29/20,0)>ROUNDUP(T28/20,0),"Lần " & ROUNDUP(T29/20,0),"") | AF29: =IF(ROUNDUP(U29/20,0)>ROUNDUP(U28/20,0),"Lần " & ROUNDUP(U29/20,0),"") | AG29: =IF(ROUNDUP(V29/20,0)>ROUNDUP(V28/20,0),"Lần " & ROUNDUP(V29/20,0),"") | AH29: =IF(ROUNDUP(W29/20,0)>ROUNDUP(W28/20,0),"Lần " & ROUNDUP(W29/20,0),"") | ... AK29: =IF(ROUNDUP(Z29/20,0)>ROUNDUP(Z28/20,0),"Lần " & ROUNDUP(Z29/20,0),"") | AN29: Than | AO29: 50
A30: 27 | B30: Mố M1 | C30: Mố M1 (tr.31) | D30: W4A(T) | E30: 16 | F30: CB400-V | H30: 4.052 | I30: 1 | J30: 1.578 | K30: =ROUND(H30*I30*J30, 2) | L30: =ROUND(K30/1000, 3) | M30: =IF(AO30="","",IF(INDEX(Theo_Doi_Tan_Suat_Be_Tong!$C:$C,AO30)="","",INDEX(Theo_Doi_Tan_Suat_Be_Tong!$C:$C,AO30)-VLOOKUP(AN30,$AQ$2:$AR$7,2,FALSE))) | O30: =IF(ROUNDUP(S30/20,0)>ROUNDUP(S29/20,0),"TN Ø16 (Lần " & ROUNDUP(S30/20,0) & ")","") | P30: =ROUND(P29+IF(AND(E30<=10,F30<>"ASTM A416"),L30,0),3) | Q30: =ROUND(Q29+IF(AND(E30=12,F30<>"ASTM A416"),L30,0),3) | R30: =ROUND(R29+IF(AND(E30=14,F30<>"ASTM A416"),L30,0),3) | S30: =ROUND(S29+IF(AND(E30=16,F30<>"ASTM A416"),L30,0),3) | T30: =ROUND(T29+IF(AND(E30=18,F30<>"ASTM A416"),L30,0),3) | U30: =ROUND(U29+IF(AND(E30=20,F30<>"ASTM A416"),L30,0),3) | V30: =ROUND(V29+IF(AND(E30=22,F30<>"ASTM A416"),L30,0),3) | W30: =ROUND(W29+IF(AND(E30=25,F30<>"ASTM A416"),L30,0),3) | X30: =ROUND(X29+IF(AND(E30=28,F30<>"ASTM A416"),L30,0),3) | Y30: =ROUND(Y29+IF(AND(E30=32,F30<>"ASTM A416"),L30,0),3) | Z30: =ROUND(Z29+IF(F30="ASTM A416",L30,0),3) | AA30: =IF(ROUNDUP(P30/20,0)>ROUNDUP(P29/20,0),"Lần " & ROUNDUP(P30/20,0),"") | AB30: =IF(ROUNDUP(Q30/20,0)>ROUNDUP(Q29/20,0),"Lần " & ROUNDUP(Q30/20,0),"") | AC30: =IF(ROUNDUP(R30/20,0)>ROUNDUP(R29/20,0),"Lần " & ROUNDUP(R30/20,0),"") | AD30: =IF(ROUNDUP(S30/20,0)>ROUNDUP(S29/20,0),"Lần " & ROUNDUP(S30/20,0),"") | AE30: =IF(ROUNDUP(T30/20,0)>ROUNDUP(T29/20,0),"Lần " & ROUNDUP(T30/20,0),"") | AF30: =IF(ROUNDUP(U30/20,0)>ROUNDUP(U29/20,0),"Lần " & ROUNDUP(U30/20,0),"") | AG30: =IF(ROUNDUP(V30/20,0)>ROUNDUP(V29/20,0),"Lần " & ROUNDUP(V30/20,0),"") | AH30: =IF(ROUNDUP(W30/20,0)>ROUNDUP(W29/20,0),"Lần " & ROUNDUP(W30/20,0),"") | ... AK30: =IF(ROUNDUP(Z30/20,0)>ROUNDUP(Z29/20,0),"Lần " & ROUNDUP(Z30/20,0),"") | AN30: Than | AO30: 50
A31: 28 | B31: Mố M1 | C31: Mố M1 (tr.31) | D31: W4B(T) | E31: 16 | F31: CB400-V | H31: 2.795 | I31: 16 | J31: 1.578 | K31: =ROUND(H31*I31*J31, 2) | L31: =ROUND(K31/1000, 3) | M31: =IF(AO31="","",IF(INDEX(Theo_Doi_Tan_Suat_Be_Tong!$C:$C,AO31)="","",INDEX(Theo_Doi_Tan_Suat_Be_Tong!$C:$C,AO31)-VLOOKUP(AN31,$AQ$2:$AR$7,2,FALSE))) | O31: =IF(ROUNDUP(S31/20,0)>ROUNDUP(S30/20,0),"TN Ø16 (Lần " & ROUNDUP(S31/20,0) & ")","") | P31: =ROUND(P30+IF(AND(E31<=10,F31<>"ASTM A416"),L31,0),3) | Q31: =ROUND(Q30+IF(AND(E31=12,F31<>"ASTM A416"),L31,0),3) | R31: =ROUND(R30+IF(AND(E31=14,F31<>"ASTM A416"),L31,0),3) | S31: =ROUND(S30+IF(AND(E31=16,F31<>"ASTM A416"),L31,0),3) | T31: =ROUND(T30+IF(AND(E31=18,F31<>"ASTM A416"),L31,0),3) | U31: =ROUND(U30+IF(AND(E31=20,F31<>"ASTM A416"),L31,0),3) | V31: =ROUND(V30+IF(AND(E31=22,F31<>"ASTM A416"),L31,0),3) | W31: =ROUND(W30+IF(AND(E31=25,F31<>"ASTM A416"),L31,0),3) | X31: =ROUND(X30+IF(AND(E31=28,F31<>"ASTM A416"),L31,0),3) | Y31: =ROUND(Y30+IF(AND(E31=32,F31<>"ASTM A416"),L31,0),3) | Z31: =ROUND(Z30+IF(F31="ASTM A416",L31,0),3) | AA31: =IF(ROUNDUP(P31/20,0)>ROUNDUP(P30/20,0),"Lần " & ROUNDUP(P31/20,0),"") | AB31: =IF(ROUNDUP(Q31/20,0)>ROUNDUP(Q30/20,0),"Lần " & ROUNDUP(Q31/20,0),"") | AC31: =IF(ROUNDUP(R31/20,0)>ROUNDUP(R30/20,0),"Lần " & ROUNDUP(R31/20,0),"") | AD31: =IF(ROUNDUP(S31/20,0)>ROUNDUP(S30/20,0),"Lần " & ROUNDUP(S31/20,0),"") | AE31: =IF(ROUNDUP(T31/20,0)>ROUNDUP(T30/20,0),"Lần " & ROUNDUP(T31/20,0),"") | AF31: =IF(ROUNDUP(U31/20,0)>ROUNDUP(U30/20,0),"Lần " & ROUNDUP(U31/20,0),"") | AG31: =IF(ROUNDUP(V31/20,0)>ROUNDUP(V30/20,0),"Lần " & ROUNDUP(V31/20,0),"") | AH31: =IF(ROUNDUP(W31/20,0)>ROUNDUP(W30/20,0),"Lần " & ROUNDUP(W31/20,0),"") | ... AK31: =IF(ROUNDUP(Z31/20,0)>ROUNDUP(Z30/20,0),"Lần " & ROUNDUP(Z31/20,0),"") | AN31: Than | AO31: 50
A32: 29 | B32: Mố M1 | C32: Mố M1 (tr.31) | D32: W5(T) | E32: 16 | F32: CB400-V | H32: 4.816 | I32: 1 | J32: 1.578 | K32: =ROUND(H32*I32*J32, 2) | L32: =ROUND(K32/1000, 3) | M32: =IF(AO32="","",IF(INDEX(Theo_Doi_Tan_Suat_Be_Tong!$C:$C,AO32)="","",INDEX(Theo_Doi_Tan_Suat_Be_Tong!$C:$C,AO32)-VLOOKUP(AN32,$AQ$2:$AR$7,2,FALSE))) | O32: =IF(ROUNDUP(S32/20,0)>ROUNDUP(S31/20,0),"TN Ø16 (Lần " & ROUNDUP(S32/20,0) & ")","") | P32: =ROUND(P31+IF(AND(E32<=10,F32<>"ASTM A416"),L32,0),3) | Q32: =ROUND(Q31+IF(AND(E32=12,F32<>"ASTM A416"),L32,0),3) | R32: =ROUND(R31+IF(AND(E32=14,F32<>"ASTM A416"),L32,0),3) | S32: =ROUND(S31+IF(AND(E32=16,F32<>"ASTM A416"),L32,0),3) | T32: =ROUND(T31+IF(AND(E32=18,F32<>"ASTM A416"),L32,0),3) | U32: =ROUND(U31+IF(AND(E32=20,F32<>"ASTM A416"),L32,0),3) | V32: =ROUND(V31+IF(AND(E32=22,F32<>"ASTM A416"),L32,0),3) | W32: =ROUND(W31+IF(AND(E32=25,F32<>"ASTM A416"),L32,0),3) | X32: =ROUND(X31+IF(AND(E32=28,F32<>"ASTM A416"),L32,0),3) | Y32: =ROUND(Y31+IF(AND(E32=32,F32<>"ASTM A416"),L32,0),3) | Z32: =ROUND(Z31+IF(F32="ASTM A416",L32,0),3) | AA32: =IF(ROUNDUP(P32/20,0)>ROUNDUP(P31/20,0),"Lần " & ROUNDUP(P32/20,0),"") | AB32: =IF(ROUNDUP(Q32/20,0)>ROUNDUP(Q31/20,0),"Lần " & ROUNDUP(Q32/20,0),"") | AC32: =IF(ROUNDUP(R32/20,0)>ROUNDUP(R31/20,0),"Lần " & ROUNDUP(R32/20,0),"") | AD32: =IF(ROUNDUP(S32/20,0)>ROUNDUP(S31/20,0),"Lần " & ROUNDUP(S32/20,0),"") | AE32: =IF(ROUNDUP(T32/20,0)>ROUNDUP(T31/20,0),"Lần " & ROUNDUP(T32/20,0),"") | AF32: =IF(ROUNDUP(U32/20,0)>ROUNDUP(U31/20,0),"Lần " & ROUNDUP(U32/20,0),"") | AG32: =IF(ROUNDUP(V32/20,0)>ROUNDUP(V31/20,0),"Lần " & ROUNDUP(V32/20,0),"") | AH32: =IF(ROUNDUP(W32/20,0)>ROUNDUP(W31/20,0),"Lần " & ROUNDUP(W32/20,0),"") | ... AK32: =IF(ROUNDUP(Z32/20,0)>ROUNDUP(Z31/20,0),"Lần " & ROUNDUP(Z32/20,0),"") | AN32: Than | AO32: 50
A33: 30 | B33: Mố M1 | C33: Mố M1 (tr.31) | D33: W6(T) | E33: 14 | F33: CB400-V | H33: 0.61 | I33: 18 | J33: 1.208 | K33: =ROUND(H33*I33*J33, 2) | L33: =ROUND(K33/1000, 3) | M33: =IF(AO33="","",IF(INDEX(Theo_Doi_Tan_Suat_Be_Tong!$C:$C,AO33)="","",INDEX(Theo_Doi_Tan_Suat_Be_Tong!$C:$C,AO33)-VLOOKUP(AN33,$AQ$2:$AR$7,2,FALSE))) | O33: =IF(ROUNDUP(R33/20,0)>ROUNDUP(R32/20,0),"TN Ø14 (Lần " & ROUNDUP(R33/20,0) & ")","") | P33: =ROUND(P32+IF(AND(E33<=10,F33<>"ASTM A416"),L33,0),3) | Q33: =ROUND(Q32+IF(AND(E33=12,F33<>"ASTM A416"),L33,0),3) | R33: =ROUND(R32+IF(AND(E33=14,F33<>"ASTM A416"),L33,0),3) | S33: =ROUND(S32+IF(AND(E33=16,F33<>"ASTM A416"),L33,0),3) | T33: =ROUND(T32+IF(AND(E33=18,F33<>"ASTM A416"),L33,0),3) | U33: =ROUND(U32+IF(AND(E33=20,F33<>"ASTM A416"),L33,0),3) | V33: =ROUND(V32+IF(AND(E33=22,F33<>"ASTM A416"),L33,0),3) | W33: =ROUND(W32+IF(AND(E33=25,F33<>"ASTM A416"),L33,0),3) | X33: =ROUND(X32+IF(AND(E33=28,F33<>"ASTM A416"),L33,0),3) | Y33: =ROUND(Y32+IF(AND(E33=32,F33<>"ASTM A416"),L33,0),3) | Z33: =ROUND(Z32+IF(F33="ASTM A416",L33,0),3) | AA33: =IF(ROUNDUP(P33/20,0)>ROUNDUP(P32/20,0),"Lần " & ROUNDUP(P33/20,0),"") | AB33: =IF(ROUNDUP(Q33/20,0)>ROUNDUP(Q32/20,0),"Lần " & ROUNDUP(Q33/20,0),"") | AC33: =IF(ROUNDUP(R33/20,0)>ROUNDUP(R32/20,0),"Lần " & ROUNDUP(R33/20,0),"") | AD33: =IF(ROUNDUP(S33/20,0)>ROUNDUP(S32/20,0),"Lần " & ROUNDUP(S33/20,0),"") | AE33: =IF(ROUNDUP(T33/20,0)>ROUNDUP(T32/20,0),"Lần " & ROUNDUP(T33/20,0),"") | AF33: =IF(ROUNDUP(U33/20,0)>ROUNDUP(U32/20,0),"Lần " & ROUNDUP(U33/20,0),"") | AG33: =IF(ROUNDUP(V33/20,0)>ROUNDUP(V32/20,0),"Lần " & ROUNDUP(V33/20,0),"") | AH33: =IF(ROUNDUP(W33/20,0)>ROUNDUP(W32/20,0),"Lần " & ROUNDUP(W33/20,0),"") | ... AK33: =IF(ROUNDUP(Z33/20,0)>ROUNDUP(Z32/20,0),"Lần " & ROUNDUP(Z33/20,0),"") | AN33: Than | AO33: 50
A34: 31 | B34: Mố M1 | C34: Mố M1 (tr.31) | D34: W7(D | E34: 16 | F34: CB400-V | H34: 0.64 | I34: 26 | J34: 1.578 | K34: =ROUND(H34*I34*J34, 2) | L34: =ROUND(K34/1000, 3) | M34: =IF(AO34="","",IF(INDEX(Theo_Doi_Tan_Suat_Be_Tong!$C:$C,AO34)="","",INDEX(Theo_Doi_Tan_Suat_Be_Tong!$C:$C,AO34)-VLOOKUP(AN34,$AQ$2:$AR$7,2,FALSE))) | O34: =IF(ROUNDUP(S34/20,0)>ROUNDUP(S33/20,0),"TN Ø16 (Lần " & ROUNDUP(S34/20,0) & ")","") | P34: =ROUND(P33+IF(AND(E34<=10,F34<>"ASTM A416"),L34,0),3) | Q34: =ROUND(Q33+IF(AND(E34=12,F34<>"ASTM A416"),L34,0),3) | R34: =ROUND(R33+IF(AND(E34=14,F34<>"ASTM A416"),L34,0),3) | S34: =ROUND(S33+IF(AND(E34=16,F34<>"ASTM A416"),L34,0),3) | T34: =ROUND(T33+IF(AND(E34=18,F34<>"ASTM A416"),L34,0),3) | U34: =ROUND(U33+IF(AND(E34=20,F34<>"ASTM A416"),L34,0),3) | V34: =ROUND(V33+IF(AND(E34=22,F34<>"ASTM A416"),L34,0),3) | W34: =ROUND(W33+IF(AND(E34=25,F34<>"ASTM A416"),L34,0),3) | X34: =ROUND(X33+IF(AND(E34=28,F34<>"ASTM A416"),L34,0),3) | Y34: =ROUND(Y33+IF(AND(E34=32,F34<>"ASTM A416"),L34,0),3) | Z34: =ROUND(Z33+IF(F34="ASTM A416",L34,0),3) | AA34: =IF(ROUNDUP(P34/20,0)>ROUNDUP(P33/20,0),"Lần " & ROUNDUP(P34/20,0),"") | AB34: =IF(ROUNDUP(Q34/20,0)>ROUNDUP(Q33/20,0),"Lần " & ROUNDUP(Q34/20,0),"") | AC34: =IF(ROUNDUP(R34/20,0)>ROUNDUP(R33/20,0),"Lần " & ROUNDUP(R34/20,0),"") | AD34: =IF(ROUNDUP(S34/20,0)>ROUNDUP(S33/20,0),"Lần " & ROUNDUP(S34/20,0),"") | AE34: =IF(ROUNDUP(T34/20,0)>ROUNDUP(T33/20,0),"Lần " & ROUNDUP(T34/20,0),"") | AF34: =IF(ROUNDUP(U34/20,0)>ROUNDUP(U33/20,0),"Lần " & ROUNDUP(U34/20,0),"") | AG34: =IF(ROUNDUP(V34/20,0)>ROUNDUP(V33/20,0),"Lần " & ROUNDUP(V34/20,0),"") | AH34: =IF(ROUNDUP(W34/20,0)>ROUNDUP(W33/20,0),"Lần " & ROUNDUP(W34/20,0),"") | ... AK34: =IF(ROUNDUP(Z34/20,0)>ROUNDUP(Z33/20,0),"Lần " & ROUNDUP(Z34/20,0),"") | AN34: Than | AO34: 50
A35: 32 | B35: Mố M1 | C35: Mố M1 (tr.31) | D35: W8(T) | E35: 16 | F35: CB400-V | H35: 3.493 | I35: 2 | J35: 1.578 | K35: =ROUND(H35*I35*J35, 2) | L35: =ROUND(K35/1000, 3) | M35: =IF(AO35="","",IF(INDEX(Theo_Doi_Tan_Suat_Be_Tong!$C:$C,AO35)="","",INDEX(Theo_Doi_Tan_Suat_Be_Tong!$C:$C,AO35)-VLOOKUP(AN35,$AQ$2:$AR$7,2,FALSE))) | O35: =IF(ROUNDUP(S35/20,0)>ROUNDUP(S34/20,0),"TN Ø16 (Lần " & ROUNDUP(S35/20,0) & ")","") | P35: =ROUND(P34+IF(AND(E35<=10,F35<>"ASTM A416"),L35,0),3) | Q35: =ROUND(Q34+IF(AND(E35=12,F35<>"ASTM A416"),L35,0),3) | R35: =ROUND(R34+IF(AND(E35=14,F35<>"ASTM A416"),L35,0),3) | S35: =ROUND(S34+IF(AND(E35=16,F35<>"ASTM A416"),L35,0),3) | T35: =ROUND(T34+IF(AND(E35=18,F35<>"ASTM A416"),L35,0),3) | U35: =ROUND(U34+IF(AND(E35=20,F35<>"ASTM A416"),L35,0),3) | V35: =ROUND(V34+IF(AND(E35=22,F35<>"ASTM A416"),L35,0),3) | W35: =ROUND(W34+IF(AND(E35=25,F35<>"ASTM A416"),L35,0),3) | X35: =ROUND(X34+IF(AND(E35=28,F35<>"ASTM A416"),L35,0),3) | Y35: =ROUND(Y34+IF(AND(E35=32,F35<>"ASTM A416"),L35,0),3) | Z35: =ROUND(Z34+IF(F35="ASTM A416",L35,0),3) | AA35: =IF(ROUNDUP(P35/20,0)>ROUNDUP(P34/20,0),"Lần " & ROUNDUP(P35/20,0),"") | AB35: =IF(ROUNDUP(Q35/20,0)>ROUNDUP(Q34/20,0),"Lần " & ROUNDUP(Q35/20,0),"") | AC35: =IF(ROUNDUP(R35/20,0)>ROUNDUP(R34/20,0),"Lần " & ROUNDUP(R35/20,0),"") | AD35: =IF(ROUNDUP(S35/20,0)>ROUNDUP(S34/20,0),"Lần " & ROUNDUP(S35/20,0),"") | AE35: =IF(ROUNDUP(T35/20,0)>ROUNDUP(T34/20,0),"Lần " & ROUNDUP(T35/20,0),"") | AF35: =IF(ROUNDUP(U35/20,0)>ROUNDUP(U34/20,0),"Lần " & ROUNDUP(U35/20,0),"") | AG35: =IF(ROUNDUP(V35/20,0)>ROUNDUP(V34/20,0),"Lần " & ROUNDUP(V35/20,0),"") | AH35: =IF(ROUNDUP(W35/20,0)>ROUNDUP(W34/20,0),"Lần " & ROUNDUP(W35/20,0),"") | ... AK35: =IF(ROUNDUP(Z35/20,0)>ROUNDUP(Z34/20,0),"Lần " & ROUNDUP(Z35/20,0),"") | AN35: Than | AO35: 50
A36: 33 | B36: Mố M1 | C36: Mố M1 (tr.31) | D36: W9(T) | E36: 16 | F36: CB400-V | H36: 1.906 | I36: 15 | J36: 1.578 | K36: =ROUND(H36*I36*J36, 2) | L36: =ROUND(K36/1000, 3) | M36: =IF(AO36="","",IF(INDEX(Theo_Doi_Tan_Suat_Be_Tong!$C:$C,AO36)="","",INDEX(Theo_Doi_Tan_Suat_Be_Tong!$C:$C,AO36)-VLOOKUP(AN36,$AQ$2:$AR$7,2,FALSE))) | O36: =IF(ROUNDUP(S36/20,0)>ROUNDUP(S35/20,0),"TN Ø16 (Lần " & ROUNDUP(S36/20,0) & ")","") | P36: =ROUND(P35+IF(AND(E36<=10,F36<>"ASTM A416"),L36,0),3) | Q36: =ROUND(Q35+IF(AND(E36=12,F36<>"ASTM A416"),L36,0),3) | R36: =ROUND(R35+IF(AND(E36=14,F36<>"ASTM A416"),L36,0),3) | S36: =ROUND(S35+IF(AND(E36=16,F36<>"ASTM A416"),L36,0),3) | T36: =ROUND(T35+IF(AND(E36=18,F36<>"ASTM A416"),L36,0),3) | U36: =ROUND(U35+IF(AND(E36=20,F36<>"ASTM A416"),L36,0),3) | V36: =ROUND(V35+IF(AND(E36=22,F36<>"ASTM A416"),L36,0),3) | W36: =ROUND(W35+IF(AND(E36=25,F36<>"ASTM A416"),L36,0),3) | X36: =ROUND(X35+IF(AND(E36=28,F36<>"ASTM A416"),L36,0),3) | Y36: =ROUND(Y35+IF(AND(E36=32,F36<>"ASTM A416"),L36,0),3) | Z36: =ROUND(Z35+IF(F36="ASTM A416",L36,0),3) | AA36: =IF(ROUNDUP(P36/20,0)>ROUNDUP(P35/20,0),"Lần " & ROUNDUP(P36/20,0),"") | AB36: =IF(ROUNDUP(Q36/20,0)>ROUNDUP(Q35/20,0),"Lần " & ROUNDUP(Q36/20,0),"") | AC36: =IF(ROUNDUP(R36/20,0)>ROUNDUP(R35/20,0),"Lần " & ROUNDUP(R36/20,0),"") | AD36: =IF(ROUNDUP(S36/20,0)>ROUNDUP(S35/20,0),"Lần " & ROUNDUP(S36/20,0),"") | AE36: =IF(ROUNDUP(T36/20,0)>ROUNDUP(T35/20,0),"Lần " & ROUNDUP(T36/20,0),"") | AF36: =IF(ROUNDUP(U36/20,0)>ROUNDUP(U35/20,0),"Lần " & ROUNDUP(U36/20,0),"") | AG36: =IF(ROUNDUP(V36/20,0)>ROUNDUP(V35/20,0),"Lần " & ROUNDUP(V36/20,0),"") | AH36: =IF(ROUNDUP(W36/20,0)>ROUNDUP(W35/20,0),"Lần " & ROUNDUP(W36/20,0),"") | ... AK36: =IF(ROUNDUP(Z36/20,0)>ROUNDUP(Z35/20,0),"Lần " & ROUNDUP(Z36/20,0),"") | AN36: Than | AO36: 50
A37: 34 | B37: Mố M1 | C37: Mố M1 (tr.31) | D37: U1 | E37: 16 | F37: CB400-V | G37: S06 | H37: 4.192 | I37: 8 | J37: 1.578 | K37: =ROUND(H37*I37*J37, 2) | L37: =ROUND(K37/1000, 3) | M37: =IF(AO37="","",IF(INDEX(Theo_Doi_Tan_Suat_Be_Tong!$C:$C,AO37)="","",INDEX(Theo_Doi_Tan_Suat_Be_Tong!$C:$C,AO37)-VLOOKUP(AN37,$AQ$2:$AR$7,2,FALSE))) | O37: =IF(ROUNDUP(S37/20,0)>ROUNDUP(S36/20,0),"TN Ø16 (Lần " & ROUNDUP(S37/20,0) & ")","") | P37: =ROUND(P36+IF(AND(E37<=10,F37<>"ASTM A416"),L37,0),3) | Q37: =ROUND(Q36+IF(AND(E37=12,F37<>"ASTM A416"),L37,0),3) | R37: =ROUND(R36+IF(AND(E37=14,F37<>"ASTM A416"),L37,0),3) | S37: =ROUND(S36+IF(AND(E37=16,F37<>"ASTM A416"),L37,0),3) | T37: =ROUND(T36+IF(AND(E37=18,F37<>"ASTM A416"),L37,0),3) | U37: =ROUND(U36+IF(AND(E37=20,F37<>"ASTM A416"),L37,0),3) | V37: =ROUND(V36+IF(AND(E37=22,F37<>"ASTM A416"),L37,0),3) | W37: =ROUND(W36+IF(AND(E37=25,F37<>"ASTM A416"),L37,0),3) | X37: =ROUND(X36+IF(AND(E37=28,F37<>"ASTM A416"),L37,0),3) | Y37: =ROUND(Y36+IF(AND(E37=32,F37<>"ASTM A416"),L37,0),3) | Z37: =ROUND(Z36+IF(F37="ASTM A416",L37,0),3) | AA37: =IF(ROUNDUP(P37/20,0)>ROUNDUP(P36/20,0),"Lần " & ROUNDUP(P37/20,0),"") | AB37: =IF(ROUNDUP(Q37/20,0)>ROUNDUP(Q36/20,0),"Lần " & ROUNDUP(Q37/20,0),"") | AC37: =IF(ROUNDUP(R37/20,0)>ROUNDUP(R36/20,0),"Lần " & ROUNDUP(R37/20,0),"") | AD37: =IF(ROUNDUP(S37/20,0)>ROUNDUP(S36/20,0),"Lần " & ROUNDUP(S37/20,0),"") | AE37: =IF(ROUNDUP(T37/20,0)>ROUNDUP(T36/20,0),"Lần " & ROUNDUP(T37/20,0),"") | AF37: =IF(ROUNDUP(U37/20,0)>ROUNDUP(U36/20,0),"Lần " & ROUNDUP(U37/20,0),"") | AG37: =IF(ROUNDUP(V37/20,0)>ROUNDUP(V36/20,0),"Lần " & ROUNDUP(V37/20,0),"") | AH37: =IF(ROUNDUP(W37/20,0)>ROUNDUP(W36/20,0),"Lần " & ROUNDUP(W37/20,0),"") | ... AK37: =IF(ROUNDUP(Z37/20,0)>ROUNDUP(Z36/20,0),"Lần " & ROUNDUP(Z37/20,0),"") | AN37: Than | AO37: 50
A38: 35 | B38: Mố M1 | C38: Mố M1 (tr.31) | D38: U2 | E38: 16 | F38: CB400-V | G38: S06 | H38: 3.892 | I38: 14 | J38: 1.578 | K38: =ROUND(H38*I38*J38, 2) | L38: =ROUND(K38/1000, 3) | M38: =IF(AO38="","",IF(INDEX(Theo_Doi_Tan_Suat_Be_Tong!$C:$C,AO38)="","",INDEX(Theo_Doi_Tan_Suat_Be_Tong!$C:$C,AO38)-VLOOKUP(AN38,$AQ$2:$AR$7,2,FALSE))) | O38: =IF(ROUNDUP(S38/20,0)>ROUNDUP(S37/20,0),"TN Ø16 (Lần " & ROUNDUP(S38/20,0) & ")","") | P38: =ROUND(P37+IF(AND(E38<=10,F38<>"ASTM A416"),L38,0),3) | Q38: =ROUND(Q37+IF(AND(E38=12,F38<>"ASTM A416"),L38,0),3) | R38: =ROUND(R37+IF(AND(E38=14,F38<>"ASTM A416"),L38,0),3) | S38: =ROUND(S37+IF(AND(E38=16,F38<>"ASTM A416"),L38,0),3) | T38: =ROUND(T37+IF(AND(E38=18,F38<>"ASTM A416"),L38,0),3) | U38: =ROUND(U37+IF(AND(E38=20,F38<>"ASTM A416"),L38,0),3) | V38: =ROUND(V37+IF(AND(E38=22,F38<>"ASTM A416"),L38,0),3) | W38: =ROUND(W37+IF(AND(E38=25,F38<>"ASTM A416"),L38,0),3) | X38: =ROUND(X37+IF(AND(E38=28,F38<>"ASTM A416"),L38,0),3) | Y38: =ROUND(Y37+IF(AND(E38=32,F38<>"ASTM A416"),L38,0),3) | Z38: =ROUND(Z37+IF(F38="ASTM A416",L38,0),3) | AA38: =IF(ROUNDUP(P38/20,0)>ROUNDUP(P37/20,0),"Lần " & ROUNDUP(P38/20,0),"") | AB38: =IF(ROUNDUP(Q38/20,0)>ROUNDUP(Q37/20,0),"Lần " & ROUNDUP(Q38/20,0),"") | AC38: =IF(ROUNDUP(R38/20,0)>ROUNDUP(R37/20,0),"Lần " & ROUNDUP(R38/20,0),"") | AD38: =IF(ROUNDUP(S38/20,0)>ROUNDUP(S37/20,0),"Lần " & ROUNDUP(S38/20,0),"") | AE38: =IF(ROUNDUP(T38/20,0)>ROUNDUP(T37/20,0),"Lần " & ROUNDUP(T38/20,0),"") | AF38: =IF(ROUNDUP(U38/20,0)>ROUNDUP(U37/20,0),"Lần " & ROUNDUP(U38/20,0),"") | AG38: =IF(ROUNDUP(V38/20,0)>ROUNDUP(V37/20,0),"Lần " & ROUNDUP(V38/20,0),"") | AH38: =IF(ROUNDUP(W38/20,0)>ROUNDUP(W37/20,0),"Lần " & ROUNDUP(W38/20,0),"") | ... AK38: =IF(ROUNDUP(Z38/20,0)>ROUNDUP(Z37/20,0),"Lần " & ROUNDUP(Z38/20,0),"") | AN38: Than | AO38: 50
A39: 36 | B39: Mố M1 | C39: Mố M1 (tr.31) | D39: U3 | E39: 16 | F39: CB400-V | G39: S51 | H39: 3.256 | I39: 22 | J39: 1.578 | K39: =ROUND(H39*I39*J39, 2) | L39: =ROUND(K39/1000, 3) | M39: =IF(AO39="","",IF(INDEX(Theo_Doi_Tan_Suat_Be_Tong!$C:$C,AO39)="","",INDEX(Theo_Doi_Tan_Suat_Be_Tong!$C:$C,AO39)-VLOOKUP(AN39,$AQ$2:$AR$7,2,FALSE))) | O39: =IF(ROUNDUP(S39/20,0)>ROUNDUP(S38/20,0),"TN Ø16 (Lần " & ROUNDUP(S39/20,0) & ")","") | P39: =ROUND(P38+IF(AND(E39<=10,F39<>"ASTM A416"),L39,0),3) | Q39: =ROUND(Q38+IF(AND(E39=12,F39<>"ASTM A416"),L39,0),3) | R39: =ROUND(R38+IF(AND(E39=14,F39<>"ASTM A416"),L39,0),3) | S39: =ROUND(S38+IF(AND(E39=16,F39<>"ASTM A416"),L39,0),3) | T39: =ROUND(T38+IF(AND(E39=18,F39<>"ASTM A416"),L39,0),3) | U39: =ROUND(U38+IF(AND(E39=20,F39<>"ASTM A416"),L39,0),3) | V39: =ROUND(V38+IF(AND(E39=22,F39<>"ASTM A416"),L39,0),3) | W39: =ROUND(W38+IF(AND(E39=25,F39<>"ASTM A416"),L39,0),3) | X39: =ROUND(X38+IF(AND(E39=28,F39<>"ASTM A416"),L39,0),3) | Y39: =ROUND(Y38+IF(AND(E39=32,F39<>"ASTM A416"),L39,0),3) | Z39: =ROUND(Z38+IF(F39="ASTM A416",L39,0),3) | AA39: =IF(ROUNDUP(P39/20,0)>ROUNDUP(P38/20,0),"Lần " & ROUNDUP(P39/20,0),"") | AB39: =IF(ROUNDUP(Q39/20,0)>ROUNDUP(Q38/20,0),"Lần " & ROUNDUP(Q39/20,0),"") | AC39: =IF(ROUNDUP(R39/20,0)>ROUNDUP(R38/20,0),"Lần " & ROUNDUP(R39/20,0),"") | AD39: =IF(ROUNDUP(S39/20,0)>ROUNDUP(S38/20,0),"Lần " & ROUNDUP(S39/20,0),"") | AE39: =IF(ROUNDUP(T39/20,0)>ROUNDUP(T38/20,0),"Lần " & ROUNDUP(T39/20,0),"") | AF39: =IF(ROUNDUP(U39/20,0)>ROUNDUP(U38/20,0),"Lần " & ROUNDUP(U39/20,0),"") | AG39: =IF(ROUNDUP(V39/20,0)>ROUNDUP(V38/20,0),"Lần " & ROUNDUP(V39/20,0),"") | AH39: =IF(ROUNDUP(W39/20,0)>ROUNDUP(W38/20,0),"Lần " & ROUNDUP(W39/20,0),"") | ... AK39: =IF(ROUNDUP(Z39/20,0)>ROUNDUP(Z38/20,0),"Lần " & ROUNDUP(Z39/20,0),"") | AN39: Than | AO39: 50
A40: 37 | B40: Mố M1 | C40: Mố M1 (tr.31) | D40: U4 | E40: 16 | F40: CB400-V | G40: S32 | H40: 1.64 | I40: 4 | J40: 1.578 | K40: =ROUND(H40*I40*J40, 2) | L40: =ROUND(K40/1000, 3) | M40: =IF(AO40="","",IF(INDEX(Theo_Doi_Tan_Suat_Be_Tong!$C:$C,AO40)="","",INDEX(Theo_Doi_Tan_Suat_Be_Tong!$C:$C,AO40)-VLOOKUP(AN40,$AQ$2:$AR$7,2,FALSE))) | O40: =IF(ROUNDUP(S40/20,0)>ROUNDUP(S39/20,0),"TN Ø16 (Lần " & ROUNDUP(S40/20,0) & ")","") | P40: =ROUND(P39+IF(AND(E40<=10,F40<>"ASTM A416"),L40,0),3) | Q40: =ROUND(Q39+IF(AND(E40=12,F40<>"ASTM A416"),L40,0),3) | R40: =ROUND(R39+IF(AND(E40=14,F40<>"ASTM A416"),L40,0),3) | S40: =ROUND(S39+IF(AND(E40=16,F40<>"ASTM A416"),L40,0),3) | T40: =ROUND(T39+IF(AND(E40=18,F40<>"ASTM A416"),L40,0),3) | U40: =ROUND(U39+IF(AND(E40=20,F40<>"ASTM A416"),L40,0),3) | V40: =ROUND(V39+IF(AND(E40=22,F40<>"ASTM A416"),L40,0),3) | W40: =ROUND(W39+IF(AND(E40=25,F40<>"ASTM A416"),L40,0),3) | X40: =ROUND(X39+IF(AND(E40=28,F40<>"ASTM A416"),L40,0),3) | Y40: =ROUND(Y39+IF(AND(E40=32,F40<>"ASTM A416"),L40,0),3) | Z40: =ROUND(Z39+IF(F40="ASTM A416",L40,0),3) | AA40: =IF(ROUNDUP(P40/20,0)>ROUNDUP(P39/20,0),"Lần " & ROUNDUP(P40/20,0),"") | AB40: =IF(ROUNDUP(Q40/20,0)>ROUNDUP(Q39/20,0),"Lần " & ROUNDUP(Q40/20,0),"") | AC40: =IF(ROUNDUP(R40/20,0)>ROUNDUP(R39/20,0),"Lần " & ROUNDUP(R40/20,0),"") | AD40: =IF(ROUNDUP(S40/20,0)>ROUNDUP(S39/20,0),"Lần " & ROUNDUP(S40/20,0),"") | AE40: =IF(ROUNDUP(T40/20,0)>ROUNDUP(T39/20,0),"Lần " & ROUNDUP(T40/20,0),"") | AF40: =IF(ROUNDUP(U40/20,0)>ROUNDUP(U39/20,0),"Lần " & ROUNDUP(U40/20,0),"") | AG40: =IF(ROUNDUP(V40/20,0)>ROUNDUP(V39/20,0),"Lần " & ROUNDUP(V40/20,0),"") | AH40: =IF(ROUNDUP(W40/20,0)>ROUNDUP(W39/20,0),"Lần " & ROUNDUP(W40/20,0),"") | ... AK40: =IF(ROUNDUP(Z40/20,0)>ROUNDUP(Z39/20,0),"Lần " & ROUNDUP(Z40/20,0),"") | AN40: Than | AO40: 50
A41: 38 | B41: Mố M1 | C41: Mố M1 (tr.31) | D41: B1 | E41: 8 | F41: CB240-T | G41: S01 | H41: 0.64 | I41: 50 | J41: 0.395 | K41: =ROUND(H41*I41*J41, 2) | L41: =ROUND(K41/1000, 3) | M41: =IF(AO41="","",IF(INDEX(Theo_Doi_Tan_Suat_Be_Tong!$C:$C,AO41)="","",INDEX(Theo_Doi_Tan_Suat_Be_Tong!$C:$C,AO41)-VLOOKUP(AN41,$AQ$2:$AR$7,2,FALSE))) | O41: =IF(ROUNDUP(P41/20,0)>ROUNDUP(P40/20,0),"TN Ø10 (Lần " & ROUNDUP(P41/20,0) & ")","") | P41: =ROUND(P40+IF(AND(E41<=10,F41<>"ASTM A416"),L41,0),3) | Q41: =ROUND(Q40+IF(AND(E41=12,F41<>"ASTM A416"),L41,0),3) | R41: =ROUND(R40+IF(AND(E41=14,F41<>"ASTM A416"),L41,0),3) | S41: =ROUND(S40+IF(AND(E41=16,F41<>"ASTM A416"),L41,0),3) | T41: =ROUND(T40+IF(AND(E41=18,F41<>"ASTM A416"),L41,0),3) | U41: =ROUND(U40+IF(AND(E41=20,F41<>"ASTM A416"),L41,0),3) | V41: =ROUND(V40+IF(AND(E41=22,F41<>"ASTM A416"),L41,0),3) | W41: =ROUND(W40+IF(AND(E41=25,F41<>"ASTM A416"),L41,0),3) | X41: =ROUND(X40+IF(AND(E41=28,F41<>"ASTM A416"),L41,0),3) | Y41: =ROUND(Y40+IF(AND(E41=32,F41<>"ASTM A416"),L41,0),3) | Z41: =ROUND(Z40+IF(F41="ASTM A416",L41,0),3) | AA41: =IF(ROUNDUP(P41/20,0)>ROUNDUP(P40/20,0),"Lần " & ROUNDUP(P41/20,0),"") | AB41: =IF(ROUNDUP(Q41/20,0)>ROUNDUP(Q40/20,0),"Lần " & ROUNDUP(Q41/20,0),"") | AC41: =IF(ROUNDUP(R41/20,0)>ROUNDUP(R40/20,0),"Lần " & ROUNDUP(R41/20,0),"") | AD41: =IF(ROUNDUP(S41/20,0)>ROUNDUP(S40/20,0),"Lần " & ROUNDUP(S41/20,0),"") | AE41: =IF(ROUNDUP(T41/20,0)>ROUNDUP(T40/20,0),"Lần " & ROUNDUP(T41/20,0),"") | AF41: =IF(ROUNDUP(U41/20,0)>ROUNDUP(U40/20,0),"Lần " & ROUNDUP(U41/20,0),"") | AG41: =IF(ROUNDUP(V41/20,0)>ROUNDUP(V40/20,0),"Lần " & ROUNDUP(V41/20,0),"") | AH41: =IF(ROUNDUP(W41/20,0)>ROUNDUP(W40/20,0),"Lần " & ROUNDUP(W41/20,0),"") | ... AK41: =IF(ROUNDUP(Z41/20,0)>ROUNDUP(Z40/20,0),"Lần " & ROUNDUP(Z41/20,0),"") | AN41: Than | AO41: 50
A42: 39 | B42: Mố M1 | C42: Mố M1 (tr.31) | D42: B2 | E42: 8 | F42: CB240-T | G42: S01 | H42: 0.48 | I42: 65 | J42: 0.395 | K42: =ROUND(H42*I42*J42, 2) | L42: =ROUND(K42/1000, 3) | M42: =IF(AO42="","",IF(INDEX(Theo_Doi_Tan_Suat_Be_Tong!$C:$C,AO42)="","",INDEX(Theo_Doi_Tan_Suat_Be_Tong!$C:$C,AO42)-VLOOKUP(AN42,$AQ$2:$AR$7,2,FALSE))) | O42: =IF(ROUNDUP(P42/20,0)>ROUNDUP(P41/20,0),"TN Ø10 (Lần " & ROUNDUP(P42/20,0) & ")","") | P42: =ROUND(P41+IF(AND(E42<=10,F42<>"ASTM A416"),L42,0),3) | Q42: =ROUND(Q41+IF(AND(E42=12,F42<>"ASTM A416"),L42,0),3) | R42: =ROUND(R41+IF(AND(E42=14,F42<>"ASTM A416"),L42,0),3) | S42: =ROUND(S41+IF(AND(E42=16,F42<>"ASTM A416"),L42,0),3) | T42: =ROUND(T41+IF(AND(E42=18,F42<>"ASTM A416"),L42,0),3) | U42: =ROUND(U41+IF(AND(E42=20,F42<>"ASTM A416"),L42,0),3) | V42: =ROUND(V41+IF(AND(E42=22,F42<>"ASTM A416"),L42,0),3) | W42: =ROUND(W41+IF(AND(E42=25,F42<>"ASTM A416"),L42,0),3) | X42: =ROUND(X41+IF(AND(E42=28,F42<>"ASTM A416"),L42,0),3) | Y42: =ROUND(Y41+IF(AND(E42=32,F42<>"ASTM A416"),L42,0),3) | Z42: =ROUND(Z41+IF(F42="ASTM A416",L42,0),3) | AA42: =IF(ROUNDUP(P42/20,0)>ROUNDUP(P41/20,0),"Lần " & ROUNDUP(P42/20,0),"") | AB42: =IF(ROUNDUP(Q42/20,0)>ROUNDUP(Q41/20,0),"Lần " & ROUNDUP(Q42/20,0),"") | AC42: =IF(ROUNDUP(R42/20,0)>ROUNDUP(R41/20,0),"Lần " & ROUNDUP(R42/20,0),"") | AD42: =IF(ROUNDUP(S42/20,0)>ROUNDUP(S41/20,0),"Lần " & ROUNDUP(S42/20,0),"") | AE42: =IF(ROUNDUP(T42/20,0)>ROUNDUP(T41/20,0),"Lần " & ROUNDUP(T42/20,0),"") | AF42: =IF(ROUNDUP(U42/20,0)>ROUNDUP(U41/20,0),"Lần " & ROUNDUP(U42/20,0),"") | AG42: =IF(ROUNDUP(V42/20,0)>ROUNDUP(V41/20,0),"Lần " & ROUNDUP(V42/20,0),"") | AH42: =IF(ROUNDUP(W42/20,0)>ROUNDUP(W41/20,0),"Lần " & ROUNDUP(W42/20,0),"") | ... AK42: =IF(ROUNDUP(Z42/20,0)>ROUNDUP(Z41/20,0),"Lần " & ROUNDUP(Z42/20,0),"") | AN42: Than | AO42: 50
A43: 40 | B43: Mố M1 | C43: Mố M1 (tr.31) | D43: T1 | E43: 16 | F43: CB400-V | G43: S01 | H43: 1.89 | I43: 10 | J43: 1.578 | K43: =ROUND(H43*I43*J43, 2) | L43: =ROUND(K43/1000, 3) | M43: =IF(AO43="","",IF(INDEX(Theo_Doi_Tan_Suat_Be_Tong!$C:$C,AO43)="","",INDEX(Theo_Doi_Tan_Suat_Be_Tong!$C:$C,AO43)-VLOOKUP(AN43,$AQ$2:$AR$7,2,FALSE))) | O43: =IF(ROUNDUP(S43/20,0)>ROUNDUP(S42/20,0),"TN Ø16 (Lần " & ROUNDUP(S43/20,0) & ")","") | P43: =ROUND(P42+IF(AND(E43<=10,F43<>"ASTM A416"),L43,0),3) | Q43: =ROUND(Q42+IF(AND(E43=12,F43<>"ASTM A416"),L43,0),3) | R43: =ROUND(R42+IF(AND(E43=14,F43<>"ASTM A416"),L43,0),3) | S43: =ROUND(S42+IF(AND(E43=16,F43<>"ASTM A416"),L43,0),3) | T43: =ROUND(T42+IF(AND(E43=18,F43<>"ASTM A416"),L43,0),3) | U43: =ROUND(U42+IF(AND(E43=20,F43<>"ASTM A416"),L43,0),3) | V43: =ROUND(V42+IF(AND(E43=22,F43<>"ASTM A416"),L43,0),3) | W43: =ROUND(W42+IF(AND(E43=25,F43<>"ASTM A416"),L43,0),3) | X43: =ROUND(X42+IF(AND(E43=28,F43<>"ASTM A416"),L43,0),3) | Y43: =ROUND(Y42+IF(AND(E43=32,F43<>"ASTM A416"),L43,0),3) | Z43: =ROUND(Z42+IF(F43="ASTM A416",L43,0),3) | AA43: =IF(ROUNDUP(P43/20,0)>ROUNDUP(P42/20,0),"Lần " & ROUNDUP(P43/20,0),"") | AB43: =IF(ROUNDUP(Q43/20,0)>ROUNDUP(Q42/20,0),"Lần " & ROUNDUP(Q43/20,0),"") | AC43: =IF(ROUNDUP(R43/20,0)>ROUNDUP(R42/20,0),"Lần " & ROUNDUP(R43/20,0),"") | AD43: =IF(ROUNDUP(S43/20,0)>ROUNDUP(S42/20,0),"Lần " & ROUNDUP(S43/20,0),"") | AE43: =IF(ROUNDUP(T43/20,0)>ROUNDUP(T42/20,0),"Lần " & ROUNDUP(T43/20,0),"") | AF43: =IF(ROUNDUP(U43/20,0)>ROUNDUP(U42/20,0),"Lần " & ROUNDUP(U43/20,0),"") | AG43: =IF(ROUNDUP(V43/20,0)>ROUNDUP(V42/20,0),"Lần " & ROUNDUP(V43/20,0),"") | AH43: =IF(ROUNDUP(W43/20,0)>ROUNDUP(W42/20,0),"Lần " & ROUNDUP(W43/20,0),"") | ... AK43: =IF(ROUNDUP(Z43/20,0)>ROUNDUP(Z42/20,0),"Lần " & ROUNDUP(Z43/20,0),"") | AN43: Than | AO43: 50
A44: 41 | B44: Mố M1 | C44: Mố M1 (tr.31) | D44: T2 | E44: 16 | F44: CB400-V | H44: 2.09 | I44: 9 | J44: 1.578 | K44: =ROUND(H44*I44*J44, 2) | L44: =ROUND(K44/1000, 3) | M44: =IF(AO44="","",IF(INDEX(Theo_Doi_Tan_Suat_Be_Tong!$C:$C,AO44)="","",INDEX(Theo_Doi_Tan_Suat_Be_Tong!$C:$C,AO44)-VLOOKUP(AN44,$AQ$2:$AR$7,2,FALSE))) | O44: =IF(ROUNDUP(S44/20,0)>ROUNDUP(S43/20,0),"TN Ø16 (Lần " & ROUNDUP(S44/20,0) & ")","") | P44: =ROUND(P43+IF(AND(E44<=10,F44<>"ASTM A416"),L44,0),3) | Q44: =ROUND(Q43+IF(AND(E44=12,F44<>"ASTM A416"),L44,0),3) | R44: =ROUND(R43+IF(AND(E44=14,F44<>"ASTM A416"),L44,0),3) | S44: =ROUND(S43+IF(AND(E44=16,F44<>"ASTM A416"),L44,0),3) | T44: =ROUND(T43+IF(AND(E44=18,F44<>"ASTM A416"),L44,0),3) | U44: =ROUND(U43+IF(AND(E44=20,F44<>"ASTM A416"),L44,0),3) | V44: =ROUND(V43+IF(AND(E44=22,F44<>"ASTM A416"),L44,0),3) | W44: =ROUND(W43+IF(AND(E44=25,F44<>"ASTM A416"),L44,0),3) | X44: =ROUND(X43+IF(AND(E44=28,F44<>"ASTM A416"),L44,0),3) | Y44: =ROUND(Y43+IF(AND(E44=32,F44<>"ASTM A416"),L44,0),3) | Z44: =ROUND(Z43+IF(F44="ASTM A416",L44,0),3) | AA44: =IF(ROUNDUP(P44/20,0)>ROUNDUP(P43/20,0),"Lần " & ROUNDUP(P44/20,0),"") | AB44: =IF(ROUNDUP(Q44/20,0)>ROUNDUP(Q43/20,0),"Lần " & ROUNDUP(Q44/20,0),"") | AC44: =IF(ROUNDUP(R44/20,0)>ROUNDUP(R43/20,0),"Lần " & ROUNDUP(R44/20,0),"") | AD44: =IF(ROUNDUP(S44/20,0)>ROUNDUP(S43/20,0),"Lần " & ROUNDUP(S44/20,0),"") | AE44: =IF(ROUNDUP(T44/20,0)>ROUNDUP(T43/20,0),"Lần " & ROUNDUP(T44/20,0),"") | AF44: =IF(ROUNDUP(U44/20,0)>ROUNDUP(U43/20,0),"Lần " & ROUNDUP(U44/20,0),"") | AG44: =IF(ROUNDUP(V44/20,0)>ROUNDUP(V43/20,0),"Lần " & ROUNDUP(V44/20,0),"") | AH44: =IF(ROUNDUP(W44/20,0)>ROUNDUP(W43/20,0),"Lần " & ROUNDUP(W44/20,0),"") | ... AK44: =IF(ROUNDUP(Z44/20,0)>ROUNDUP(Z43/20,0),"Lần " & ROUNDUP(Z44/20,0),"") | AN44: Than | AO44: 50
A45: 42 | B45: Mố M1 | C45: Mố M1 (tr.31) | D45: G1 | E45: 14 | F45: CB400-V | H45: 2.9 | I45: 19 | J45: 1.208 | K45: =ROUND(H45*I45*J45, 2) | L45: =ROUND(K45/1000, 3) | M45: =IF(AO45="","",IF(INDEX(Theo_Doi_Tan_Suat_Be_Tong!$C:$C,AO45)="","",INDEX(Theo_Doi_Tan_Suat_Be_Tong!$C:$C,AO45)-VLOOKUP(AN45,$AQ$2:$AR$7,2,FALSE))) | O45: =IF(ROUNDUP(R45/20,0)>ROUNDUP(R44/20,0),"TN Ø14 (Lần " & ROUNDUP(R45/20,0) & ")","") | P45: =ROUND(P44+IF(AND(E45<=10,F45<>"ASTM A416"),L45,0),3) | Q45: =ROUND(Q44+IF(AND(E45=12,F45<>"ASTM A416"),L45,0),3) | R45: =ROUND(R44+IF(AND(E45=14,F45<>"ASTM A416"),L45,0),3) | S45: =ROUND(S44+IF(AND(E45=16,F45<>"ASTM A416"),L45,0),3) | T45: =ROUND(T44+IF(AND(E45=18,F45<>"ASTM A416"),L45,0),3) | U45: =ROUND(U44+IF(AND(E45=20,F45<>"ASTM A416"),L45,0),3) | V45: =ROUND(V44+IF(AND(E45=22,F45<>"ASTM A416"),L45,0),3) | W45: =ROUND(W44+IF(AND(E45=25,F45<>"ASTM A416"),L45,0),3) | X45: =ROUND(X44+IF(AND(E45=28,F45<>"ASTM A416"),L45,0),3) | Y45: =ROUND(Y44+IF(AND(E45=32,F45<>"ASTM A416"),L45,0),3) | Z45: =ROUND(Z44+IF(F45="ASTM A416",L45,0),3) | AA45: =IF(ROUNDUP(P45/20,0)>ROUNDUP(P44/20,0),"Lần " & ROUNDUP(P45/20,0),"") | AB45: =IF(ROUNDUP(Q45/20,0)>ROUNDUP(Q44/20,0),"Lần " & ROUNDUP(Q45/20,0),"") | AC45: =IF(ROUNDUP(R45/20,0)>ROUNDUP(R44/20,0),"Lần " & ROUNDUP(R45/20,0),"") | AD45: =IF(ROUNDUP(S45/20,0)>ROUNDUP(S44/20,0),"Lần " & ROUNDUP(S45/20,0),"") | AE45: =IF(ROUNDUP(T45/20,0)>ROUNDUP(T44/20,0),"Lần " & ROUNDUP(T45/20,0),"") | AF45: =IF(ROUNDUP(U45/20,0)>ROUNDUP(U44/20,0),"Lần " & ROUNDUP(U45/20,0),"") | AG45: =IF(ROUNDUP(V45/20,0)>ROUNDUP(V44/20,0),"Lần " & ROUNDUP(V45/20,0),"") | AH45: =IF(ROUNDUP(W45/20,0)>ROUNDUP(W44/20,0),"Lần " & ROUNDUP(W45/20,0),"") | ... AK45: =IF(ROUNDUP(Z45/20,0)>ROUNDUP(Z44/20,0),"Lần " & ROUNDUP(Z45/20,0),"") | AN45: Than | AO45: 53
A46: 43 | B46: Mố M1 | C46: Mố M1 (tr.31) | D46: G2 | E46: 18 | F46: CB400-V | G46: S57 | H46: 3.265 | I46: 20 | J46: 1.998 | K46: =ROUND(H46*I46*J46, 2) | L46: =ROUND(K46/1000, 3) | M46: =IF(AO46="","",IF(INDEX(Theo_Doi_Tan_Suat_Be_Tong!$C:$C,AO46)="","",INDEX(Theo_Doi_Tan_Suat_Be_Tong!$C:$C,AO46)-VLOOKUP(AN46,$AQ$2:$AR$7,2,FALSE))) | O46: =IF(ROUNDUP(T46/20,0)>ROUNDUP(T45/20,0),"TN Ø18 (Lần " & ROUNDUP(T46/20,0) & ")","") | P46: =ROUND(P45+IF(AND(E46<=10,F46<>"ASTM A416"),L46,0),3) | Q46: =ROUND(Q45+IF(AND(E46=12,F46<>"ASTM A416"),L46,0),3) | R46: =ROUND(R45+IF(AND(E46=14,F46<>"ASTM A416"),L46,0),3) | S46: =ROUND(S45+IF(AND(E46=16,F46<>"ASTM A416"),L46,0),3) | T46: =ROUND(T45+IF(AND(E46=18,F46<>"ASTM A416"),L46,0),3) | U46: =ROUND(U45+IF(AND(E46=20,F46<>"ASTM A416"),L46,0),3) | V46: =ROUND(V45+IF(AND(E46=22,F46<>"ASTM A416"),L46,0),3) | W46: =ROUND(W45+IF(AND(E46=25,F46<>"ASTM A416"),L46,0),3) | X46: =ROUND(X45+IF(AND(E46=28,F46<>"ASTM A416"),L46,0),3) | Y46: =ROUND(Y45+IF(AND(E46=32,F46<>"ASTM A416"),L46,0),3) | Z46: =ROUND(Z45+IF(F46="ASTM A416",L46,0),3) | AA46: =IF(ROUNDUP(P46/20,0)>ROUNDUP(P45/20,0),"Lần " & ROUNDUP(P46/20,0),"") | AB46: =IF(ROUNDUP(Q46/20,0)>ROUNDUP(Q45/20,0),"Lần " & ROUNDUP(Q46/20,0),"") | AC46: =IF(ROUNDUP(R46/20,0)>ROUNDUP(R45/20,0),"Lần " & ROUNDUP(R46/20,0),"") | AD46: =IF(ROUNDUP(S46/20,0)>ROUNDUP(S45/20,0),"Lần " & ROUNDUP(S46/20,0),"") | AE46: =IF(ROUNDUP(T46/20,0)>ROUNDUP(T45/20,0),"Lần " & ROUNDUP(T46/20,0),"") | AF46: =IF(ROUNDUP(U46/20,0)>ROUNDUP(U45/20,0),"Lần " & ROUNDUP(U46/20,0),"") | AG46: =IF(ROUNDUP(V46/20,0)>ROUNDUP(V45/20,0),"Lần " & ROUNDUP(V46/20,0),"") | AH46: =IF(ROUNDUP(W46/20,0)>ROUNDUP(W45/20,0),"Lần " & ROUNDUP(W46/20,0),"") | ... AK46: =IF(ROUNDUP(Z46/20,0)>ROUNDUP(Z45/20,0),"Lần " & ROUNDUP(Z46/20,0),"") | AN46: Than | AO46: 53
A47: 44 | B47: Mố M1 | C47: Mố M1 (tr.31) | D47: G3 | E47: 14 | F47: CB400-V | G47: S29 | H47: 2.344 | I47: 20 | J47: 1.208 | K47: =ROUND(H47*I47*J47, 2) | L47: =ROUND(K47/1000, 3) | M47: =IF(AO47="","",IF(INDEX(Theo_Doi_Tan_Suat_Be_Tong!$C:$C,AO47)="","",INDEX(Theo_Doi_Tan_Suat_Be_Tong!$C:$C,AO47)-VLOOKUP(AN47,$AQ$2:$AR$7,2,FALSE))) | O47: =IF(ROUNDUP(R47/20,0)>ROUNDUP(R46/20,0),"TN Ø14 (Lần " & ROUNDUP(R47/20,0) & ")","") | P47: =ROUND(P46+IF(AND(E47<=10,F47<>"ASTM A416"),L47,0),3) | Q47: =ROUND(Q46+IF(AND(E47=12,F47<>"ASTM A416"),L47,0),3) | R47: =ROUND(R46+IF(AND(E47=14,F47<>"ASTM A416"),L47,0),3) | S47: =ROUND(S46+IF(AND(E47=16,F47<>"ASTM A416"),L47,0),3) | T47: =ROUND(T46+IF(AND(E47=18,F47<>"ASTM A416"),L47,0),3) | U47: =ROUND(U46+IF(AND(E47=20,F47<>"ASTM A416"),L47,0),3) | V47: =ROUND(V46+IF(AND(E47=22,F47<>"ASTM A416"),L47,0),3) | W47: =ROUND(W46+IF(AND(E47=25,F47<>"ASTM A416"),L47,0),3) | X47: =ROUND(X46+IF(AND(E47=28,F47<>"ASTM A416"),L47,0),3) | Y47: =ROUND(Y46+IF(AND(E47=32,F47<>"ASTM A416"),L47,0),3) | Z47: =ROUND(Z46+IF(F47="ASTM A416",L47,0),3) | AA47: =IF(ROUNDUP(P47/20,0)>ROUNDUP(P46/20,0),"Lần " & ROUNDUP(P47/20,0),"") | AB47: =IF(ROUNDUP(Q47/20,0)>ROUNDUP(Q46/20,0),"Lần " & ROUNDUP(Q47/20,0),"") | AC47: =IF(ROUNDUP(R47/20,0)>ROUNDUP(R46/20,0),"Lần " & ROUNDUP(R47/20,0),"") | AD47: =IF(ROUNDUP(S47/20,0)>ROUNDUP(S46/20,0),"Lần " & ROUNDUP(S47/20,0),"") | AE47: =IF(ROUNDUP(T47/20,0)>ROUNDUP(T46/20,0),"Lần " & ROUNDUP(T47/20,0),"") | AF47: =IF(ROUNDUP(U47/20,0)>ROUNDUP(U46/20,0),"Lần " & ROUNDUP(U47/20,0),"") | AG47: =IF(ROUNDUP(V47/20,0)>ROUNDUP(V46/20,0),"Lần " & ROUNDUP(V47/20,0),"") | AH47: =IF(ROUNDUP(W47/20,0)>ROUNDUP(W46/20,0),"Lần " & ROUNDUP(W47/20,0),"") | ... AK47: =IF(ROUNDUP(Z47/20,0)>ROUNDUP(Z46/20,0),"Lần " & ROUNDUP(Z47/20,0),"") | AN47: Than | AO47: 53
A48: 45 | B48: Mố M1 | C48: Mố M1 (tr.31) | D48: G4A | E48: 12 | F48: CB400-V | G48: S06 | H48: 0.342 | I48: 8 | J48: 0.888 | K48: =ROUND(H48*I48*J48, 2) | L48: =ROUND(K48/1000, 3) | M48: =IF(AO48="","",IF(INDEX(Theo_Doi_Tan_Suat_Be_Tong!$C:$C,AO48)="","",INDEX(Theo_Doi_Tan_Suat_Be_Tong!$C:$C,AO48)-VLOOKUP(AN48,$AQ$2:$AR$7,2,FALSE))) | O48: =IF(ROUNDUP(Q48/20,0)>ROUNDUP(Q47/20,0),"TN Ø12 (Lần " & ROUNDUP(Q48/20,0) & ")","") | P48: =ROUND(P47+IF(AND(E48<=10,F48<>"ASTM A416"),L48,0),3) | Q48: =ROUND(Q47+IF(AND(E48=12,F48<>"ASTM A416"),L48,0),3) | R48: =ROUND(R47+IF(AND(E48=14,F48<>"ASTM A416"),L48,0),3) | S48: =ROUND(S47+IF(AND(E48=16,F48<>"ASTM A416"),L48,0),3) | T48: =ROUND(T47+IF(AND(E48=18,F48<>"ASTM A416"),L48,0),3) | U48: =ROUND(U47+IF(AND(E48=20,F48<>"ASTM A416"),L48,0),3) | V48: =ROUND(V47+IF(AND(E48=22,F48<>"ASTM A416"),L48,0),3) | W48: =ROUND(W47+IF(AND(E48=25,F48<>"ASTM A416"),L48,0),3) | X48: =ROUND(X47+IF(AND(E48=28,F48<>"ASTM A416"),L48,0),3) | Y48: =ROUND(Y47+IF(AND(E48=32,F48<>"ASTM A416"),L48,0),3) | Z48: =ROUND(Z47+IF(F48="ASTM A416",L48,0),3) | AA48: =IF(ROUNDUP(P48/20,0)>ROUNDUP(P47/20,0),"Lần " & ROUNDUP(P48/20,0),"") | AB48: =IF(ROUNDUP(Q48/20,0)>ROUNDUP(Q47/20,0),"Lần " & ROUNDUP(Q48/20,0),"") | AC48: =IF(ROUNDUP(R48/20,0)>ROUNDUP(R47/20,0),"Lần " & ROUNDUP(R48/20,0),"") | AD48: =IF(ROUNDUP(S48/20,0)>ROUNDUP(S47/20,0),"Lần " & ROUNDUP(S48/20,0),"") | AE48: =IF(ROUNDUP(T48/20,0)>ROUNDUP(T47/20,0),"Lần " & ROUNDUP(T48/20,0),"") | AF48: =IF(ROUNDUP(U48/20,0)>ROUNDUP(U47/20,0),"Lần " & ROUNDUP(U48/20,0),"") | AG48: =IF(ROUNDUP(V48/20,0)>ROUNDUP(V47/20,0),"Lần " & ROUNDUP(V48/20,0),"") | AH48: =IF(ROUNDUP(W48/20,0)>ROUNDUP(W47/20,0),"Lần " & ROUNDUP(W48/20,0),"") | ... AK48: =IF(ROUNDUP(Z48/20,0)>ROUNDUP(Z47/20,0),"Lần " & ROUNDUP(Z48/20,0),"") | AN48: Than | AO48: 53
A49: 46 | B49: Mố M1 | C49: Mố M1 (tr.31) | D49: G4B | E49: 12 | F49: CB400-V | G49: S06 | H49: 0.388 | I49: 8 | J49: 0.888 | K49: =ROUND(H49*I49*J49, 2) | L49: =ROUND(K49/1000, 3) | M49: =IF(AO49="","",IF(INDEX(Theo_Doi_Tan_Suat_Be_Tong!$C:$C,AO49)="","",INDEX(Theo_Doi_Tan_Suat_Be_Tong!$C:$C,AO49)-VLOOKUP(AN49,$AQ$2:$AR$7,2,FALSE))) | O49: =IF(ROUNDUP(Q49/20,0)>ROUNDUP(Q48/20,0),"TN Ø12 (Lần " & ROUNDUP(Q49/20,0) & ")","") | P49: =ROUND(P48+IF(AND(E49<=10,F49<>"ASTM A416"),L49,0),3) | Q49: =ROUND(Q48+IF(AND(E49=12,F49<>"ASTM A416"),L49,0),3) | R49: =ROUND(R48+IF(AND(E49=14,F49<>"ASTM A416"),L49,0),3) | S49: =ROUND(S48+IF(AND(E49=16,F49<>"ASTM A416"),L49,0),3) | T49: =ROUND(T48+IF(AND(E49=18,F49<>"ASTM A416"),L49,0),3) | U49: =ROUND(U48+IF(AND(E49=20,F49<>"ASTM A416"),L49,0),3) | V49: =ROUND(V48+IF(AND(E49=22,F49<>"ASTM A416"),L49,0),3) | W49: =ROUND(W48+IF(AND(E49=25,F49<>"ASTM A416"),L49,0),3) | X49: =ROUND(X48+IF(AND(E49=28,F49<>"ASTM A416"),L49,0),3) | Y49: =ROUND(Y48+IF(AND(E49=32,F49<>"ASTM A416"),L49,0),3) | Z49: =ROUND(Z48+IF(F49="ASTM A416",L49,0),3) | AA49: =IF(ROUNDUP(P49/20,0)>ROUNDUP(P48/20,0),"Lần " & ROUNDUP(P49/20,0),"") | AB49: =IF(ROUNDUP(Q49/20,0)>ROUNDUP(Q48/20,0),"Lần " & ROUNDUP(Q49/20,0),"") | AC49: =IF(ROUNDUP(R49/20,0)>ROUNDUP(R48/20,0),"Lần " & ROUNDUP(R49/20,0),"") | AD49: =IF(ROUNDUP(S49/20,0)>ROUNDUP(S48/20,0),"Lần " & ROUNDUP(S49/20,0),"") | AE49: =IF(ROUNDUP(T49/20,0)>ROUNDUP(T48/20,0),"Lần " & ROUNDUP(T49/20,0),"") | AF49: =IF(ROUNDUP(U49/20,0)>ROUNDUP(U48/20,0),"Lần " & ROUNDUP(U49/20,0),"") | AG49: =IF(ROUNDUP(V49/20,0)>ROUNDUP(V48/20,0),"Lần " & ROUNDUP(V49/20,0),"") | AH49: =IF(ROUNDUP(W49/20,0)>ROUNDUP(W48/20,0),"Lần " & ROUNDUP(W49/20,0),"") | ... AK49: =IF(ROUNDUP(Z49/20,0)>ROUNDUP(Z48/20,0),"Lần " & ROUNDUP(Z49/20,0),"") | AN49: Than | AO49: 53
A50: 47 | B50: Mố M1 | C50: Mố M1 (tr.31) | D50: G4C | E50: 12 | F50: CB400-V | G50: S06 | H50: 0.634 | I50: 8 | J50: 0.888 | K50: =ROUND(H50*I50*J50, 2) | L50: =ROUND(K50/1000, 3) | M50: =IF(AO50="","",IF(INDEX(Theo_Doi_Tan_Suat_Be_Tong!$C:$C,AO50)="","",INDEX(Theo_Doi_Tan_Suat_Be_Tong!$C:$C,AO50)-VLOOKUP(AN50,$AQ$2:$AR$7,2,FALSE))) | O50: =IF(ROUNDUP(Q50/20,0)>ROUNDUP(Q49/20,0),"TN Ø12 (Lần " & ROUNDUP(Q50/20,0) & ")","") | P50: =ROUND(P49+IF(AND(E50<=10,F50<>"ASTM A416"),L50,0),3) | Q50: =ROUND(Q49+IF(AND(E50=12,F50<>"ASTM A416"),L50,0),3) | R50: =ROUND(R49+IF(AND(E50=14,F50<>"ASTM A416"),L50,0),3) | S50: =ROUND(S49+IF(AND(E50=16,F50<>"ASTM A416"),L50,0),3) | T50: =ROUND(T49+IF(AND(E50=18,F50<>"ASTM A416"),L50,0),3) | U50: =ROUND(U49+IF(AND(E50=20,F50<>"ASTM A416"),L50,0),3) | V50: =ROUND(V49+IF(AND(E50=22,F50<>"ASTM A416"),L50,0),3) | W50: =ROUND(W49+IF(AND(E50=25,F50<>"ASTM A416"),L50,0),3) | X50: =ROUND(X49+IF(AND(E50=28,F50<>"ASTM A416"),L50,0),3) | Y50: =ROUND(Y49+IF(AND(E50=32,F50<>"ASTM A416"),L50,0),3) | Z50: =ROUND(Z49+IF(F50="ASTM A416",L50,0),3) | AA50: =IF(ROUNDUP(P50/20,0)>ROUNDUP(P49/20,0),"Lần " & ROUNDUP(P50/20,0),"") | AB50: =IF(ROUNDUP(Q50/20,0)>ROUNDUP(Q49/20,0),"Lần " & ROUNDUP(Q50/20,0),"") | AC50: =IF(ROUNDUP(R50/20,0)>ROUNDUP(R49/20,0),"Lần " & ROUNDUP(R50/20,0),"") | AD50: =IF(ROUNDUP(S50/20,0)>ROUNDUP(S49/20,0),"Lần " & ROUNDUP(S50/20,0),"") | AE50: =IF(ROUNDUP(T50/20,0)>ROUNDUP(T49/20,0),"Lần " & ROUNDUP(T50/20,0),"") | AF50: =IF(ROUNDUP(U50/20,0)>ROUNDUP(U49/20,0),"Lần " & ROUNDUP(U50/20,0),"") | AG50: =IF(ROUNDUP(V50/20,0)>ROUNDUP(V49/20,0),"Lần " & ROUNDUP(V50/20,0),"") | AH50: =IF(ROUNDUP(W50/20,0)>ROUNDUP(W49/20,0),"Lần " & ROUNDUP(W50/20,0),"") | ... AK50: =IF(ROUNDUP(Z50/20,0)>ROUNDUP(Z49/20,0),"Lần " & ROUNDUP(Z50/20,0),"") | AN50: Than | AO50: 53
A51: 48 | B51: Mố M1 | C51: Mố M1 (tr.31) | D51: G5 | E51: 14 | F51: CB400-V | H51: 0.4 | I51: 18 | J51: 1.208 | K51: =ROUND(H51*I51*J51, 2) | L51: =ROUND(K51/1000, 3) | M51: =IF(AO51="","",IF(INDEX(Theo_Doi_Tan_Suat_Be_Tong!$C:$C,AO51)="","",INDEX(Theo_Doi_Tan_Suat_Be_Tong!$C:$C,AO51)-VLOOKUP(AN51,$AQ$2:$AR$7,2,FALSE))) | O51: =IF(ROUNDUP(R51/20,0)>ROUNDUP(R50/20,0),"TN Ø14 (Lần " & ROUNDUP(R51/20,0) & ")","") | P51: =ROUND(P50+IF(AND(E51<=10,F51<>"ASTM A416"),L51,0),3) | Q51: =ROUND(Q50+IF(AND(E51=12,F51<>"ASTM A416"),L51,0),3) | R51: =ROUND(R50+IF(AND(E51=14,F51<>"ASTM A416"),L51,0),3) | S51: =ROUND(S50+IF(AND(E51=16,F51<>"ASTM A416"),L51,0),3) | T51: =ROUND(T50+IF(AND(E51=18,F51<>"ASTM A416"),L51,0),3) | U51: =ROUND(U50+IF(AND(E51=20,F51<>"ASTM A416"),L51,0),3) | V51: =ROUND(V50+IF(AND(E51=22,F51<>"ASTM A416"),L51,0),3) | W51: =ROUND(W50+IF(AND(E51=25,F51<>"ASTM A416"),L51,0),3) | X51: =ROUND(X50+IF(AND(E51=28,F51<>"ASTM A416"),L51,0),3) | Y51: =ROUND(Y50+IF(AND(E51=32,F51<>"ASTM A416"),L51,0),3) | Z51: =ROUND(Z50+IF(F51="ASTM A416",L51,0),3) | AA51: =IF(ROUNDUP(P51/20,0)>ROUNDUP(P50/20,0),"Lần " & ROUNDUP(P51/20,0),"") | AB51: =IF(ROUNDUP(Q51/20,0)>ROUNDUP(Q50/20,0),"Lần " & ROUNDUP(Q51/20,0),"") | AC51: =IF(ROUNDUP(R51/20,0)>ROUNDUP(R50/20,0),"Lần " & ROUNDUP(R51/20,0),"") | AD51: =IF(ROUNDUP(S51/20,0)>ROUNDUP(S50/20,0),"Lần " & ROUNDUP(S51/20,0),"") | AE51: =IF(ROUNDUP(T51/20,0)>ROUNDUP(T50/20,0),"Lần " & ROUNDUP(T51/20,0),"") | AF51: =IF(ROUNDUP(U51/20,0)>ROUNDUP(U50/20,0),"Lần " & ROUNDUP(U51/20,0),"") | AG51: =IF(ROUNDUP(V51/20,0)>ROUNDUP(V50/20,0),"Lần " & ROUNDUP(V51/20,0),"") | AH51: =IF(ROUNDUP(W51/20,0)>ROUNDUP(W50/20,0),"Lần " & ROUNDUP(W51/20,0),"") | ... AK51: =IF(ROUNDUP(Z51/20,0)>ROUNDUP(Z50/20,0),"Lần " & ROUNDUP(Z51/20,0),"") | AN51: Than | AO51: 53
A52: 49 | B52: Mố M1 | C52: Mố M1 (tr.31) | D52: G5A | E52: 14 | F52: CB400-V | H52: 5.38 | I52: 22 | J52: 1.208 | K52: =ROUND(H52*I52*J52, 2) | L52: =ROUND(K52/1000, 3) | M52: =IF(AO52="","",IF(INDEX(Theo_Doi_Tan_Suat_Be_Tong!$C:$C,AO52)="","",INDEX(Theo_Doi_Tan_Suat_Be_Tong!$C:$C,AO52)-VLOOKUP(AN52,$AQ$2:$AR$7,2,FALSE))) | O52: =IF(ROUNDUP(R52/20,0)>ROUNDUP(R51/20,0),"TN Ø14 (Lần " & ROUNDUP(R52/20,0) & ")","") | P52: =ROUND(P51+IF(AND(E52<=10,F52<>"ASTM A416"),L52,0),3) | Q52: =ROUND(Q51+IF(AND(E52=12,F52<>"ASTM A416"),L52,0),3) | R52: =ROUND(R51+IF(AND(E52=14,F52<>"ASTM A416"),L52,0),3) | S52: =ROUND(S51+IF(AND(E52=16,F52<>"ASTM A416"),L52,0),3) | T52: =ROUND(T51+IF(AND(E52=18,F52<>"ASTM A416"),L52,0),3) | U52: =ROUND(U51+IF(AND(E52=20,F52<>"ASTM A416"),L52,0),3) | V52: =ROUND(V51+IF(AND(E52=22,F52<>"ASTM A416"),L52,0),3) | W52: =ROUND(W51+IF(AND(E52=25,F52<>"ASTM A416"),L52,0),3) | X52: =ROUND(X51+IF(AND(E52=28,F52<>"ASTM A416"),L52,0),3) | Y52: =ROUND(Y51+IF(AND(E52=32,F52<>"ASTM A416"),L52,0),3) | Z52: =ROUND(Z51+IF(F52="ASTM A416",L52,0),3) | AA52: =IF(ROUNDUP(P52/20,0)>ROUNDUP(P51/20,0),"Lần " & ROUNDUP(P52/20,0),"") | AB52: =IF(ROUNDUP(Q52/20,0)>ROUNDUP(Q51/20,0),"Lần " & ROUNDUP(Q52/20,0),"") | AC52: =IF(ROUNDUP(R52/20,0)>ROUNDUP(R51/20,0),"Lần " & ROUNDUP(R52/20,0),"") | AD52: =IF(ROUNDUP(S52/20,0)>ROUNDUP(S51/20,0),"Lần " & ROUNDUP(S52/20,0),"") | AE52: =IF(ROUNDUP(T52/20,0)>ROUNDUP(T51/20,0),"Lần " & ROUNDUP(T52/20,0),"") | AF52: =IF(ROUNDUP(U52/20,0)>ROUNDUP(U51/20,0),"Lần " & ROUNDUP(U52/20,0),"") | AG52: =IF(ROUNDUP(V52/20,0)>ROUNDUP(V51/20,0),"Lần " & ROUNDUP(V52/20,0),"") | AH52: =IF(ROUNDUP(W52/20,0)>ROUNDUP(W51/20,0),"Lần " & ROUNDUP(W52/20,0),"") | ... AK52: =IF(ROUNDUP(Z52/20,0)>ROUNDUP(Z51/20,0),"Lần " & ROUNDUP(Z52/20,0),"") | AN52: Than | AO52: 53
A53: 50 | B53: Mố M1 | C53: Mố M1 (tr.31) | D53: G6 | E53: 20 | F53: CB400-V | H53: 3.095 | I53: 39 | J53: 2.466 | K53: =ROUND(H53*I53*J53, 2) | L53: =ROUND(K53/1000, 3) | M53: =IF(AO53="","",IF(INDEX(Theo_Doi_Tan_Suat_Be_Tong!$C:$C,AO53)="","",INDEX(Theo_Doi_Tan_Suat_Be_Tong!$C:$C,AO53)-VLOOKUP(AN53,$AQ$2:$AR$7,2,FALSE))) | O53: =IF(ROUNDUP(U53/20,0)>ROUNDUP(U52/20,0),"TN Ø20 (Lần " & ROUNDUP(U53/20,0) & ")","") | P53: =ROUND(P52+IF(AND(E53<=10,F53<>"ASTM A416"),L53,0),3) | Q53: =ROUND(Q52+IF(AND(E53=12,F53<>"ASTM A416"),L53,0),3) | R53: =ROUND(R52+IF(AND(E53=14,F53<>"ASTM A416"),L53,0),3) | S53: =ROUND(S52+IF(AND(E53=16,F53<>"ASTM A416"),L53,0),3) | T53: =ROUND(T52+IF(AND(E53=18,F53<>"ASTM A416"),L53,0),3) | U53: =ROUND(U52+IF(AND(E53=20,F53<>"ASTM A416"),L53,0),3) | V53: =ROUND(V52+IF(AND(E53=22,F53<>"ASTM A416"),L53,0),3) | W53: =ROUND(W52+IF(AND(E53=25,F53<>"ASTM A416"),L53,0),3) | X53: =ROUND(X52+IF(AND(E53=28,F53<>"ASTM A416"),L53,0),3) | Y53: =ROUND(Y52+IF(AND(E53=32,F53<>"ASTM A416"),L53,0),3) | Z53: =ROUND(Z52+IF(F53="ASTM A416",L53,0),3) | AA53: =IF(ROUNDUP(P53/20,0)>ROUNDUP(P52/20,0),"Lần " & ROUNDUP(P53/20,0),"") | AB53: =IF(ROUNDUP(Q53/20,0)>ROUNDUP(Q52/20,0),"Lần " & ROUNDUP(Q53/20,0),"") | AC53: =IF(ROUNDUP(R53/20,0)>ROUNDUP(R52/20,0),"Lần " & ROUNDUP(R53/20,0),"") | AD53: =IF(ROUNDUP(S53/20,0)>ROUNDUP(S52/20,0),"Lần " & ROUNDUP(S53/20,0),"") | AE53: =IF(ROUNDUP(T53/20,0)>ROUNDUP(T52/20,0),"Lần " & ROUNDUP(T53/20,0),"") | AF53: =IF(ROUNDUP(U53/20,0)>ROUNDUP(U52/20,0),"Lần " & ROUNDUP(U53/20,0),"") | AG53: =IF(ROUNDUP(V53/20,0)>ROUNDUP(V52/20,0),"Lần " & ROUNDUP(V53/20,0),"") | AH53: =IF(ROUNDUP(W53/20,0)>ROUNDUP(W52/20,0),"Lần " & ROUNDUP(W53/20,0),"") | ... AK53: =IF(ROUNDUP(Z53/20,0)>ROUNDUP(Z52/20,0),"Lần " & ROUNDUP(Z53/20,0),"") | AN53: Than | AO53: 53
A54: 51 | B54: Mố M1 | C54: Mố M1 (tr.31) | D54: G7 | E54: 14 | F54: CB400-V | G54: S29 | H54: 1.536 | I54: 39 | J54: 1.208 | K54: =ROUND(H54*I54*J54, 2) | L54: =ROUND(K54/1000, 3) | M54: =IF(AO54="","",IF(INDEX(Theo_Doi_Tan_Suat_Be_Tong!$C:$C,AO54)="","",INDEX(Theo_Doi_Tan_Suat_Be_Tong!$C:$C,AO54)-VLOOKUP(AN54,$AQ$2:$AR$7,2,FALSE))) | O54: =IF(ROUNDUP(R54/20,0)>ROUNDUP(R53/20,0),"TN Ø14 (Lần " & ROUNDUP(R54/20,0) & ")","") | P54: =ROUND(P53+IF(AND(E54<=10,F54<>"ASTM A416"),L54,0),3) | Q54: =ROUND(Q53+IF(AND(E54=12,F54<>"ASTM A416"),L54,0),3) | R54: =ROUND(R53+IF(AND(E54=14,F54<>"ASTM A416"),L54,0),3) | S54: =ROUND(S53+IF(AND(E54=16,F54<>"ASTM A416"),L54,0),3) | T54: =ROUND(T53+IF(AND(E54=18,F54<>"ASTM A416"),L54,0),3) | U54: =ROUND(U53+IF(AND(E54=20,F54<>"ASTM A416"),L54,0),3) | V54: =ROUND(V53+IF(AND(E54=22,F54<>"ASTM A416"),L54,0),3) | W54: =ROUND(W53+IF(AND(E54=25,F54<>"ASTM A416"),L54,0),3) | X54: =ROUND(X53+IF(AND(E54=28,F54<>"ASTM A416"),L54,0),3) | Y54: =ROUND(Y53+IF(AND(E54=32,F54<>"ASTM A416"),L54,0),3) | Z54: =ROUND(Z53+IF(F54="ASTM A416",L54,0),3) | AA54: =IF(ROUNDUP(P54/20,0)>ROUNDUP(P53/20,0),"Lần " & ROUNDUP(P54/20,0),"") | AB54: =IF(ROUNDUP(Q54/20,0)>ROUNDUP(Q53/20,0),"Lần " & ROUNDUP(Q54/20,0),"") | AC54: =IF(ROUNDUP(R54/20,0)>ROUNDUP(R53/20,0),"Lần " & ROUNDUP(R54/20,0),"") | AD54: =IF(ROUNDUP(S54/20,0)>ROUNDUP(S53/20,0),"Lần " & ROUNDUP(S54/20,0),"") | AE54: =IF(ROUNDUP(T54/20,0)>ROUNDUP(T53/20,0),"Lần " & ROUNDUP(T54/20,0),"") | AF54: =IF(ROUNDUP(U54/20,0)>ROUNDUP(U53/20,0),"Lần " & ROUNDUP(U54/20,0),"") | AG54: =IF(ROUNDUP(V54/20,0)>ROUNDUP(V53/20,0),"Lần " & ROUNDUP(V54/20,0),"") | AH54: =IF(ROUNDUP(W54/20,0)>ROUNDUP(W53/20,0),"Lần " & ROUNDUP(W54/20,0),"") | ... AK54: =IF(ROUNDUP(Z54/20,0)>ROUNDUP(Z53/20,0),"Lần " & ROUNDUP(Z54/20,0),"") | AN54: Than | AO54: 53
A55: 52 | B55: Mố M1 | C55: Mố M1 (tr.31) | D55: G7A | E55: 20 | F55: CB400-V | G55: S05 | H55: 1.182 | I55: 39 | J55: 2.466 | K55: =ROUND(H55*I55*J55, 2) | L55: =ROUND(K55/1000, 3) | M55: =IF(AO55="","",IF(INDEX(Theo_Doi_Tan_Suat_Be_Tong!$C:$C,AO55)="","",INDEX(Theo_Doi_Tan_Suat_Be_Tong!$C:$C,AO55)-VLOOKUP(AN55,$AQ$2:$AR$7,2,FALSE))) | O55: =IF(ROUNDUP(U55/20,0)>ROUNDUP(U54/20,0),"TN Ø20 (Lần " & ROUNDUP(U55/20,0) & ")","") | P55: =ROUND(P54+IF(AND(E55<=10,F55<>"ASTM A416"),L55,0),3) | Q55: =ROUND(Q54+IF(AND(E55=12,F55<>"ASTM A416"),L55,0),3) | R55: =ROUND(R54+IF(AND(E55=14,F55<>"ASTM A416"),L55,0),3) | S55: =ROUND(S54+IF(AND(E55=16,F55<>"ASTM A416"),L55,0),3) | T55: =ROUND(T54+IF(AND(E55=18,F55<>"ASTM A416"),L55,0),3) | U55: =ROUND(U54+IF(AND(E55=20,F55<>"ASTM A416"),L55,0),3) | V55: =ROUND(V54+IF(AND(E55=22,F55<>"ASTM A416"),L55,0),3) | W55: =ROUND(W54+IF(AND(E55=25,F55<>"ASTM A416"),L55,0),3) | X55: =ROUND(X54+IF(AND(E55=28,F55<>"ASTM A416"),L55,0),3) | Y55: =ROUND(Y54+IF(AND(E55=32,F55<>"ASTM A416"),L55,0),3) | Z55: =ROUND(Z54+IF(F55="ASTM A416",L55,0),3) | AA55: =IF(ROUNDUP(P55/20,0)>ROUNDUP(P54/20,0),"Lần " & ROUNDUP(P55/20,0),"") | AB55: =IF(ROUNDUP(Q55/20,0)>ROUNDUP(Q54/20,0),"Lần " & ROUNDUP(Q55/20,0),"") | AC55: =IF(ROUNDUP(R55/20,0)>ROUNDUP(R54/20,0),"Lần " & ROUNDUP(R55/20,0),"") | AD55: =IF(ROUNDUP(S55/20,0)>ROUNDUP(S54/20,0),"Lần " & ROUNDUP(S55/20,0),"") | AE55: =IF(ROUNDUP(T55/20,0)>ROUNDUP(T54/20,0),"Lần " & ROUNDUP(T55/20,0),"") | AF55: =IF(ROUNDUP(U55/20,0)>ROUNDUP(U54/20,0),"Lần " & ROUNDUP(U55/20,0),"") | AG55: =IF(ROUNDUP(V55/20,0)>ROUNDUP(V54/20,0),"Lần " & ROUNDUP(V55/20,0),"") | AH55: =IF(ROUNDUP(W55/20,0)>ROUNDUP(W54/20,0),"Lần " & ROUNDUP(W55/20,0),"") | ... AK55: =IF(ROUNDUP(Z55/20,0)>ROUNDUP(Z54/20,0),"Lần " & ROUNDUP(Z55/20,0),"") | AN55: Than | AO55: 53
A56: 53 | B56: Mố M1 | C56: Mố M1 (tr.31) | D56: G8A | E56: 12 | F56: CB400-V | G56: S06 | H56: 0.26 | I56: 14 | J56: 0.888 | K56: =ROUND(H56*I56*J56, 2) | L56: =ROUND(K56/1000, 3) | M56: =IF(AO56="","",IF(INDEX(Theo_Doi_Tan_Suat_Be_Tong!$C:$C,AO56)="","",INDEX(Theo_Doi_Tan_Suat_Be_Tong!$C:$C,AO56)-VLOOKUP(AN56,$AQ$2:$AR$7,2,FALSE))) | O56: =IF(ROUNDUP(Q56/20,0)>ROUNDUP(Q55/20,0),"TN Ø12 (Lần " & ROUNDUP(Q56/20,0) & ")","") | P56: =ROUND(P55+IF(AND(E56<=10,F56<>"ASTM A416"),L56,0),3) | Q56: =ROUND(Q55+IF(AND(E56=12,F56<>"ASTM A416"),L56,0),3) | R56: =ROUND(R55+IF(AND(E56=14,F56<>"ASTM A416"),L56,0),3) | S56: =ROUND(S55+IF(AND(E56=16,F56<>"ASTM A416"),L56,0),3) | T56: =ROUND(T55+IF(AND(E56=18,F56<>"ASTM A416"),L56,0),3) | U56: =ROUND(U55+IF(AND(E56=20,F56<>"ASTM A416"),L56,0),3) | V56: =ROUND(V55+IF(AND(E56=22,F56<>"ASTM A416"),L56,0),3) | W56: =ROUND(W55+IF(AND(E56=25,F56<>"ASTM A416"),L56,0),3) | X56: =ROUND(X55+IF(AND(E56=28,F56<>"ASTM A416"),L56,0),3) | Y56: =ROUND(Y55+IF(AND(E56=32,F56<>"ASTM A416"),L56,0),3) | Z56: =ROUND(Z55+IF(F56="ASTM A416",L56,0),3) | AA56: =IF(ROUNDUP(P56/20,0)>ROUNDUP(P55/20,0),"Lần " & ROUNDUP(P56/20,0),"") | AB56: =IF(ROUNDUP(Q56/20,0)>ROUNDUP(Q55/20,0),"Lần " & ROUNDUP(Q56/20,0),"") | AC56: =IF(ROUNDUP(R56/20,0)>ROUNDUP(R55/20,0),"Lần " & ROUNDUP(R56/20,0),"") | AD56: =IF(ROUNDUP(S56/20,0)>ROUNDUP(S55/20,0),"Lần " & ROUNDUP(S56/20,0),"") | AE56: =IF(ROUNDUP(T56/20,0)>ROUNDUP(T55/20,0),"Lần " & ROUNDUP(T56/20,0),"") | AF56: =IF(ROUNDUP(U56/20,0)>ROUNDUP(U55/20,0),"Lần " & ROUNDUP(U56/20,0),"") | AG56: =IF(ROUNDUP(V56/20,0)>ROUNDUP(V55/20,0),"Lần " & ROUNDUP(V56/20,0),"") | AH56: =IF(ROUNDUP(W56/20,0)>ROUNDUP(W55/20,0),"Lần " & ROUNDUP(W56/20,0),"") | ... AK56: =IF(ROUNDUP(Z56/20,0)>ROUNDUP(Z55/20,0),"Lần " & ROUNDUP(Z56/20,0),"") | AN56: Than | AO56: 53
A57: 54 | B57: Mố M1 | C57: Mố M1 (tr.31) | D57: G8B | E57: 12 | F57: CB400-V | G57: S06 | H57: 0.306 | I57: 14 | J57: 0.888 | K57: =ROUND(H57*I57*J57, 2) | L57: =ROUND(K57/1000, 3) | M57: =IF(AO57="","",IF(INDEX(Theo_Doi_Tan_Suat_Be_Tong!$C:$C,AO57)="","",INDEX(Theo_Doi_Tan_Suat_Be_Tong!$C:$C,AO57)-VLOOKUP(AN57,$AQ$2:$AR$7,2,FALSE))) | O57: =IF(ROUNDUP(Q57/20,0)>ROUNDUP(Q56/20,0),"TN Ø12 (Lần " & ROUNDUP(Q57/20,0) & ")","") | P57: =ROUND(P56+IF(AND(E57<=10,F57<>"ASTM A416"),L57,0),3) | Q57: =ROUND(Q56+IF(AND(E57=12,F57<>"ASTM A416"),L57,0),3) | R57: =ROUND(R56+IF(AND(E57=14,F57<>"ASTM A416"),L57,0),3) | S57: =ROUND(S56+IF(AND(E57=16,F57<>"ASTM A416"),L57,0),3) | T57: =ROUND(T56+IF(AND(E57=18,F57<>"ASTM A416"),L57,0),3) | U57: =ROUND(U56+IF(AND(E57=20,F57<>"ASTM A416"),L57,0),3) | V57: =ROUND(V56+IF(AND(E57=22,F57<>"ASTM A416"),L57,0),3) | W57: =ROUND(W56+IF(AND(E57=25,F57<>"ASTM A416"),L57,0),3) | X57: =ROUND(X56+IF(AND(E57=28,F57<>"ASTM A416"),L57,0),3) | Y57: =ROUND(Y56+IF(AND(E57=32,F57<>"ASTM A416"),L57,0),3) | Z57: =ROUND(Z56+IF(F57="ASTM A416",L57,0),3) | AA57: =IF(ROUNDUP(P57/20,0)>ROUNDUP(P56/20,0),"Lần " & ROUNDUP(P57/20,0),"") | AB57: =IF(ROUNDUP(Q57/20,0)>ROUNDUP(Q56/20,0),"Lần " & ROUNDUP(Q57/20,0),"") | AC57: =IF(ROUNDUP(R57/20,0)>ROUNDUP(R56/20,0),"Lần " & ROUNDUP(R57/20,0),"") | AD57: =IF(ROUNDUP(S57/20,0)>ROUNDUP(S56/20,0),"Lần " & ROUNDUP(S57/20,0),"") | AE57: =IF(ROUNDUP(T57/20,0)>ROUNDUP(T56/20,0),"Lần " & ROUNDUP(T57/20,0),"") | AF57: =IF(ROUNDUP(U57/20,0)>ROUNDUP(U56/20,0),"Lần " & ROUNDUP(U57/20,0),"") | AG57: =IF(ROUNDUP(V57/20,0)>ROUNDUP(V56/20,0),"Lần " & ROUNDUP(V57/20,0),"") | AH57: =IF(ROUNDUP(W57/20,0)>ROUNDUP(W56/20,0),"Lần " & ROUNDUP(W57/20,0),"") | ... AK57: =IF(ROUNDUP(Z57/20,0)>ROUNDUP(Z56/20,0),"Lần " & ROUNDUP(Z57/20,0),"") | AN57: Than | AO57: 53
A58: 55 | B58: Mố M1 | C58: Mố M1 (tr.31) | D58: G8C | E58: 12 | F58: CB400-V | G58: S06 | H58: 0.417 | I58: 14 | J58: 0.888 | K58: =ROUND(H58*I58*J58, 2) | L58: =ROUND(K58/1000, 3) | M58: =IF(AO58="","",IF(INDEX(Theo_Doi_Tan_Suat_Be_Tong!$C:$C,AO58)="","",INDEX(Theo_Doi_Tan_Suat_Be_Tong!$C:$C,AO58)-VLOOKUP(AN58,$AQ$2:$AR$7,2,FALSE))) | O58: =IF(ROUNDUP(Q58/20,0)>ROUNDUP(Q57/20,0),"TN Ø12 (Lần " & ROUNDUP(Q58/20,0) & ")","") | P58: =ROUND(P57+IF(AND(E58<=10,F58<>"ASTM A416"),L58,0),3) | Q58: =ROUND(Q57+IF(AND(E58=12,F58<>"ASTM A416"),L58,0),3) | R58: =ROUND(R57+IF(AND(E58=14,F58<>"ASTM A416"),L58,0),3) | S58: =ROUND(S57+IF(AND(E58=16,F58<>"ASTM A416"),L58,0),3) | T58: =ROUND(T57+IF(AND(E58=18,F58<>"ASTM A416"),L58,0),3) | U58: =ROUND(U57+IF(AND(E58=20,F58<>"ASTM A416"),L58,0),3) | V58: =ROUND(V57+IF(AND(E58=22,F58<>"ASTM A416"),L58,0),3) | W58: =ROUND(W57+IF(AND(E58=25,F58<>"ASTM A416"),L58,0),3) | X58: =ROUND(X57+IF(AND(E58=28,F58<>"ASTM A416"),L58,0),3) | Y58: =ROUND(Y57+IF(AND(E58=32,F58<>"ASTM A416"),L58,0),3) | Z58: =ROUND(Z57+IF(F58="ASTM A416",L58,0),3) | AA58: =IF(ROUNDUP(P58/20,0)>ROUNDUP(P57/20,0),"Lần " & ROUNDUP(P58/20,0),"") | AB58: =IF(ROUNDUP(Q58/20,0)>ROUNDUP(Q57/20,0),"Lần " & ROUNDUP(Q58/20,0),"") | AC58: =IF(ROUNDUP(R58/20,0)>ROUNDUP(R57/20,0),"Lần " & ROUNDUP(R58/20,0),"") | AD58: =IF(ROUNDUP(S58/20,0)>ROUNDUP(S57/20,0),"Lần " & ROUNDUP(S58/20,0),"") | AE58: =IF(ROUNDUP(T58/20,0)>ROUNDUP(T57/20,0),"Lần " & ROUNDUP(T58/20,0),"") | AF58: =IF(ROUNDUP(U58/20,0)>ROUNDUP(U57/20,0),"Lần " & ROUNDUP(U58/20,0),"") | AG58: =IF(ROUNDUP(V58/20,0)>ROUNDUP(V57/20,0),"Lần " & ROUNDUP(V58/20,0),"") | AH58: =IF(ROUNDUP(W58/20,0)>ROUNDUP(W57/20,0),"Lần " & ROUNDUP(W58/20,0),"") | ... AK58: =IF(ROUNDUP(Z58/20,0)>ROUNDUP(Z57/20,0),"Lần " & ROUNDUP(Z58/20,0),"") | AN58: Than | AO58: 53
A59: 56 | B59: Mố M1 | C59: Mố M1 (tr.31) | D59: G9 | E59: 16 | F59: CB400-V | H59: 0.625 | I59: 70 | J59: 1.578 | K59: =ROUND(H59*I59*J59, 2) | L59: =ROUND(K59/1000, 3) | M59: =IF(AO59="","",IF(INDEX(Theo_Doi_Tan_Suat_Be_Tong!$C:$C,AO59)="","",INDEX(Theo_Doi_Tan_Suat_Be_Tong!$C:$C,AO59)-VLOOKUP(AN59,$AQ$2:$AR$7,2,FALSE))) | O59: =IF(ROUNDUP(S59/20,0)>ROUNDUP(S58/20,0),"TN Ø16 (Lần " & ROUNDUP(S59/20,0) & ")","") | P59: =ROUND(P58+IF(AND(E59<=10,F59<>"ASTM A416"),L59,0),3) | Q59: =ROUND(Q58+IF(AND(E59=12,F59<>"ASTM A416"),L59,0),3) | R59: =ROUND(R58+IF(AND(E59=14,F59<>"ASTM A416"),L59,0),3) | S59: =ROUND(S58+IF(AND(E59=16,F59<>"ASTM A416"),L59,0),3) | T59: =ROUND(T58+IF(AND(E59=18,F59<>"ASTM A416"),L59,0),3) | U59: =ROUND(U58+IF(AND(E59=20,F59<>"ASTM A416"),L59,0),3) | V59: =ROUND(V58+IF(AND(E59=22,F59<>"ASTM A416"),L59,0),3) | W59: =ROUND(W58+IF(AND(E59=25,F59<>"ASTM A416"),L59,0),3) | X59: =ROUND(X58+IF(AND(E59=28,F59<>"ASTM A416"),L59,0),3) | Y59: =ROUND(Y58+IF(AND(E59=32,F59<>"ASTM A416"),L59,0),3) | Z59: =ROUND(Z58+IF(F59="ASTM A416",L59,0),3) | AA59: =IF(ROUNDUP(P59/20,0)>ROUNDUP(P58/20,0),"Lần " & ROUNDUP(P59/20,0),"") | AB59: =IF(ROUNDUP(Q59/20,0)>ROUNDUP(Q58/20,0),"Lần " & ROUNDUP(Q59/20,0),"") | AC59: =IF(ROUNDUP(R59/20,0)>ROUNDUP(R58/20,0),"Lần " & ROUNDUP(R59/20,0),"") | AD59: =IF(ROUNDUP(S59/20,0)>ROUNDUP(S58/20,0),"Lần " & ROUNDUP(S59/20,0),"") | AE59: =IF(ROUNDUP(T59/20,0)>ROUNDUP(T58/20,0),"Lần " & ROUNDUP(T59/20,0),"") | AF59: =IF(ROUNDUP(U59/20,0)>ROUNDUP(U58/20,0),"Lần " & ROUNDUP(U59/20,0),"") | AG59: =IF(ROUNDUP(V59/20,0)>ROUNDUP(V58/20,0),"Lần " & ROUNDUP(V59/20,0),"") | AH59: =IF(ROUNDUP(W59/20,0)>ROUNDUP(W58/20,0),"Lần " & ROUNDUP(W59/20,0),"") | ... AK59: =IF(ROUNDUP(Z59/20,0)>ROUNDUP(Z58/20,0),"Lần " & ROUNDUP(Z59/20,0),"") | AN59: Than | AO59: 53
A60: --- MỐ M2 ---
A61: 57 | B61: Mố M2 | C61: Mố M2 (tr.40) | D61: G1 | E61: 14 | F61: CB400-V | G61: S01 | H61: 5.9 | I61: 19 | J61: 1.208 | K61: =ROUND(H61*I61*J61, 2) | L61: =ROUND(K61/1000, 3) | M61: =IF(AO61="","",IF(INDEX(Theo_Doi_Tan_Suat_Be_Tong!$C:$C,AO61)="","",INDEX(Theo_Doi_Tan_Suat_Be_Tong!$C:$C,AO61)-VLOOKUP(AN61,$AQ$2:$AR$7,2,FALSE))) | O61: =IF(ROUNDUP(R61/20,0)>ROUNDUP(R59/20,0),"TN Ø14 (Lần " & ROUNDUP(R61/20,0) & ")","") | P61: =ROUND(P59+IF(AND(E61<=10,F61<>"ASTM A416"),L61,0),3) | Q61: =ROUND(Q59+IF(AND(E61=12,F61<>"ASTM A416"),L61,0),3) | R61: =ROUND(R59+IF(AND(E61=14,F61<>"ASTM A416"),L61,0),3) | S61: =ROUND(S59+IF(AND(E61=16,F61<>"ASTM A416"),L61,0),3) | T61: =ROUND(T59+IF(AND(E61=18,F61<>"ASTM A416"),L61,0),3) | U61: =ROUND(U59+IF(AND(E61=20,F61<>"ASTM A416"),L61,0),3) | V61: =ROUND(V59+IF(AND(E61=22,F61<>"ASTM A416"),L61,0),3) | W61: =ROUND(W59+IF(AND(E61=25,F61<>"ASTM A416"),L61,0),3) | X61: =ROUND(X59+IF(AND(E61=28,F61<>"ASTM A416"),L61,0),3) | Y61: =ROUND(Y59+IF(AND(E61=32,F61<>"ASTM A416"),L61,0),3) | Z61: =ROUND(Z59+IF(F61="ASTM A416",L61,0),3) | AA61: =IF(ROUNDUP(P61/20,0)>ROUNDUP(P59/20,0),"Lần " & ROUNDUP(P61/20,0),"") | AB61: =IF(ROUNDUP(Q61/20,0)>ROUNDUP(Q59/20,0),"Lần " & ROUNDUP(Q61/20,0),"") | AC61: =IF(ROUNDUP(R61/20,0)>ROUNDUP(R59/20,0),"Lần " & ROUNDUP(R61/20,0),"") | AD61: =IF(ROUNDUP(S61/20,0)>ROUNDUP(S59/20,0),"Lần " & ROUNDUP(S61/20,0),"") | AE61: =IF(ROUNDUP(T61/20,0)>ROUNDUP(T59/20,0),"Lần " & ROUNDUP(T61/20,0),"") | AF61: =IF(ROUNDUP(U61/20,0)>ROUNDUP(U59/20,0),"Lần " & ROUNDUP(U61/20,0),"") | AG61: =IF(ROUNDUP(V61/20,0)>ROUNDUP(V59/20,0),"Lần " & ROUNDUP(V61/20,0),"") | AH61: =IF(ROUNDUP(W61/20,0)>ROUNDUP(W59/20,0),"Lần " & ROUNDUP(W61/20,0),"") | ... AK61: =IF(ROUNDUP(Z61/20,0)>ROUNDUP(Z59/20,0),"Lần " & ROUNDUP(Z61/20,0),"") | AN61: Than | AO61: 57
A62: 58 | B62: Mố M2 | C62: Mố M2 (tr.40) | D62: G2 | E62: 18 | F62: CB400-V | G62: S57 | H62: 3.265 | I62: 4 | J62: 1.998 | K62: =ROUND(H62*I62*J62, 2) | L62: =ROUND(K62/1000, 3) | M62: =IF(AO62="","",IF(INDEX(Theo_Doi_Tan_Suat_Be_Tong!$C:$C,AO62)="","",INDEX(Theo_Doi_Tan_Suat_Be_Tong!$C:$C,AO62)-VLOOKUP(AN62,$AQ$2:$AR$7,2,FALSE))) | O62: =IF(ROUNDUP(T62/20,0)>ROUNDUP(T61/20,0),"TN Ø18 (Lần " & ROUNDUP(T62/20,0) & ")","") | P62: =ROUND(P61+IF(AND(E62<=10,F62<>"ASTM A416"),L62,0),3) | Q62: =ROUND(Q61+IF(AND(E62=12,F62<>"ASTM A416"),L62,0),3) | R62: =ROUND(R61+IF(AND(E62=14,F62<>"ASTM A416"),L62,0),3) | S62: =ROUND(S61+IF(AND(E62=16,F62<>"ASTM A416"),L62,0),3) | T62: =ROUND(T61+IF(AND(E62=18,F62<>"ASTM A416"),L62,0),3) | U62: =ROUND(U61+IF(AND(E62=20,F62<>"ASTM A416"),L62,0),3) | V62: =ROUND(V61+IF(AND(E62=22,F62<>"ASTM A416"),L62,0),3) | W62: =ROUND(W61+IF(AND(E62=25,F62<>"ASTM A416"),L62,0),3) | X62: =ROUND(X61+IF(AND(E62=28,F62<>"ASTM A416"),L62,0),3) | Y62: =ROUND(Y61+IF(AND(E62=32,F62<>"ASTM A416"),L62,0),3) | Z62: =ROUND(Z61+IF(F62="ASTM A416",L62,0),3) | AA62: =IF(ROUNDUP(P62/20,0)>ROUNDUP(P61/20,0),"Lần " & ROUNDUP(P62/20,0),"") | AB62: =IF(ROUNDUP(Q62/20,0)>ROUNDUP(Q61/20,0),"Lần " & ROUNDUP(Q62/20,0),"") | AC62: =IF(ROUNDUP(R62/20,0)>ROUNDUP(R61/20,0),"Lần " & ROUNDUP(R62/20,0),"") | AD62: =IF(ROUNDUP(S62/20,0)>ROUNDUP(S61/20,0),"Lần " & ROUNDUP(S62/20,0),"") | AE62: =IF(ROUNDUP(T62/20,0)>ROUNDUP(T61/20,0),"Lần " & ROUNDUP(T62/20,0),"") | AF62: =IF(ROUNDUP(U62/20,0)>ROUNDUP(U61/20,0),"Lần " & ROUNDUP(U62/20,0),"") | AG62: =IF(ROUNDUP(V62/20,0)>ROUNDUP(V61/20,0),"Lần " & ROUNDUP(V62/20,0),"") | AH62: =IF(ROUNDUP(W62/20,0)>ROUNDUP(W61/20,0),"Lần " & ROUNDUP(W62/20,0),"") | ... AK62: =IF(ROUNDUP(Z62/20,0)>ROUNDUP(Z61/20,0),"Lần " & ROUNDUP(Z62/20,0),"") | AN62: Than | AO62: 57
A63: 59 | B63: Mố M2 | C63: Mố M2 (tr.40) | D63: G3 | E63: 14 | F63: CB400-V | G63: S29 | H63: 2.344 | I63: 4 | J63: 1.208 | K63: =ROUND(H63*I63*J63, 2) | L63: =ROUND(K63/1000, 3) | M63: =IF(AO63="","",IF(INDEX(Theo_Doi_Tan_Suat_Be_Tong!$C:$C,AO63)="","",INDEX(Theo_Doi_Tan_Suat_Be_Tong!$C:$C,AO63)-VLOOKUP(AN63,$AQ$2:$AR$7,2,FALSE))) | O63: =IF(ROUNDUP(R63/20,0)>ROUNDUP(R62/20,0),"TN Ø14 (Lần " & ROUNDUP(R63/20,0) & ")","") | P63: =ROUND(P62+IF(AND(E63<=10,F63<>"ASTM A416"),L63,0),3) | Q63: =ROUND(Q62+IF(AND(E63=12,F63<>"ASTM A416"),L63,0),3) | R63: =ROUND(R62+IF(AND(E63=14,F63<>"ASTM A416"),L63,0),3) | S63: =ROUND(S62+IF(AND(E63=16,F63<>"ASTM A416"),L63,0),3) | T63: =ROUND(T62+IF(AND(E63=18,F63<>"ASTM A416"),L63,0),3) | U63: =ROUND(U62+IF(AND(E63=20,F63<>"ASTM A416"),L63,0),3) | V63: =ROUND(V62+IF(AND(E63=22,F63<>"ASTM A416"),L63,0),3) | W63: =ROUND(W62+IF(AND(E63=25,F63<>"ASTM A416"),L63,0),3) | X63: =ROUND(X62+IF(AND(E63=28,F63<>"ASTM A416"),L63,0),3) | Y63: =ROUND(Y62+IF(AND(E63=32,F63<>"ASTM A416"),L63,0),3) | Z63: =ROUND(Z62+IF(F63="ASTM A416",L63,0),3) | AA63: =IF(ROUNDUP(P63/20,0)>ROUNDUP(P62/20,0),"Lần " & ROUNDUP(P63/20,0),"") | AB63: =IF(ROUNDUP(Q63/20,0)>ROUNDUP(Q62/20,0),"Lần " & ROUNDUP(Q63/20,0),"") | AC63: =IF(ROUNDUP(R63/20,0)>ROUNDUP(R62/20,0),"Lần " & ROUNDUP(R63/20,0),"") | AD63: =IF(ROUNDUP(S63/20,0)>ROUNDUP(S62/20,0),"Lần " & ROUNDUP(S63/20,0),"") | AE63: =IF(ROUNDUP(T63/20,0)>ROUNDUP(T62/20,0),"Lần " & ROUNDUP(T63/20,0),"") | AF63: =IF(ROUNDUP(U63/20,0)>ROUNDUP(U62/20,0),"Lần " & ROUNDUP(U63/20,0),"") | AG63: =IF(ROUNDUP(V63/20,0)>ROUNDUP(V62/20,0),"Lần " & ROUNDUP(V63/20,0),"") | AH63: =IF(ROUNDUP(W63/20,0)>ROUNDUP(W62/20,0),"Lần " & ROUNDUP(W63/20,0),"") | ... AK63: =IF(ROUNDUP(Z63/20,0)>ROUNDUP(Z62/20,0),"Lần " & ROUNDUP(Z63/20,0),"") | AN63: Than | AO63: 57
A64: 60 | B64: Mố M2 | C64: Mố M2 (tr.40) | D64: G4A | E64: 12 | F64: CB400-V | G64: S06 | H64: 0.342 | I64: 2 | J64: 0.888 | K64: =ROUND(H64*I64*J64, 2) | L64: =ROUND(K64/1000, 3) | M64: =IF(AO64="","",IF(INDEX(Theo_Doi_Tan_Suat_Be_Tong!$C:$C,AO64)="","",INDEX(Theo_Doi_Tan_Suat_Be_Tong!$C:$C,AO64)-VLOOKUP(AN64,$AQ$2:$AR$7,2,FALSE))) | O64: =IF(ROUNDUP(Q64/20,0)>ROUNDUP(Q63/20,0),"TN Ø12 (Lần " & ROUNDUP(Q64/20,0) & ")","") | P64: =ROUND(P63+IF(AND(E64<=10,F64<>"ASTM A416"),L64,0),3) | Q64: =ROUND(Q63+IF(AND(E64=12,F64<>"ASTM A416"),L64,0),3) | R64: =ROUND(R63+IF(AND(E64=14,F64<>"ASTM A416"),L64,0),3) | S64: =ROUND(S63+IF(AND(E64=16,F64<>"ASTM A416"),L64,0),3) | T64: =ROUND(T63+IF(AND(E64=18,F64<>"ASTM A416"),L64,0),3) | U64: =ROUND(U63+IF(AND(E64=20,F64<>"ASTM A416"),L64,0),3) | V64: =ROUND(V63+IF(AND(E64=22,F64<>"ASTM A416"),L64,0),3) | W64: =ROUND(W63+IF(AND(E64=25,F64<>"ASTM A416"),L64,0),3) | X64: =ROUND(X63+IF(AND(E64=28,F64<>"ASTM A416"),L64,0),3) | Y64: =ROUND(Y63+IF(AND(E64=32,F64<>"ASTM A416"),L64,0),3) | Z64: =ROUND(Z63+IF(F64="ASTM A416",L64,0),3) | AA64: =IF(ROUNDUP(P64/20,0)>ROUNDUP(P63/20,0),"Lần " & ROUNDUP(P64/20,0),"") | AB64: =IF(ROUNDUP(Q64/20,0)>ROUNDUP(Q63/20,0),"Lần " & ROUNDUP(Q64/20,0),"") | AC64: =IF(ROUNDUP(R64/20,0)>ROUNDUP(R63/20,0),"Lần " & ROUNDUP(R64/20,0),"") | AD64: =IF(ROUNDUP(S64/20,0)>ROUNDUP(S63/20,0),"Lần " & ROUNDUP(S64/20,0),"") | AE64: =IF(ROUNDUP(T64/20,0)>ROUNDUP(T63/20,0),"Lần " & ROUNDUP(T64/20,0),"") | AF64: =IF(ROUNDUP(U64/20,0)>ROUNDUP(U63/20,0),"Lần " & ROUNDUP(U64/20,0),"") | AG64: =IF(ROUNDUP(V64/20,0)>ROUNDUP(V63/20,0),"Lần " & ROUNDUP(V64/20,0),"") | AH64: =IF(ROUNDUP(W64/20,0)>ROUNDUP(W63/20,0),"Lần " & ROUNDUP(W64/20,0),"") | ... AK64: =IF(ROUNDUP(Z64/20,0)>ROUNDUP(Z63/20,0),"Lần " & ROUNDUP(Z64/20,0),"") | AN64: Than | AO64: 57
A65: 61 | B65: Mố M2 | C65: Mố M2 (tr.40) | D65: G4B | E65: 12 | F65: CB400-V | G65: S06 | H65: 0.388 | I65: 2 | J65: 0.888 | K65: =ROUND(H65*I65*J65, 2) | L65: =ROUND(K65/1000, 3) | M65: =IF(AO65="","",IF(INDEX(Theo_Doi_Tan_Suat_Be_Tong!$C:$C,AO65)="","",INDEX(Theo_Doi_Tan_Suat_Be_Tong!$C:$C,AO65)-VLOOKUP(AN65,$AQ$2:$AR$7,2,FALSE))) | O65: =IF(ROUNDUP(Q65/20,0)>ROUNDUP(Q64/20,0),"TN Ø12 (Lần " & ROUNDUP(Q65/20,0) & ")","") | P65: =ROUND(P64+IF(AND(E65<=10,F65<>"ASTM A416"),L65,0),3) | Q65: =ROUND(Q64+IF(AND(E65=12,F65<>"ASTM A416"),L65,0),3) | R65: =ROUND(R64+IF(AND(E65=14,F65<>"ASTM A416"),L65,0),3) | S65: =ROUND(S64+IF(AND(E65=16,F65<>"ASTM A416"),L65,0),3) | T65: =ROUND(T64+IF(AND(E65=18,F65<>"ASTM A416"),L65,0),3) | U65: =ROUND(U64+IF(AND(E65=20,F65<>"ASTM A416"),L65,0),3) | V65: =ROUND(V64+IF(AND(E65=22,F65<>"ASTM A416"),L65,0),3) | W65: =ROUND(W64+IF(AND(E65=25,F65<>"ASTM A416"),L65,0),3) | X65: =ROUND(X64+IF(AND(E65=28,F65<>"ASTM A416"),L65,0),3) | Y65: =ROUND(Y64+IF(AND(E65=32,F65<>"ASTM A416"),L65,0),3) | Z65: =ROUND(Z64+IF(F65="ASTM A416",L65,0),3) | AA65: =IF(ROUNDUP(P65/20,0)>ROUNDUP(P64/20,0),"Lần " & ROUNDUP(P65/20,0),"") | AB65: =IF(ROUNDUP(Q65/20,0)>ROUNDUP(Q64/20,0),"Lần " & ROUNDUP(Q65/20,0),"") | AC65: =IF(ROUNDUP(R65/20,0)>ROUNDUP(R64/20,0),"Lần " & ROUNDUP(R65/20,0),"") | AD65: =IF(ROUNDUP(S65/20,0)>ROUNDUP(S64/20,0),"Lần " & ROUNDUP(S65/20,0),"") | AE65: =IF(ROUNDUP(T65/20,0)>ROUNDUP(T64/20,0),"Lần " & ROUNDUP(T65/20,0),"") | AF65: =IF(ROUNDUP(U65/20,0)>ROUNDUP(U64/20,0),"Lần " & ROUNDUP(U65/20,0),"") | AG65: =IF(ROUNDUP(V65/20,0)>ROUNDUP(V64/20,0),"Lần " & ROUNDUP(V65/20,0),"") | AH65: =IF(ROUNDUP(W65/20,0)>ROUNDUP(W64/20,0),"Lần " & ROUNDUP(W65/20,0),"") | ... AK65: =IF(ROUNDUP(Z65/20,0)>ROUNDUP(Z64/20,0),"Lần " & ROUNDUP(Z65/20,0),"") | AN65: Than | AO65: 57
A66: 62 | B66: Mố M2 | C66: Mố M2 (tr.40) | D66: G4C | E66: 12 | F66: CB400-V | G66: S06 | H66: 0.634 | I66: 2 | J66: 0.888 | K66: =ROUND(H66*I66*J66, 2) | L66: =ROUND(K66/1000, 3) | M66: =IF(AO66="","",IF(INDEX(Theo_Doi_Tan_Suat_Be_Tong!$C:$C,AO66)="","",INDEX(Theo_Doi_Tan_Suat_Be_Tong!$C:$C,AO66)-VLOOKUP(AN66,$AQ$2:$AR$7,2,FALSE))) | O66: =IF(ROUNDUP(Q66/20,0)>ROUNDUP(Q65/20,0),"TN Ø12 (Lần " & ROUNDUP(Q66/20,0) & ")","") | P66: =ROUND(P65+IF(AND(E66<=10,F66<>"ASTM A416"),L66,0),3) | Q66: =ROUND(Q65+IF(AND(E66=12,F66<>"ASTM A416"),L66,0),3) | R66: =ROUND(R65+IF(AND(E66=14,F66<>"ASTM A416"),L66,0),3) | S66: =ROUND(S65+IF(AND(E66=16,F66<>"ASTM A416"),L66,0),3) | T66: =ROUND(T65+IF(AND(E66=18,F66<>"ASTM A416"),L66,0),3) | U66: =ROUND(U65+IF(AND(E66=20,F66<>"ASTM A416"),L66,0),3) | V66: =ROUND(V65+IF(AND(E66=22,F66<>"ASTM A416"),L66,0),3) | W66: =ROUND(W65+IF(AND(E66=25,F66<>"ASTM A416"),L66,0),3) | X66: =ROUND(X65+IF(AND(E66=28,F66<>"ASTM A416"),L66,0),3) | Y66: =ROUND(Y65+IF(AND(E66=32,F66<>"ASTM A416"),L66,0),3) | Z66: =ROUND(Z65+IF(F66="ASTM A416",L66,0),3) | AA66: =IF(ROUNDUP(P66/20,0)>ROUNDUP(P65/20,0),"Lần " & ROUNDUP(P66/20,0),"") | AB66: =IF(ROUNDUP(Q66/20,0)>ROUNDUP(Q65/20,0),"Lần " & ROUNDUP(Q66/20,0),"") | AC66: =IF(ROUNDUP(R66/20,0)>ROUNDUP(R65/20,0),"Lần " & ROUNDUP(R66/20,0),"") | AD66: =IF(ROUNDUP(S66/20,0)>ROUNDUP(S65/20,0),"Lần " & ROUNDUP(S66/20,0),"") | AE66: =IF(ROUNDUP(T66/20,0)>ROUNDUP(T65/20,0),"Lần " & ROUNDUP(T66/20,0),"") | AF66: =IF(ROUNDUP(U66/20,0)>ROUNDUP(U65/20,0),"Lần " & ROUNDUP(U66/20,0),"") | AG66: =IF(ROUNDUP(V66/20,0)>ROUNDUP(V65/20,0),"Lần " & ROUNDUP(V66/20,0),"") | AH66: =IF(ROUNDUP(W66/20,0)>ROUNDUP(W65/20,0),"Lần " & ROUNDUP(W66/20,0),"") | ... AK66: =IF(ROUNDUP(Z66/20,0)>ROUNDUP(Z65/20,0),"Lần " & ROUNDUP(Z66/20,0),"") | AN66: Than | AO66: 57
A67: 63 | B67: Mố M2 | C67: Mố M2 (tr.40) | D67: G5 | E67: 14 | F67: CB400-V | G67: S01 | H67: 0.4 | I67: 18 | J67: 1.208 | K67: =ROUND(H67*I67*J67, 2) | L67: =ROUND(K67/1000, 3) | M67: =IF(AO67="","",IF(INDEX(Theo_Doi_Tan_Suat_Be_Tong!$C:$C,AO67)="","",INDEX(Theo_Doi_Tan_Suat_Be_Tong!$C:$C,AO67)-VLOOKUP(AN67,$AQ$2:$AR$7,2,FALSE))) | O67: =IF(ROUNDUP(R67/20,0)>ROUNDUP(R66/20,0),"TN Ø14 (Lần " & ROUNDUP(R67/20,0) & ")","") | P67: =ROUND(P66+IF(AND(E67<=10,F67<>"ASTM A416"),L67,0),3) | Q67: =ROUND(Q66+IF(AND(E67=12,F67<>"ASTM A416"),L67,0),3) | R67: =ROUND(R66+IF(AND(E67=14,F67<>"ASTM A416"),L67,0),3) | S67: =ROUND(S66+IF(AND(E67=16,F67<>"ASTM A416"),L67,0),3) | T67: =ROUND(T66+IF(AND(E67=18,F67<>"ASTM A416"),L67,0),3) | U67: =ROUND(U66+IF(AND(E67=20,F67<>"ASTM A416"),L67,0),3) | V67: =ROUND(V66+IF(AND(E67=22,F67<>"ASTM A416"),L67,0),3) | W67: =ROUND(W66+IF(AND(E67=25,F67<>"ASTM A416"),L67,0),3) | X67: =ROUND(X66+IF(AND(E67=28,F67<>"ASTM A416"),L67,0),3) | Y67: =ROUND(Y66+IF(AND(E67=32,F67<>"ASTM A416"),L67,0),3) | Z67: =ROUND(Z66+IF(F67="ASTM A416",L67,0),3) | AA67: =IF(ROUNDUP(P67/20,0)>ROUNDUP(P66/20,0),"Lần " & ROUNDUP(P67/20,0),"") | AB67: =IF(ROUNDUP(Q67/20,0)>ROUNDUP(Q66/20,0),"Lần " & ROUNDUP(Q67/20,0),"") | AC67: =IF(ROUNDUP(R67/20,0)>ROUNDUP(R66/20,0),"Lần " & ROUNDUP(R67/20,0),"") | AD67: =IF(ROUNDUP(S67/20,0)>ROUNDUP(S66/20,0),"Lần " & ROUNDUP(S67/20,0),"") | AE67: =IF(ROUNDUP(T67/20,0)>ROUNDUP(T66/20,0),"Lần " & ROUNDUP(T67/20,0),"") | AF67: =IF(ROUNDUP(U67/20,0)>ROUNDUP(U66/20,0),"Lần " & ROUNDUP(U67/20,0),"") | AG67: =IF(ROUNDUP(V67/20,0)>ROUNDUP(V66/20,0),"Lần " & ROUNDUP(V67/20,0),"") | AH67: =IF(ROUNDUP(W67/20,0)>ROUNDUP(W66/20,0),"Lần " & ROUNDUP(W67/20,0),"") | ... AK67: =IF(ROUNDUP(Z67/20,0)>ROUNDUP(Z66/20,0),"Lần " & ROUNDUP(Z67/20,0),"") | AN67: Than | AO67: 57
A68: 64 | B68: Mố M2 | C68: Mố M2 (tr.40) | D68: G5A | E68: 14 | F68: CB400-V | G68: S01 | H68: 5.38 | I68: 22 | J68: 1.208 | K68: =ROUND(H68*I68*J68, 2) | L68: =ROUND(K68/1000, 3) | M68: =IF(AO68="","",IF(INDEX(Theo_Doi_Tan_Suat_Be_Tong!$C:$C,AO68)="","",INDEX(Theo_Doi_Tan_Suat_Be_Tong!$C:$C,AO68)-VLOOKUP(AN68,$AQ$2:$AR$7,2,FALSE))) | O68: =IF(ROUNDUP(R68/20,0)>ROUNDUP(R67/20,0),"TN Ø14 (Lần " & ROUNDUP(R68/20,0) & ")","") | P68: =ROUND(P67+IF(AND(E68<=10,F68<>"ASTM A416"),L68,0),3) | Q68: =ROUND(Q67+IF(AND(E68=12,F68<>"ASTM A416"),L68,0),3) | R68: =ROUND(R67+IF(AND(E68=14,F68<>"ASTM A416"),L68,0),3) | S68: =ROUND(S67+IF(AND(E68=16,F68<>"ASTM A416"),L68,0),3) | T68: =ROUND(T67+IF(AND(E68=18,F68<>"ASTM A416"),L68,0),3) | U68: =ROUND(U67+IF(AND(E68=20,F68<>"ASTM A416"),L68,0),3) | V68: =ROUND(V67+IF(AND(E68=22,F68<>"ASTM A416"),L68,0),3) | W68: =ROUND(W67+IF(AND(E68=25,F68<>"ASTM A416"),L68,0),3) | X68: =ROUND(X67+IF(AND(E68=28,F68<>"ASTM A416"),L68,0),3) | Y68: =ROUND(Y67+IF(AND(E68=32,F68<>"ASTM A416"),L68,0),3) | Z68: =ROUND(Z67+IF(F68="ASTM A416",L68,0),3) | AA68: =IF(ROUNDUP(P68/20,0)>ROUNDUP(P67/20,0),"Lần " & ROUNDUP(P68/20,0),"") | AB68: =IF(ROUNDUP(Q68/20,0)>ROUNDUP(Q67/20,0),"Lần " & ROUNDUP(Q68/20,0),"") | AC68: =IF(ROUNDUP(R68/20,0)>ROUNDUP(R67/20,0),"Lần " & ROUNDUP(R68/20,0),"") | AD68: =IF(ROUNDUP(S68/20,0)>ROUNDUP(S67/20,0),"Lần " & ROUNDUP(S68/20,0),"") | AE68: =IF(ROUNDUP(T68/20,0)>ROUNDUP(T67/20,0),"Lần " & ROUNDUP(T68/20,0),"") | AF68: =IF(ROUNDUP(U68/20,0)>ROUNDUP(U67/20,0),"Lần " & ROUNDUP(U68/20,0),"") | AG68: =IF(ROUNDUP(V68/20,0)>ROUNDUP(V67/20,0),"Lần " & ROUNDUP(V68/20,0),"") | AH68: =IF(ROUNDUP(W68/20,0)>ROUNDUP(W67/20,0),"Lần " & ROUNDUP(W68/20,0),"") | ... AK68: =IF(ROUNDUP(Z68/20,0)>ROUNDUP(Z67/20,0),"Lần " & ROUNDUP(Z68/20,0),"") | AN68: Than | AO68: 57
A69: 65 | B69: Mố M2 | C69: Mố M2 (tr.40) | D69: G6 | E69: 20 | F69: CB400-V | G69: S57 | H69: 3.095 | I69: 39 | J69: 2.466 | K69: =ROUND(H69*I69*J69, 2) | L69: =ROUND(K69/1000, 3) | M69: =IF(AO69="","",IF(INDEX(Theo_Doi_Tan_Suat_Be_Tong!$C:$C,AO69)="","",INDEX(Theo_Doi_Tan_Suat_Be_Tong!$C:$C,AO69)-VLOOKUP(AN69,$AQ$2:$AR$7,2,FALSE))) | O69: =IF(ROUNDUP(U69/20,0)>ROUNDUP(U68/20,0),"TN Ø20 (Lần " & ROUNDUP(U69/20,0) & ")","") | P69: =ROUND(P68+IF(AND(E69<=10,F69<>"ASTM A416"),L69,0),3) | Q69: =ROUND(Q68+IF(AND(E69=12,F69<>"ASTM A416"),L69,0),3) | R69: =ROUND(R68+IF(AND(E69=14,F69<>"ASTM A416"),L69,0),3) | S69: =ROUND(S68+IF(AND(E69=16,F69<>"ASTM A416"),L69,0),3) | T69: =ROUND(T68+IF(AND(E69=18,F69<>"ASTM A416"),L69,0),3) | U69: =ROUND(U68+IF(AND(E69=20,F69<>"ASTM A416"),L69,0),3) | V69: =ROUND(V68+IF(AND(E69=22,F69<>"ASTM A416"),L69,0),3) | W69: =ROUND(W68+IF(AND(E69=25,F69<>"ASTM A416"),L69,0),3) | X69: =ROUND(X68+IF(AND(E69=28,F69<>"ASTM A416"),L69,0),3) | Y69: =ROUND(Y68+IF(AND(E69=32,F69<>"ASTM A416"),L69,0),3) | Z69: =ROUND(Z68+IF(F69="ASTM A416",L69,0),3) | AA69: =IF(ROUNDUP(P69/20,0)>ROUNDUP(P68/20,0),"Lần " & ROUNDUP(P69/20,0),"") | AB69: =IF(ROUNDUP(Q69/20,0)>ROUNDUP(Q68/20,0),"Lần " & ROUNDUP(Q69/20,0),"") | AC69: =IF(ROUNDUP(R69/20,0)>ROUNDUP(R68/20,0),"Lần " & ROUNDUP(R69/20,0),"") | AD69: =IF(ROUNDUP(S69/20,0)>ROUNDUP(S68/20,0),"Lần " & ROUNDUP(S69/20,0),"") | AE69: =IF(ROUNDUP(T69/20,0)>ROUNDUP(T68/20,0),"Lần " & ROUNDUP(T69/20,0),"") | AF69: =IF(ROUNDUP(U69/20,0)>ROUNDUP(U68/20,0),"Lần " & ROUNDUP(U69/20,0),"") | AG69: =IF(ROUNDUP(V69/20,0)>ROUNDUP(V68/20,0),"Lần " & ROUNDUP(V69/20,0),"") | AH69: =IF(ROUNDUP(W69/20,0)>ROUNDUP(W68/20,0),"Lần " & ROUNDUP(W69/20,0),"") | ... AK69: =IF(ROUNDUP(Z69/20,0)>ROUNDUP(Z68/20,0),"Lần " & ROUNDUP(Z69/20,0),"") | AN69: Than | AO69: 57
A70: 66 | B70: Mố M2 | C70: Mố M2 (tr.40) | D70: G7 | E70: 14 | F70: CB400-V | G70: S29 | H70: 1.536 | I70: 39 | J70: 1.208 | K70: =ROUND(H70*I70*J70, 2) | L70: =ROUND(K70/1000, 3) | M70: =IF(AO70="","",IF(INDEX(Theo_Doi_Tan_Suat_Be_Tong!$C:$C,AO70)="","",INDEX(Theo_Doi_Tan_Suat_Be_Tong!$C:$C,AO70)-VLOOKUP(AN70,$AQ$2:$AR$7,2,FALSE))) | O70: =IF(ROUNDUP(R70/20,0)>ROUNDUP(R69/20,0),"TN Ø14 (Lần " & ROUNDUP(R70/20,0) & ")","") | P70: =ROUND(P69+IF(AND(E70<=10,F70<>"ASTM A416"),L70,0),3) | Q70: =ROUND(Q69+IF(AND(E70=12,F70<>"ASTM A416"),L70,0),3) | R70: =ROUND(R69+IF(AND(E70=14,F70<>"ASTM A416"),L70,0),3) | S70: =ROUND(S69+IF(AND(E70=16,F70<>"ASTM A416"),L70,0),3) | T70: =ROUND(T69+IF(AND(E70=18,F70<>"ASTM A416"),L70,0),3) | U70: =ROUND(U69+IF(AND(E70=20,F70<>"ASTM A416"),L70,0),3) | V70: =ROUND(V69+IF(AND(E70=22,F70<>"ASTM A416"),L70,0),3) | W70: =ROUND(W69+IF(AND(E70=25,F70<>"ASTM A416"),L70,0),3) | X70: =ROUND(X69+IF(AND(E70=28,F70<>"ASTM A416"),L70,0),3) | Y70: =ROUND(Y69+IF(AND(E70=32,F70<>"ASTM A416"),L70,0),3) | Z70: =ROUND(Z69+IF(F70="ASTM A416",L70,0),3) | AA70: =IF(ROUNDUP(P70/20,0)>ROUNDUP(P69/20,0),"Lần " & ROUNDUP(P70/20,0),"") | AB70: =IF(ROUNDUP(Q70/20,0)>ROUNDUP(Q69/20,0),"Lần " & ROUNDUP(Q70/20,0),"") | AC70: =IF(ROUNDUP(R70/20,0)>ROUNDUP(R69/20,0),"Lần " & ROUNDUP(R70/20,0),"") | AD70: =IF(ROUNDUP(S70/20,0)>ROUNDUP(S69/20,0),"Lần " & ROUNDUP(S70/20,0),"") | AE70: =IF(ROUNDUP(T70/20,0)>ROUNDUP(T69/20,0),"Lần " & ROUNDUP(T70/20,0),"") | AF70: =IF(ROUNDUP(U70/20,0)>ROUNDUP(U69/20,0),"Lần " & ROUNDUP(U70/20,0),"") | AG70: =IF(ROUNDUP(V70/20,0)>ROUNDUP(V69/20,0),"Lần " & ROUNDUP(V70/20,0),"") | AH70: =IF(ROUNDUP(W70/20,0)>ROUNDUP(W69/20,0),"Lần " & ROUNDUP(W70/20,0),"") | ... AK70: =IF(ROUNDUP(Z70/20,0)>ROUNDUP(Z69/20,0),"Lần " & ROUNDUP(Z70/20,0),"") | AN70: Than | AO70: 57
A71: 67 | B71: Mố M2 | C71: Mố M2 (tr.40) | D71: G7A | E71: 20 | F71: CB400-V | G71: S05 | H71: 1.182 | I71: 39 | J71: 2.466 | K71: =ROUND(H71*I71*J71, 2) | L71: =ROUND(K71/1000, 3) | M71: =IF(AO71="","",IF(INDEX(Theo_Doi_Tan_Suat_Be_Tong!$C:$C,AO71)="","",INDEX(Theo_Doi_Tan_Suat_Be_Tong!$C:$C,AO71)-VLOOKUP(AN71,$AQ$2:$AR$7,2,FALSE))) | O71: =IF(ROUNDUP(U71/20,0)>ROUNDUP(U70/20,0),"TN Ø20 (Lần " & ROUNDUP(U71/20,0) & ")","") | P71: =ROUND(P70+IF(AND(E71<=10,F71<>"ASTM A416"),L71,0),3) | Q71: =ROUND(Q70+IF(AND(E71=12,F71<>"ASTM A416"),L71,0),3) | R71: =ROUND(R70+IF(AND(E71=14,F71<>"ASTM A416"),L71,0),3) | S71: =ROUND(S70+IF(AND(E71=16,F71<>"ASTM A416"),L71,0),3) | T71: =ROUND(T70+IF(AND(E71=18,F71<>"ASTM A416"),L71,0),3) | U71: =ROUND(U70+IF(AND(E71=20,F71<>"ASTM A416"),L71,0),3) | V71: =ROUND(V70+IF(AND(E71=22,F71<>"ASTM A416"),L71,0),3) | W71: =ROUND(W70+IF(AND(E71=25,F71<>"ASTM A416"),L71,0),3) | X71: =ROUND(X70+IF(AND(E71=28,F71<>"ASTM A416"),L71,0),3) | Y71: =ROUND(Y70+IF(AND(E71=32,F71<>"ASTM A416"),L71,0),3) | Z71: =ROUND(Z70+IF(F71="ASTM A416",L71,0),3) | AA71: =IF(ROUNDUP(P71/20,0)>ROUNDUP(P70/20,0),"Lần " & ROUNDUP(P71/20,0),"") | AB71: =IF(ROUNDUP(Q71/20,0)>ROUNDUP(Q70/20,0),"Lần " & ROUNDUP(Q71/20,0),"") | AC71: =IF(ROUNDUP(R71/20,0)>ROUNDUP(R70/20,0),"Lần " & ROUNDUP(R71/20,0),"") | AD71: =IF(ROUNDUP(S71/20,0)>ROUNDUP(S70/20,0),"Lần " & ROUNDUP(S71/20,0),"") | AE71: =IF(ROUNDUP(T71/20,0)>ROUNDUP(T70/20,0),"Lần " & ROUNDUP(T71/20,0),"") | AF71: =IF(ROUNDUP(U71/20,0)>ROUNDUP(U70/20,0),"Lần " & ROUNDUP(U71/20,0),"") | AG71: =IF(ROUNDUP(V71/20,0)>ROUNDUP(V70/20,0),"Lần " & ROUNDUP(V71/20,0),"") | AH71: =IF(ROUNDUP(W71/20,0)>ROUNDUP(W70/20,0),"Lần " & ROUNDUP(W71/20,0),"") | ... AK71: =IF(ROUNDUP(Z71/20,0)>ROUNDUP(Z70/20,0),"Lần " & ROUNDUP(Z71/20,0),"") | AN71: Than | AO71: 57
A72: 68 | B72: Mố M2 | C72: Mố M2 (tr.40) | D72: G8A | E72: 12 | F72: CB400-V | G72: S06 | H72: 0.26 | I72: 14 | J72: 0.888 | K72: =ROUND(H72*I72*J72, 2) | L72: =ROUND(K72/1000, 3) | M72: =IF(AO72="","",IF(INDEX(Theo_Doi_Tan_Suat_Be_Tong!$C:$C,AO72)="","",INDEX(Theo_Doi_Tan_Suat_Be_Tong!$C:$C,AO72)-VLOOKUP(AN72,$AQ$2:$AR$7,2,FALSE))) | O72: =IF(ROUNDUP(Q72/20,0)>ROUNDUP(Q71/20,0),"TN Ø12 (Lần " & ROUNDUP(Q72/20,0) & ")","") | P72: =ROUND(P71+IF(AND(E72<=10,F72<>"ASTM A416"),L72,0),3) | Q72: =ROUND(Q71+IF(AND(E72=12,F72<>"ASTM A416"),L72,0),3) | R72: =ROUND(R71+IF(AND(E72=14,F72<>"ASTM A416"),L72,0),3) | S72: =ROUND(S71+IF(AND(E72=16,F72<>"ASTM A416"),L72,0),3) | T72: =ROUND(T71+IF(AND(E72=18,F72<>"ASTM A416"),L72,0),3) | U72: =ROUND(U71+IF(AND(E72=20,F72<>"ASTM A416"),L72,0),3) | V72: =ROUND(V71+IF(AND(E72=22,F72<>"ASTM A416"),L72,0),3) | W72: =ROUND(W71+IF(AND(E72=25,F72<>"ASTM A416"),L72,0),3) | X72: =ROUND(X71+IF(AND(E72=28,F72<>"ASTM A416"),L72,0),3) | Y72: =ROUND(Y71+IF(AND(E72=32,F72<>"ASTM A416"),L72,0),3) | Z72: =ROUND(Z71+IF(F72="ASTM A416",L72,0),3) | AA72: =IF(ROUNDUP(P72/20,0)>ROUNDUP(P71/20,0),"Lần " & ROUNDUP(P72/20,0),"") | AB72: =IF(ROUNDUP(Q72/20,0)>ROUNDUP(Q71/20,0),"Lần " & ROUNDUP(Q72/20,0),"") | AC72: =IF(ROUNDUP(R72/20,0)>ROUNDUP(R71/20,0),"Lần " & ROUNDUP(R72/20,0),"") | AD72: =IF(ROUNDUP(S72/20,0)>ROUNDUP(S71/20,0),"Lần " & ROUNDUP(S72/20,0),"") | AE72: =IF(ROUNDUP(T72/20,0)>ROUNDUP(T71/20,0),"Lần " & ROUNDUP(T72/20,0),"") | AF72: =IF(ROUNDUP(U72/20,0)>ROUNDUP(U71/20,0),"Lần " & ROUNDUP(U72/20,0),"") | AG72: =IF(ROUNDUP(V72/20,0)>ROUNDUP(V71/20,0),"Lần " & ROUNDUP(V72/20,0),"") | AH72: =IF(ROUNDUP(W72/20,0)>ROUNDUP(W71/20,0),"Lần " & ROUNDUP(W72/20,0),"") | ... AK72: =IF(ROUNDUP(Z72/20,0)>ROUNDUP(Z71/20,0),"Lần " & ROUNDUP(Z72/20,0),"") | AN72: Than | AO72: 57
A73: 69 | B73: Mố M2 | C73: Mố M2 (tr.40) | D73: G8B | E73: 12 | F73: CB400-V | G73: S06 | H73: 0.306 | I73: 14 | J73: 0.888 | K73: =ROUND(H73*I73*J73, 2) | L73: =ROUND(K73/1000, 3) | M73: =IF(AO73="","",IF(INDEX(Theo_Doi_Tan_Suat_Be_Tong!$C:$C,AO73)="","",INDEX(Theo_Doi_Tan_Suat_Be_Tong!$C:$C,AO73)-VLOOKUP(AN73,$AQ$2:$AR$7,2,FALSE))) | O73: =IF(ROUNDUP(Q73/20,0)>ROUNDUP(Q72/20,0),"TN Ø12 (Lần " & ROUNDUP(Q73/20,0) & ")","") | P73: =ROUND(P72+IF(AND(E73<=10,F73<>"ASTM A416"),L73,0),3) | Q73: =ROUND(Q72+IF(AND(E73=12,F73<>"ASTM A416"),L73,0),3) | R73: =ROUND(R72+IF(AND(E73=14,F73<>"ASTM A416"),L73,0),3) | S73: =ROUND(S72+IF(AND(E73=16,F73<>"ASTM A416"),L73,0),3) | T73: =ROUND(T72+IF(AND(E73=18,F73<>"ASTM A416"),L73,0),3) | U73: =ROUND(U72+IF(AND(E73=20,F73<>"ASTM A416"),L73,0),3) | V73: =ROUND(V72+IF(AND(E73=22,F73<>"ASTM A416"),L73,0),3) | W73: =ROUND(W72+IF(AND(E73=25,F73<>"ASTM A416"),L73,0),3) | X73: =ROUND(X72+IF(AND(E73=28,F73<>"ASTM A416"),L73,0),3) | Y73: =ROUND(Y72+IF(AND(E73=32,F73<>"ASTM A416"),L73,0),3) | Z73: =ROUND(Z72+IF(F73="ASTM A416",L73,0),3) | AA73: =IF(ROUNDUP(P73/20,0)>ROUNDUP(P72/20,0),"Lần " & ROUNDUP(P73/20,0),"") | AB73: =IF(ROUNDUP(Q73/20,0)>ROUNDUP(Q72/20,0),"Lần " & ROUNDUP(Q73/20,0),"") | AC73: =IF(ROUNDUP(R73/20,0)>ROUNDUP(R72/20,0),"Lần " & ROUNDUP(R73/20,0),"") | AD73: =IF(ROUNDUP(S73/20,0)>ROUNDUP(S72/20,0),"Lần " & ROUNDUP(S73/20,0),"") | AE73: =IF(ROUNDUP(T73/20,0)>ROUNDUP(T72/20,0),"Lần " & ROUNDUP(T73/20,0),"") | AF73: =IF(ROUNDUP(U73/20,0)>ROUNDUP(U72/20,0),"Lần " & ROUNDUP(U73/20,0),"") | AG73: =IF(ROUNDUP(V73/20,0)>ROUNDUP(V72/20,0),"Lần " & ROUNDUP(V73/20,0),"") | AH73: =IF(ROUNDUP(W73/20,0)>ROUNDUP(W72/20,0),"Lần " & ROUNDUP(W73/20,0),"") | ... AK73: =IF(ROUNDUP(Z73/20,0)>ROUNDUP(Z72/20,0),"Lần " & ROUNDUP(Z73/20,0),"") | AN73: Than | AO73: 57
A74: 70 | B74: Mố M2 | C74: Mố M2 (tr.40) | D74: G8C | E74: 12 | F74: CB400-V | G74: S06 | H74: 0.417 | I74: 14 | J74: 0.888 | K74: =ROUND(H74*I74*J74, 2) | L74: =ROUND(K74/1000, 3) | M74: =IF(AO74="","",IF(INDEX(Theo_Doi_Tan_Suat_Be_Tong!$C:$C,AO74)="","",INDEX(Theo_Doi_Tan_Suat_Be_Tong!$C:$C,AO74)-VLOOKUP(AN74,$AQ$2:$AR$7,2,FALSE))) | O74: =IF(ROUNDUP(Q74/20,0)>ROUNDUP(Q73/20,0),"TN Ø12 (Lần " & ROUNDUP(Q74/20,0) & ")","") | P74: =ROUND(P73+IF(AND(E74<=10,F74<>"ASTM A416"),L74,0),3) | Q74: =ROUND(Q73+IF(AND(E74=12,F74<>"ASTM A416"),L74,0),3) | R74: =ROUND(R73+IF(AND(E74=14,F74<>"ASTM A416"),L74,0),3) | S74: =ROUND(S73+IF(AND(E74=16,F74<>"ASTM A416"),L74,0),3) | T74: =ROUND(T73+IF(AND(E74=18,F74<>"ASTM A416"),L74,0),3) | U74: =ROUND(U73+IF(AND(E74=20,F74<>"ASTM A416"),L74,0),3) | V74: =ROUND(V73+IF(AND(E74=22,F74<>"ASTM A416"),L74,0),3) | W74: =ROUND(W73+IF(AND(E74=25,F74<>"ASTM A416"),L74,0),3) | X74: =ROUND(X73+IF(AND(E74=28,F74<>"ASTM A416"),L74,0),3) | Y74: =ROUND(Y73+IF(AND(E74=32,F74<>"ASTM A416"),L74,0),3) | Z74: =ROUND(Z73+IF(F74="ASTM A416",L74,0),3) | AA74: =IF(ROUNDUP(P74/20,0)>ROUNDUP(P73/20,0),"Lần " & ROUNDUP(P74/20,0),"") | AB74: =IF(ROUNDUP(Q74/20,0)>ROUNDUP(Q73/20,0),"Lần " & ROUNDUP(Q74/20,0),"") | AC74: =IF(ROUNDUP(R74/20,0)>ROUNDUP(R73/20,0),"Lần " & ROUNDUP(R74/20,0),"") | AD74: =IF(ROUNDUP(S74/20,0)>ROUNDUP(S73/20,0),"Lần " & ROUNDUP(S74/20,0),"") | AE74: =IF(ROUNDUP(T74/20,0)>ROUNDUP(T73/20,0),"Lần " & ROUNDUP(T74/20,0),"") | AF74: =IF(ROUNDUP(U74/20,0)>ROUNDUP(U73/20,0),"Lần " & ROUNDUP(U74/20,0),"") | AG74: =IF(ROUNDUP(V74/20,0)>ROUNDUP(V73/20,0),"Lần " & ROUNDUP(V74/20,0),"") | AH74: =IF(ROUNDUP(W74/20,0)>ROUNDUP(W73/20,0),"Lần " & ROUNDUP(W74/20,0),"") | ... AK74: =IF(ROUNDUP(Z74/20,0)>ROUNDUP(Z73/20,0),"Lần " & ROUNDUP(Z74/20,0),"") | AN74: Than | AO74: 57
A75: 71 | B75: Mố M2 | C75: Mố M2 (tr.40) | D75: G9 | E75: 16 | F75: CB400-V | G75: S02 | H75: 0.625 | I75: 70 | J75: 1.578 | K75: =ROUND(H75*I75*J75, 2) | L75: =ROUND(K75/1000, 3) | M75: =IF(AO75="","",IF(INDEX(Theo_Doi_Tan_Suat_Be_Tong!$C:$C,AO75)="","",INDEX(Theo_Doi_Tan_Suat_Be_Tong!$C:$C,AO75)-VLOOKUP(AN75,$AQ$2:$AR$7,2,FALSE))) | O75: =IF(ROUNDUP(S75/20,0)>ROUNDUP(S74/20,0),"TN Ø16 (Lần " & ROUNDUP(S75/20,0) & ")","") | P75: =ROUND(P74+IF(AND(E75<=10,F75<>"ASTM A416"),L75,0),3) | Q75: =ROUND(Q74+IF(AND(E75=12,F75<>"ASTM A416"),L75,0),3) | R75: =ROUND(R74+IF(AND(E75=14,F75<>"ASTM A416"),L75,0),3) | S75: =ROUND(S74+IF(AND(E75=16,F75<>"ASTM A416"),L75,0),3) | T75: =ROUND(T74+IF(AND(E75=18,F75<>"ASTM A416"),L75,0),3) | U75: =ROUND(U74+IF(AND(E75=20,F75<>"ASTM A416"),L75,0),3) | V75: =ROUND(V74+IF(AND(E75=22,F75<>"ASTM A416"),L75,0),3) | W75: =ROUND(W74+IF(AND(E75=25,F75<>"ASTM A416"),L75,0),3) | X75: =ROUND(X74+IF(AND(E75=28,F75<>"ASTM A416"),L75,0),3) | Y75: =ROUND(Y74+IF(AND(E75=32,F75<>"ASTM A416"),L75,0),3) | Z75: =ROUND(Z74+IF(F75="ASTM A416",L75,0),3) | AA75: =IF(ROUNDUP(P75/20,0)>ROUNDUP(P74/20,0),"Lần " & ROUNDUP(P75/20,0),"") | AB75: =IF(ROUNDUP(Q75/20,0)>ROUNDUP(Q74/20,0),"Lần " & ROUNDUP(Q75/20,0),"") | AC75: =IF(ROUNDUP(R75/20,0)>ROUNDUP(R74/20,0),"Lần " & ROUNDUP(R75/20,0),"") | AD75: =IF(ROUNDUP(S75/20,0)>ROUNDUP(S74/20,0),"Lần " & ROUNDUP(S75/20,0),"") | AE75: =IF(ROUNDUP(T75/20,0)>ROUNDUP(T74/20,0),"Lần " & ROUNDUP(T75/20,0),"") | AF75: =IF(ROUNDUP(U75/20,0)>ROUNDUP(U74/20,0),"Lần " & ROUNDUP(U75/20,0),"") | AG75: =IF(ROUNDUP(V75/20,0)>ROUNDUP(V74/20,0),"Lần " & ROUNDUP(V75/20,0),"") | AH75: =IF(ROUNDUP(W75/20,0)>ROUNDUP(W74/20,0),"Lần " & ROUNDUP(W75/20,0),"") | ... AK75: =IF(ROUNDUP(Z75/20,0)>ROUNDUP(Z74/20,0),"Lần " & ROUNDUP(Z75/20,0),"") | AN75: Than | AO75: 57
A76: 72 | B76: Mố M2 | C76: Mố M2 (tr.40) | D76: F1 | E76: 28 | F76: CB400-V | G76: S06 | H76: 6.578 | I76: 83 | J76: 4.834 | K76: =ROUND(H76*I76*J76, 2) | L76: =ROUND(K76/1000, 3) | M76: =IF(AO76="","",IF(INDEX(Theo_Doi_Tan_Suat_Be_Tong!$C:$C,AO76)="","",INDEX(Theo_Doi_Tan_Suat_Be_Tong!$C:$C,AO76)-VLOOKUP(AN76,$AQ$2:$AR$7,2,FALSE))) | O76: =IF(ROUNDUP(X76/20,0)>ROUNDUP(X75/20,0),"TN Ø28 (Lần " & ROUNDUP(X76/20,0) & ")","") | P76: =ROUND(P75+IF(AND(E76<=10,F76<>"ASTM A416"),L76,0),3) | Q76: =ROUND(Q75+IF(AND(E76=12,F76<>"ASTM A416"),L76,0),3) | R76: =ROUND(R75+IF(AND(E76=14,F76<>"ASTM A416"),L76,0),3) | S76: =ROUND(S75+IF(AND(E76=16,F76<>"ASTM A416"),L76,0),3) | T76: =ROUND(T75+IF(AND(E76=18,F76<>"ASTM A416"),L76,0),3) | U76: =ROUND(U75+IF(AND(E76=20,F76<>"ASTM A416"),L76,0),3) | V76: =ROUND(V75+IF(AND(E76=22,F76<>"ASTM A416"),L76,0),3) | W76: =ROUND(W75+IF(AND(E76=25,F76<>"ASTM A416"),L76,0),3) | X76: =ROUND(X75+IF(AND(E76=28,F76<>"ASTM A416"),L76,0),3) | Y76: =ROUND(Y75+IF(AND(E76=32,F76<>"ASTM A416"),L76,0),3) | Z76: =ROUND(Z75+IF(F76="ASTM A416",L76,0),3) | AA76: =IF(ROUNDUP(P76/20,0)>ROUNDUP(P75/20,0),"Lần " & ROUNDUP(P76/20,0),"") | AB76: =IF(ROUNDUP(Q76/20,0)>ROUNDUP(Q75/20,0),"Lần " & ROUNDUP(Q76/20,0),"") | AC76: =IF(ROUNDUP(R76/20,0)>ROUNDUP(R75/20,0),"Lần " & ROUNDUP(R76/20,0),"") | AD76: =IF(ROUNDUP(S76/20,0)>ROUNDUP(S75/20,0),"Lần " & ROUNDUP(S76/20,0),"") | AE76: =IF(ROUNDUP(T76/20,0)>ROUNDUP(T75/20,0),"Lần " & ROUNDUP(T76/20,0),"") | AF76: =IF(ROUNDUP(U76/20,0)>ROUNDUP(U75/20,0),"Lần " & ROUNDUP(U76/20,0),"") | AG76: =IF(ROUNDUP(V76/20,0)>ROUNDUP(V75/20,0),"Lần " & ROUNDUP(V76/20,0),"") | AH76: =IF(ROUNDUP(W76/20,0)>ROUNDUP(W75/20,0),"Lần " & ROUNDUP(W76/20,0),"") | ... AK76: =IF(ROUNDUP(Z76/20,0)>ROUNDUP(Z75/20,0),"Lần " & ROUNDUP(Z76/20,0),"") | AN76: Than | AO76: 39
A77: 73 | B77: Mố M2 | C77: Mố M2 (tr.40) | D77: F2 | E77: 18 | F77: CB400-V | G77: S06 | H77: 13.571 | I77: 40 | J77: 1.998 | K77: =ROUND(H77*I77*J77, 2) | L77: =ROUND(K77/1000, 3) | M77: =IF(AO77="","",IF(INDEX(Theo_Doi_Tan_Suat_Be_Tong!$C:$C,AO77)="","",INDEX(Theo_Doi_Tan_Suat_Be_Tong!$C:$C,AO77)-VLOOKUP(AN77,$AQ$2:$AR$7,2,FALSE))) | O77: =IF(ROUNDUP(T77/20,0)>ROUNDUP(T76/20,0),"TN Ø18 (Lần " & ROUNDUP(T77/20,0) & ")","") | P77: =ROUND(P76+IF(AND(E77<=10,F77<>"ASTM A416"),L77,0),3) | Q77: =ROUND(Q76+IF(AND(E77=12,F77<>"ASTM A416"),L77,0),3) | R77: =ROUND(R76+IF(AND(E77=14,F77<>"ASTM A416"),L77,0),3) | S77: =ROUND(S76+IF(AND(E77=16,F77<>"ASTM A416"),L77,0),3) | T77: =ROUND(T76+IF(AND(E77=18,F77<>"ASTM A416"),L77,0),3) | U77: =ROUND(U76+IF(AND(E77=20,F77<>"ASTM A416"),L77,0),3) | V77: =ROUND(V76+IF(AND(E77=22,F77<>"ASTM A416"),L77,0),3) | W77: =ROUND(W76+IF(AND(E77=25,F77<>"ASTM A416"),L77,0),3) | X77: =ROUND(X76+IF(AND(E77=28,F77<>"ASTM A416"),L77,0),3) | Y77: =ROUND(Y76+IF(AND(E77=32,F77<>"ASTM A416"),L77,0),3) | Z77: =ROUND(Z76+IF(F77="ASTM A416",L77,0),3) | AA77: =IF(ROUNDUP(P77/20,0)>ROUNDUP(P76/20,0),"Lần " & ROUNDUP(P77/20,0),"") | AB77: =IF(ROUNDUP(Q77/20,0)>ROUNDUP(Q76/20,0),"Lần " & ROUNDUP(Q77/20,0),"") | AC77: =IF(ROUNDUP(R77/20,0)>ROUNDUP(R76/20,0),"Lần " & ROUNDUP(R77/20,0),"") | AD77: =IF(ROUNDUP(S77/20,0)>ROUNDUP(S76/20,0),"Lần " & ROUNDUP(S77/20,0),"") | AE77: =IF(ROUNDUP(T77/20,0)>ROUNDUP(T76/20,0),"Lần " & ROUNDUP(T77/20,0),"") | AF77: =IF(ROUNDUP(U77/20,0)>ROUNDUP(U76/20,0),"Lần " & ROUNDUP(U77/20,0),"") | AG77: =IF(ROUNDUP(V77/20,0)>ROUNDUP(V76/20,0),"Lần " & ROUNDUP(V77/20,0),"") | AH77: =IF(ROUNDUP(W77/20,0)>ROUNDUP(W76/20,0),"Lần " & ROUNDUP(W77/20,0),"") | ... AK77: =IF(ROUNDUP(Z77/20,0)>ROUNDUP(Z76/20,0),"Lần " & ROUNDUP(Z77/20,0),"") | AN77: Than | AO77: 39
A78: 74 | B78: Mố M2 | C78: Mố M2 (tr.40) | D78: F3 | E78: 18 | F78: CB400-V | G78: S06 | H78: 6.336 | I78: 83 | J78: 1.998 | K78: =ROUND(H78*I78*J78, 2) | L78: =ROUND(K78/1000, 3) | M78: =IF(AO78="","",IF(INDEX(Theo_Doi_Tan_Suat_Be_Tong!$C:$C,AO78)="","",INDEX(Theo_Doi_Tan_Suat_Be_Tong!$C:$C,AO78)-VLOOKUP(AN78,$AQ$2:$AR$7,2,FALSE))) | O78: =IF(ROUNDUP(T78/20,0)>ROUNDUP(T77/20,0),"TN Ø18 (Lần " & ROUNDUP(T78/20,0) & ")","") | P78: =ROUND(P77+IF(AND(E78<=10,F78<>"ASTM A416"),L78,0),3) | Q78: =ROUND(Q77+IF(AND(E78=12,F78<>"ASTM A416"),L78,0),3) | R78: =ROUND(R77+IF(AND(E78=14,F78<>"ASTM A416"),L78,0),3) | S78: =ROUND(S77+IF(AND(E78=16,F78<>"ASTM A416"),L78,0),3) | T78: =ROUND(T77+IF(AND(E78=18,F78<>"ASTM A416"),L78,0),3) | U78: =ROUND(U77+IF(AND(E78=20,F78<>"ASTM A416"),L78,0),3) | V78: =ROUND(V77+IF(AND(E78=22,F78<>"ASTM A416"),L78,0),3) | W78: =ROUND(W77+IF(AND(E78=25,F78<>"ASTM A416"),L78,0),3) | X78: =ROUND(X77+IF(AND(E78=28,F78<>"ASTM A416"),L78,0),3) | Y78: =ROUND(Y77+IF(AND(E78=32,F78<>"ASTM A416"),L78,0),3) | Z78: =ROUND(Z77+IF(F78="ASTM A416",L78,0),3) | AA78: =IF(ROUNDUP(P78/20,0)>ROUNDUP(P77/20,0),"Lần " & ROUNDUP(P78/20,0),"") | AB78: =IF(ROUNDUP(Q78/20,0)>ROUNDUP(Q77/20,0),"Lần " & ROUNDUP(Q78/20,0),"") | AC78: =IF(ROUNDUP(R78/20,0)>ROUNDUP(R77/20,0),"Lần " & ROUNDUP(R78/20,0),"") | AD78: =IF(ROUNDUP(S78/20,0)>ROUNDUP(S77/20,0),"Lần " & ROUNDUP(S78/20,0),"") | AE78: =IF(ROUNDUP(T78/20,0)>ROUNDUP(T77/20,0),"Lần " & ROUNDUP(T78/20,0),"") | AF78: =IF(ROUNDUP(U78/20,0)>ROUNDUP(U77/20,0),"Lần " & ROUNDUP(U78/20,0),"") | AG78: =IF(ROUNDUP(V78/20,0)>ROUNDUP(V77/20,0),"Lần " & ROUNDUP(V78/20,0),"") | AH78: =IF(ROUNDUP(W78/20,0)>ROUNDUP(W77/20,0),"Lần " & ROUNDUP(W78/20,0),"") | ... AK78: =IF(ROUNDUP(Z78/20,0)>ROUNDUP(Z77/20,0),"Lần " & ROUNDUP(Z78/20,0),"") | AN78: Than | AO78: 39
A79: 75 | B79: Mố M2 | C79: Mố M2 (tr.40) | D79: F4 | E79: 18 | F79: CB400-V | G79: S06 | H79: 13.571 | I79: 30 | J79: 1.998 | K79: =ROUND(H79*I79*J79, 2) | L79: =ROUND(K79/1000, 3) | M79: =IF(AO79="","",IF(INDEX(Theo_Doi_Tan_Suat_Be_Tong!$C:$C,AO79)="","",INDEX(Theo_Doi_Tan_Suat_Be_Tong!$C:$C,AO79)-VLOOKUP(AN79,$AQ$2:$AR$7,2,FALSE))) | O79: =IF(ROUNDUP(T79/20,0)>ROUNDUP(T78/20,0),"TN Ø18 (Lần " & ROUNDUP(T79/20,0) & ")","") | P79: =ROUND(P78+IF(AND(E79<=10,F79<>"ASTM A416"),L79,0),3) | Q79: =ROUND(Q78+IF(AND(E79=12,F79<>"ASTM A416"),L79,0),3) | R79: =ROUND(R78+IF(AND(E79=14,F79<>"ASTM A416"),L79,0),3) | S79: =ROUND(S78+IF(AND(E79=16,F79<>"ASTM A416"),L79,0),3) | T79: =ROUND(T78+IF(AND(E79=18,F79<>"ASTM A416"),L79,0),3) | U79: =ROUND(U78+IF(AND(E79=20,F79<>"ASTM A416"),L79,0),3) | V79: =ROUND(V78+IF(AND(E79=22,F79<>"ASTM A416"),L79,0),3) | W79: =ROUND(W78+IF(AND(E79=25,F79<>"ASTM A416"),L79,0),3) | X79: =ROUND(X78+IF(AND(E79=28,F79<>"ASTM A416"),L79,0),3) | Y79: =ROUND(Y78+IF(AND(E79=32,F79<>"ASTM A416"),L79,0),3) | Z79: =ROUND(Z78+IF(F79="ASTM A416",L79,0),3) | AA79: =IF(ROUNDUP(P79/20,0)>ROUNDUP(P78/20,0),"Lần " & ROUNDUP(P79/20,0),"") | AB79: =IF(ROUNDUP(Q79/20,0)>ROUNDUP(Q78/20,0),"Lần " & ROUNDUP(Q79/20,0),"") | AC79: =IF(ROUNDUP(R79/20,0)>ROUNDUP(R78/20,0),"Lần " & ROUNDUP(R79/20,0),"") | AD79: =IF(ROUNDUP(S79/20,0)>ROUNDUP(S78/20,0),"Lần " & ROUNDUP(S79/20,0),"") | AE79: =IF(ROUNDUP(T79/20,0)>ROUNDUP(T78/20,0),"Lần " & ROUNDUP(T79/20,0),"") | AF79: =IF(ROUNDUP(U79/20,0)>ROUNDUP(U78/20,0),"Lần " & ROUNDUP(U79/20,0),"") | AG79: =IF(ROUNDUP(V79/20,0)>ROUNDUP(V78/20,0),"Lần " & ROUNDUP(V79/20,0),"") | AH79: =IF(ROUNDUP(W79/20,0)>ROUNDUP(W78/20,0),"Lần " & ROUNDUP(W79/20,0),"") | ... AK79: =IF(ROUNDUP(Z79/20,0)>ROUNDUP(Z78/20,0),"Lần " & ROUNDUP(Z79/20,0),"") | AN79: Than | AO79: 39
A80: 76 | B80: Mố M2 | C80: Mố M2 (tr.40) | D80: F5 | E80: 16 | F80: CB400-V | G80: S01 | H80: 5.85 | I80: 16 | J80: 1.578 | K80: =ROUND(H80*I80*J80, 2) | L80: =ROUND(K80/1000, 3) | M80: =IF(AO80="","",IF(INDEX(Theo_Doi_Tan_Suat_Be_Tong!$C:$C,AO80)="","",INDEX(Theo_Doi_Tan_Suat_Be_Tong!$C:$C,AO80)-VLOOKUP(AN80,$AQ$2:$AR$7,2,FALSE))) | O80: =IF(ROUNDUP(S80/20,0)>ROUNDUP(S79/20,0),"TN Ø16 (Lần " & ROUNDUP(S80/20,0) & ")","") | P80: =ROUND(P79+IF(AND(E80<=10,F80<>"ASTM A416"),L80,0),3) | Q80: =ROUND(Q79+IF(AND(E80=12,F80<>"ASTM A416"),L80,0),3) | R80: =ROUND(R79+IF(AND(E80=14,F80<>"ASTM A416"),L80,0),3) | S80: =ROUND(S79+IF(AND(E80=16,F80<>"ASTM A416"),L80,0),3) | T80: =ROUND(T79+IF(AND(E80=18,F80<>"ASTM A416"),L80,0),3) | U80: =ROUND(U79+IF(AND(E80=20,F80<>"ASTM A416"),L80,0),3) | V80: =ROUND(V79+IF(AND(E80=22,F80<>"ASTM A416"),L80,0),3) | W80: =ROUND(W79+IF(AND(E80=25,F80<>"ASTM A416"),L80,0),3) | X80: =ROUND(X79+IF(AND(E80=28,F80<>"ASTM A416"),L80,0),3) | Y80: =ROUND(Y79+IF(AND(E80=32,F80<>"ASTM A416"),L80,0),3) | Z80: =ROUND(Z79+IF(F80="ASTM A416",L80,0),3) | AA80: =IF(ROUNDUP(P80/20,0)>ROUNDUP(P79/20,0),"Lần " & ROUNDUP(P80/20,0),"") | AB80: =IF(ROUNDUP(Q80/20,0)>ROUNDUP(Q79/20,0),"Lần " & ROUNDUP(Q80/20,0),"") | AC80: =IF(ROUNDUP(R80/20,0)>ROUNDUP(R79/20,0),"Lần " & ROUNDUP(R80/20,0),"") | AD80: =IF(ROUNDUP(S80/20,0)>ROUNDUP(S79/20,0),"Lần " & ROUNDUP(S80/20,0),"") | AE80: =IF(ROUNDUP(T80/20,0)>ROUNDUP(T79/20,0),"Lần " & ROUNDUP(T80/20,0),"") | AF80: =IF(ROUNDUP(U80/20,0)>ROUNDUP(U79/20,0),"Lần " & ROUNDUP(U80/20,0),"") | AG80: =IF(ROUNDUP(V80/20,0)>ROUNDUP(V79/20,0),"Lần " & ROUNDUP(V80/20,0),"") | AH80: =IF(ROUNDUP(W80/20,0)>ROUNDUP(W79/20,0),"Lần " & ROUNDUP(W80/20,0),"") | ... AK80: =IF(ROUNDUP(Z80/20,0)>ROUNDUP(Z79/20,0),"Lần " & ROUNDUP(Z80/20,0),"") | AN80: Than | AO80: 39
A81: 77 | B81: Mố M2 | C81: Mố M2 (tr.40) | D81: F6 | E81: 16 | F81: CB400-V | G81: S06 | H81: 1.99 | I81: 188 | J81: 1.578 | K81: =ROUND(H81*I81*J81, 2) | L81: =ROUND(K81/1000, 3) | M81: =IF(AO81="","",IF(INDEX(Theo_Doi_Tan_Suat_Be_Tong!$C:$C,AO81)="","",INDEX(Theo_Doi_Tan_Suat_Be_Tong!$C:$C,AO81)-VLOOKUP(AN81,$AQ$2:$AR$7,2,FALSE))) | O81: =IF(ROUNDUP(S81/20,0)>ROUNDUP(S80/20,0),"TN Ø16 (Lần " & ROUNDUP(S81/20,0) & ")","") | P81: =ROUND(P80+IF(AND(E81<=10,F81<>"ASTM A416"),L81,0),3) | Q81: =ROUND(Q80+IF(AND(E81=12,F81<>"ASTM A416"),L81,0),3) | R81: =ROUND(R80+IF(AND(E81=14,F81<>"ASTM A416"),L81,0),3) | S81: =ROUND(S80+IF(AND(E81=16,F81<>"ASTM A416"),L81,0),3) | T81: =ROUND(T80+IF(AND(E81=18,F81<>"ASTM A416"),L81,0),3) | U81: =ROUND(U80+IF(AND(E81=20,F81<>"ASTM A416"),L81,0),3) | V81: =ROUND(V80+IF(AND(E81=22,F81<>"ASTM A416"),L81,0),3) | W81: =ROUND(W80+IF(AND(E81=25,F81<>"ASTM A416"),L81,0),3) | X81: =ROUND(X80+IF(AND(E81=28,F81<>"ASTM A416"),L81,0),3) | Y81: =ROUND(Y80+IF(AND(E81=32,F81<>"ASTM A416"),L81,0),3) | Z81: =ROUND(Z80+IF(F81="ASTM A416",L81,0),3) | AA81: =IF(ROUNDUP(P81/20,0)>ROUNDUP(P80/20,0),"Lần " & ROUNDUP(P81/20,0),"") | AB81: =IF(ROUNDUP(Q81/20,0)>ROUNDUP(Q80/20,0),"Lần " & ROUNDUP(Q81/20,0),"") | AC81: =IF(ROUNDUP(R81/20,0)>ROUNDUP(R80/20,0),"Lần " & ROUNDUP(R81/20,0),"") | AD81: =IF(ROUNDUP(S81/20,0)>ROUNDUP(S80/20,0),"Lần " & ROUNDUP(S81/20,0),"") | AE81: =IF(ROUNDUP(T81/20,0)>ROUNDUP(T80/20,0),"Lần " & ROUNDUP(T81/20,0),"") | AF81: =IF(ROUNDUP(U81/20,0)>ROUNDUP(U80/20,0),"Lần " & ROUNDUP(U81/20,0),"") | AG81: =IF(ROUNDUP(V81/20,0)>ROUNDUP(V80/20,0),"Lần " & ROUNDUP(V81/20,0),"") | AH81: =IF(ROUNDUP(W81/20,0)>ROUNDUP(W80/20,0),"Lần " & ROUNDUP(W81/20,0),"") | ... AK81: =IF(ROUNDUP(Z81/20,0)>ROUNDUP(Z80/20,0),"Lần " & ROUNDUP(Z81/20,0),"") | AN81: Than | AO81: 39
A82: 78 | B82: Mố M2 | C82: Mố M2 (tr.40) | D82: F7 | E82: 16 | F82: CB400-V | G82: S01 | H82: 13.005 | I82: 16 | J82: 1.578 | K82: =ROUND(H82*I82*J82, 2) | L82: =ROUND(K82/1000, 3) | M82: =IF(AO82="","",IF(INDEX(Theo_Doi_Tan_Suat_Be_Tong!$C:$C,AO82)="","",INDEX(Theo_Doi_Tan_Suat_Be_Tong!$C:$C,AO82)-VLOOKUP(AN82,$AQ$2:$AR$7,2,FALSE))) | O82: =IF(ROUNDUP(S82/20,0)>ROUNDUP(S81/20,0),"TN Ø16 (Lần " & ROUNDUP(S82/20,0) & ")","") | P82: =ROUND(P81+IF(AND(E82<=10,F82<>"ASTM A416"),L82,0),3) | Q82: =ROUND(Q81+IF(AND(E82=12,F82<>"ASTM A416"),L82,0),3) | R82: =ROUND(R81+IF(AND(E82=14,F82<>"ASTM A416"),L82,0),3) | S82: =ROUND(S81+IF(AND(E82=16,F82<>"ASTM A416"),L82,0),3) | T82: =ROUND(T81+IF(AND(E82=18,F82<>"ASTM A416"),L82,0),3) | U82: =ROUND(U81+IF(AND(E82=20,F82<>"ASTM A416"),L82,0),3) | V82: =ROUND(V81+IF(AND(E82=22,F82<>"ASTM A416"),L82,0),3) | W82: =ROUND(W81+IF(AND(E82=25,F82<>"ASTM A416"),L82,0),3) | X82: =ROUND(X81+IF(AND(E82=28,F82<>"ASTM A416"),L82,0),3) | Y82: =ROUND(Y81+IF(AND(E82=32,F82<>"ASTM A416"),L82,0),3) | Z82: =ROUND(Z81+IF(F82="ASTM A416",L82,0),3) | AA82: =IF(ROUNDUP(P82/20,0)>ROUNDUP(P81/20,0),"Lần " & ROUNDUP(P82/20,0),"") | AB82: =IF(ROUNDUP(Q82/20,0)>ROUNDUP(Q81/20,0),"Lần " & ROUNDUP(Q82/20,0),"") | AC82: =IF(ROUNDUP(R82/20,0)>ROUNDUP(R81/20,0),"Lần " & ROUNDUP(R82/20,0),"") | AD82: =IF(ROUNDUP(S82/20,0)>ROUNDUP(S81/20,0),"Lần " & ROUNDUP(S82/20,0),"") | AE82: =IF(ROUNDUP(T82/20,0)>ROUNDUP(T81/20,0),"Lần " & ROUNDUP(T82/20,0),"") | AF82: =IF(ROUNDUP(U82/20,0)>ROUNDUP(U81/20,0),"Lần " & ROUNDUP(U82/20,0),"") | AG82: =IF(ROUNDUP(V82/20,0)>ROUNDUP(V81/20,0),"Lần " & ROUNDUP(V82/20,0),"") | AH82: =IF(ROUNDUP(W82/20,0)>ROUNDUP(W81/20,0),"Lần " & ROUNDUP(W82/20,0),"") | ... AK82: =IF(ROUNDUP(Z82/20,0)>ROUNDUP(Z81/20,0),"Lần " & ROUNDUP(Z82/20,0),"") | AN82: Than | AO82: 39
A83: 79 | B83: Mố M2 | C83: Mố M2 (tr.40) | D83: F8 | E83: 16 | F83: CB400-V | G83: S06 | H83: 1.99 | I83: 140 | J83: 1.578 | K83: =ROUND(H83*I83*J83, 2) | L83: =ROUND(K83/1000, 3) | M83: =IF(AO83="","",IF(INDEX(Theo_Doi_Tan_Suat_Be_Tong!$C:$C,AO83)="","",INDEX(Theo_Doi_Tan_Suat_Be_Tong!$C:$C,AO83)-VLOOKUP(AN83,$AQ$2:$AR$7,2,FALSE))) | O83: =IF(ROUNDUP(S83/20,0)>ROUNDUP(S82/20,0),"TN Ø16 (Lần " & ROUNDUP(S83/20,0) & ")","") | P83: =ROUND(P82+IF(AND(E83<=10,F83<>"ASTM A416"),L83,0),3) | Q83: =ROUND(Q82+IF(AND(E83=12,F83<>"ASTM A416"),L83,0),3) | R83: =ROUND(R82+IF(AND(E83=14,F83<>"ASTM A416"),L83,0),3) | S83: =ROUND(S82+IF(AND(E83=16,F83<>"ASTM A416"),L83,0),3) | T83: =ROUND(T82+IF(AND(E83=18,F83<>"ASTM A416"),L83,0),3) | U83: =ROUND(U82+IF(AND(E83=20,F83<>"ASTM A416"),L83,0),3) | V83: =ROUND(V82+IF(AND(E83=22,F83<>"ASTM A416"),L83,0),3) | W83: =ROUND(W82+IF(AND(E83=25,F83<>"ASTM A416"),L83,0),3) | X83: =ROUND(X82+IF(AND(E83=28,F83<>"ASTM A416"),L83,0),3) | Y83: =ROUND(Y82+IF(AND(E83=32,F83<>"ASTM A416"),L83,0),3) | Z83: =ROUND(Z82+IF(F83="ASTM A416",L83,0),3) | AA83: =IF(ROUNDUP(P83/20,0)>ROUNDUP(P82/20,0),"Lần " & ROUNDUP(P83/20,0),"") | AB83: =IF(ROUNDUP(Q83/20,0)>ROUNDUP(Q82/20,0),"Lần " & ROUNDUP(Q83/20,0),"") | AC83: =IF(ROUNDUP(R83/20,0)>ROUNDUP(R82/20,0),"Lần " & ROUNDUP(R83/20,0),"") | AD83: =IF(ROUNDUP(S83/20,0)>ROUNDUP(S82/20,0),"Lần " & ROUNDUP(S83/20,0),"") | AE83: =IF(ROUNDUP(T83/20,0)>ROUNDUP(T82/20,0),"Lần " & ROUNDUP(T83/20,0),"") | AF83: =IF(ROUNDUP(U83/20,0)>ROUNDUP(U82/20,0),"Lần " & ROUNDUP(U83/20,0),"") | AG83: =IF(ROUNDUP(V83/20,0)>ROUNDUP(V82/20,0),"Lần " & ROUNDUP(V83/20,0),"") | AH83: =IF(ROUNDUP(W83/20,0)>ROUNDUP(W82/20,0),"Lần " & ROUNDUP(W83/20,0),"") | ... AK83: =IF(ROUNDUP(Z83/20,0)>ROUNDUP(Z82/20,0),"Lần " & ROUNDUP(Z83/20,0),"") | AN83: Than | AO83: 39
A84: 80 | B84: Mố M2 | C84: Mố M2 (tr.40) | D84: A1 | E84: 28 | F84: CB400-V | G84: S02 | H84: 8.319 | I84: 78 | J84: 4.834 | K84: =ROUND(H84*I84*J84, 2) | L84: =ROUND(K84/1000, 3) | M84: =IF(AO84="","",IF(INDEX(Theo_Doi_Tan_Suat_Be_Tong!$C:$C,AO84)="","",INDEX(Theo_Doi_Tan_Suat_Be_Tong!$C:$C,AO84)-VLOOKUP(AN84,$AQ$2:$AR$7,2,FALSE))) | O84: =IF(ROUNDUP(X84/20,0)>ROUNDUP(X83/20,0),"TN Ø28 (Lần " & ROUNDUP(X84/20,0) & ")","") | P84: =ROUND(P83+IF(AND(E84<=10,F84<>"ASTM A416"),L84,0),3) | Q84: =ROUND(Q83+IF(AND(E84=12,F84<>"ASTM A416"),L84,0),3) | R84: =ROUND(R83+IF(AND(E84=14,F84<>"ASTM A416"),L84,0),3) | S84: =ROUND(S83+IF(AND(E84=16,F84<>"ASTM A416"),L84,0),3) | T84: =ROUND(T83+IF(AND(E84=18,F84<>"ASTM A416"),L84,0),3) | U84: =ROUND(U83+IF(AND(E84=20,F84<>"ASTM A416"),L84,0),3) | V84: =ROUND(V83+IF(AND(E84=22,F84<>"ASTM A416"),L84,0),3) | W84: =ROUND(W83+IF(AND(E84=25,F84<>"ASTM A416"),L84,0),3) | X84: =ROUND(X83+IF(AND(E84=28,F84<>"ASTM A416"),L84,0),3) | Y84: =ROUND(Y83+IF(AND(E84=32,F84<>"ASTM A416"),L84,0),3) | Z84: =ROUND(Z83+IF(F84="ASTM A416",L84,0),3) | AA84: =IF(ROUNDUP(P84/20,0)>ROUNDUP(P83/20,0),"Lần " & ROUNDUP(P84/20,0),"") | AB84: =IF(ROUNDUP(Q84/20,0)>ROUNDUP(Q83/20,0),"Lần " & ROUNDUP(Q84/20,0),"") | AC84: =IF(ROUNDUP(R84/20,0)>ROUNDUP(R83/20,0),"Lần " & ROUNDUP(R84/20,0),"") | AD84: =IF(ROUNDUP(S84/20,0)>ROUNDUP(S83/20,0),"Lần " & ROUNDUP(S84/20,0),"") | AE84: =IF(ROUNDUP(T84/20,0)>ROUNDUP(T83/20,0),"Lần " & ROUNDUP(T84/20,0),"") | AF84: =IF(ROUNDUP(U84/20,0)>ROUNDUP(U83/20,0),"Lần " & ROUNDUP(U84/20,0),"") | AG84: =IF(ROUNDUP(V84/20,0)>ROUNDUP(V83/20,0),"Lần " & ROUNDUP(V84/20,0),"") | AH84: =IF(ROUNDUP(W84/20,0)>ROUNDUP(W83/20,0),"Lần " & ROUNDUP(W84/20,0),"") | ... AK84: =IF(ROUNDUP(Z84/20,0)>ROUNDUP(Z83/20,0),"Lần " & ROUNDUP(Z84/20,0),"") | AN84: Than | AO84: 54
