Workbook

Sheet Danh mục công việc
K1: DANH MỤC CÔNG VIỆC
K2: =" Dự án: "&_xlfn.SINGLE(QLCL_DuAn)
K3: =" Gói thầu: "&_xlfn.SINGLE(QLCL_GoiThau)
K4: =" Công trình: "&_xlfn.SINGLE(QLCL_CongTrinh)
K5: =" Địa điểm xây dựng: "&_xlfn.SINGLE(QLCL_DiaDiemXD)
A7: MÃ HIỆU CHUNG | B7: LƯU MÃ HIỆU | C7: MÃ CV | D7: TIÊU CHUẨN ÁP DỤNG | E7: NỘI DUNG, PHƯƠNG PHÁP KIỂM TRA | F7: THÔNG SỐ LẤY MẪU THÍ NGHIỆM | G7: THIẾT BỊ THI CÔNG | H7: THÔNG SỐ BẢNG PHỤ | J7: STT | K7: MÃ HIỆU ▼ | L7: NỘI DUNG CÔNG VIỆC | M7: LỚP SỐ | N7: LÝ TRÌNH | O7: VỊ TRÍ THI CÔNG/ VỊ TRÍ LẤY MẪU | P7: NGÀY BẮT ĐẦU | Q7: NGÀY KẾT THÚC | R7: NGÀY PHIẾU YC | S7: NGÀY NT/ LM/ KT | T7: GIỜ BẮT ĐẦU | U7: GIỜ KẾT THÚC | V7: GIỜ TÍNH | W7: GIỜ BIÊN BẢN | X7: Cao độ đáy khoan TK | Y7: Cao độ đáy khoan TT | Z7: Số Phụ lục | AA7: Tên cv PYC | AB7: Số PYCNT | AC7: Số BBNT | AD7: Cọc trục X | AE7: Cọc trục Y | AF7: Cao độ | AG7: Mã BB | AH7: Filter | AI7: NGÀY KHÔNG THI CÔNG | AJ7: MÃ CV | AK7: TÊN CV | AL7: ĐƠN VỊ | AM7: KHỐI LƯỢNG NGHIỆM THU | AN7: ĐỢT THANH TOÁN | AO7: SL NHÂN CÔNG | AP7: TÊN BẢNG | AQ7: LINK ẢNH | AR7: NHÓM KÝ BB | AS7: TIỀN TỐ PRINT | AT7: MÃ HẠNG MỤC | AU7: MÃ BIÊN BẢN | AV7: STT SORT DMCV | AW7: STT SORT HM | AX7: GHI CHÚ
A8: =COLUMN() | B8: =COLUMN() | C8: =COLUMN() | D8: =COLUMN() | E8: =COLUMN() | F8: =COLUMN() | G8: =COLUMN() | H8: =COLUMN() | J8: =COLUMN()-9 | K8: =COLUMN()-9 | L8: =COLUMN()-9 | O8: =COLUMN()-9 | P8: =COLUMN()-9 | Q8: =COLUMN()-9 | R8: =COLUMN()-9 | S8: =COLUMN()-9 | W8: =COLUMN()-9 | AI8: =COLUMN()-9 | AJ8: =COLUMN()-9 | AK8: =COLUMN()-9 | AL8: =COLUMN()-9 | AM8: =COLUMN()-9 | AN8: =COLUMN()-9 | AO8: =COLUMN()-9 | AP8: =COLUMN()-9 | ... AX8: =COLUMN()-9
A9: HM | B9: HM | C9: HM.0533424 | J9: HM01 | K9: HM | L9: Vật liệu đầu vào | AT9: HM01 | AU9: HM
A10: BBK_BIA | B10: TRANGBIA | C10: BBK_BIA.0579518 | J10: 01 | K10: TRANGBIA | L10: Biên bản lấy mẫu, kết quả thí nghiệm và biên bản nghiệm thu vật liệu đầu vào | AR10: Nhóm 1 | AT10: HM01 | AU10: TRANGBIA | AV10: 1 | AW10: 1
A11: BBK_ML | B11: MUCLUC | C11: BBK_ML.0289562 | J11: 02 | K11: MUCLUC | L11: Vật liệu đầu vào | AR11: Nhóm 1 | AT11: HM01 | AU11: MUCLUC | AV11: 1 | AW11: 1
A12: LMDV | B12: LMDV | C12: LMDV.0301948 | D12: TC.000205|TC.000204|TC.000206 | F12: VL.0008^Lưới cốt thủy tinh 100/100 kN/m^^2^^^^TC.000205|TC.000204|TC.000206 | J12: 03 | K12: LMDV | L12: Lưới cốt sợi thủy tinh 100/100 kN/m | O12: Công ty cổ phần dịch vụ và công nghệ Trường Khánh (Địa chỉ: Số 2, ngõ 46/15 đường Yên Hòa, Tổ 14 phường Yên nghĩa, Tp Hà nội) | S12: 46154 | T12: 0.375 | U12: =T12+V12 | V12: 0.0625 | W12: =TEXT(T12,"HH""h""MM'")&"÷"&TEXT(U12,"HH""h""MM'") | AR12: Nhóm 1 | AT12: HM01 | AU12: LMDV | AV12: 5 | AW12: 5
A13: LMDV | B13: LMDV | C13: LMDV.0774740 | D13: TC.000205|TC.000204 | F13: VL.0010^Bentonite - API Bentonite STAR-số lô :2003^^25kg^Công ty TNHH Thương mại & Sản xuất Hùng Ngọc (Địa chỉ: Số 23 khu đất đấu giá TT5A, phường Phúc Lợi, TP Hà Nội)^^^TC.000205|TC.000204 | J13: 04 | K13: LMDV | L13: Bentonite | O13: Công ty TNHH Thương mại & Sản xuất Hùng Ngọc (Địa chỉ: Số 23 khu đất đấu giá TT5A, phường Phúc Lợi, TP Hà Nội) | S13: 46168 | T13: 0.35416667 | U13: =T13+V13 | V13: 0.03125 | W13: =TEXT(T13,"HH""h""MM'")&"÷"&TEXT(U13,"HH""h""MM'") | AR13: Nhóm 1 | AT13: HM01 | AU13: LMDV | AV13: 6 | AW13: 6
A14: LMDV | B14: LMDV | C14: LMDV.0014017 | D14: TC.000205|TC.000204|TC.000773 | F14: VL.0010^Cóc nối thép dọc M16, L=285mm^^6^^^^TC.000205|TC.000204~VL.0055^Thép ống D113.5x3.5mm^^6^^^^TC.000773~VL.0055^Thép ống D59.9x3mm^^6^^^^TC.000773 | J14: 05 | K14: LMDV | L14: Cóc nối thép dọc, Ống thép | O14: Công ty TNHH SX và TM CTGT Hòa Bình (Địa chỉ: Số nhà 69 ngõ 157/10 Tổ 18, Đường Đức Giang, Phường Việt Hưng, TP Hà Nội) | S14: 46168 | T14: =U13 | U14: =T14+V14 | V14: 0.03125 | W14: =TEXT(T14,"HH""h""MM'")&"÷"&TEXT(U14,"HH""h""MM'") | AR14: Nhóm 1 | AT14: HM01 | AU14: LMDV | AV14: 7 | AW14: 7
A15: LMDV | B15: LMDV | C15: LMDV.0760723 | D15: TC.000401|TC.000393.A|TC.000393.B|TC.000657 | F15: VL.0012^Xi măng^50 kg^01 mẫu^Vincem Hải phòng^^^TC.000401|TC.000393.A|TC.000393.B~VL.0042^ROADCON-SK3000^5 lít^1 mẫu^^^^TC.000657~VL.0012^Xi măng^200 kg^01 mẫu^Vincem Hải phòng^^^TC.000401|TC.000393.A|TC.000393.B | J15: 06 | K15: LMDV | L15: Xi măng Vicem Hải phòng PCB40 | O15: Trạm trộn bê tông Phúc Lâm - Thí nghiệm các chỉ tiêu cơ lý | S15: 46128 | T15: 0.375 | U15: =T15+V15 | V15: 0.020833333 | W15: =TEXT(T15,"HH""h""MM'")&"÷"&TEXT(U15,"HH""h""MM'") | AR15: Nhóm 1 | AT15: HM01 | AU15: LMDV | AV15: 1 | AW15: 1 | AX15: Xi măng (50 tấn): Lần 1 [BT 4] → Lần 2 [BT 6] → Lần 3 [BT 9] → Lần 4 [BT 12] → Lần 5 [BT 15] → Lần 6 [BT 17] → Lần 7 [BT 20] → Lần 8 [BT 23] → Lần 9 [BT 26] → Lần 10 [BT 32] → Lần 11 [BT 34] → Lần 12 [BT 35] → Lần 13 [BT 38] → Lần 14 [BT 40] → Lần 15 [BT 40] → Lần 16 [BT 43] → Lần 17 [BT 44] → Lần 18 [BT 46] → Lần 19 [BT 47] → Lần 20 [BT 49] → Lần 21 [BT 54] → Lần 22 [BT 57] → Lần 23 [BT 62] → Lần 24 [BT 67] → Lần 25 [BT 71] → Lần 26 [BT 78] → Lần 27 [BT 80] → Lần 28 [BT 81] → Lần 29 [BT 83] → Lần 30 [BT 85]
A16: LMDV | B16: LMDV | C16: LMDV.0814490 | D16: TC.000401|TC.000393.A|TC.000393.B|TC.000205|TC.000204|TC.000206 | F16: VL.0012^Cát vàng^50 kg^01 mẫu^Sông Lô^^^TC.000401|TC.000393.A|TC.000393.B~VL.0008^Cát vàng^400 kg^01 mẫu^Sông Lô^^^TC.000205|TC.000204|TC.000206 | J16: 07 | K16: LMDV | L16: Cát vàng | O16: Trạm trộn bê tông Phúc Lâm - Thí nghiệm các chỉ tiêu cơ lý | S16: 46128 | T16: =U15 | U16: =T16+V16 | V16: 0.020833333 | W16: =TEXT(T16,"HH""h""MM'")&"÷"&TEXT(U16,"HH""h""MM'") | AR16: Nhóm 1 | AT16: HM01 | AU16: LMDV | AV16: 2 | AW16: 2 | AX16: Cát (200 m³): Lần 1 [BT 4] → Lần 2 [BT 13] → Lần 3 [BT 22] → Lần 4 [BT 34] → Lần 5 [BT 40] → Lần 6 [BT 45] → Lần 7 [BT 49] → Lần 8 [BT 64] → Lần 9 [BT 79] → Lần 10 [BT 84]
A17: LMDV | B17: LMDV | C17: LMDV.0709037 | D17: TC.000401|TC.000393.A|TC.000393.B|TC.000205|TC.000204 | F17: VL.0012^Đá dăm 5-20mm^150 kg^01 mẫu^Mỏ đá Thạch Bàn-Hùng An-Tuyên Quang^^^TC.000401|TC.000393.A|TC.000393.B~VL.0010^Đá dăm 5-20mm^450 kg^01 mẫu^Mỏ đá Thạch Bàn-Hùng An-Tuyên Quang^^^TC.000205|TC.000204 | J17: 08 | K17: LMDV | L17: Đá dăm 5-20mm | O17: Trạm trộn bê tông Phúc Lâm - Thí nghiệm các chỉ tiêu cơ lý | S17: 46128 | T17: =U16 | U17: =T17+V17 | V17: 0.020833333 | W17: =TEXT(T17,"HH""h""MM'")&"÷"&TEXT(U17,"HH""h""MM'") | AR17: Nhóm 1 | AT17: HM01 | AU17: LMDV | AV17: 3 | AW17: 3 | AX17: Đá (350 m³): Lần 1 [BT 4] → Lần 2 [BT 16] → Lần 3 [BT 29] → Lần 4 [BT 40] → Lần 5 [BT 47] → Lần 6 [BT 61] → Lần 7 [BT 80]
A18: LMDV | B18: LMDV | C18: LMDV.0045352 | D18: TC.000709|TC.000226|TC.000227|TC.000713 | F18: VL.0013^Thép tròn trơn D6(CB240-T)^150 cm^06 thanh^Hòa Phát^^^TC.000709|TC.000226|TC.000227|TC.000713~VL.0013^Thép tròn trơn D8(CB240-T)^150 cm^06 thanh^Hòa Phát^^^TC.000709|TC.000226|TC.000227|TC.000713~VL.0013^Thép thanh vằn D10(CB400-V)^150 cm^03 thanh^Hòa Phát^^^TC.000709|TC.000226|TC.000227|TC.000713~VL.0013^Thép thanh vằn D12(CB400-V)^150 cm^06 thanh^Hòa Phát^^^TC.000709|TC.000226|TC.000227|TC.000713~VL.0013^Thép thanh vằn D14(CB400-V)^150 cm^06 thanh^Hòa Phát^^^TC.000709|TC.000226|TC.000227|TC.000713~VL.0013^Thép thanh vằn D16(CB400-V)^150 cm^06 thanh^Hòa Phát^^^TC.000709|TC.000226|TC.000227|TC.000713~VL.0013^Thép thanh vằn D18(CB400-V)^150 cm^06 thanh^Hòa Phát^^^TC.000709|TC.000226|TC.000227|TC.000713~VL.0013^Thép thanh vằn D20(CB400-V)^150 cm^06 thanh^Hòa Phát^^^TC.000709|TC.000226|TC.000227|TC.000713~VL.0013^Thép thanh vằn D22(CB400-V)^150 cm^06 thanh^Hòa Phát^^^TC.000709|TC.000226|TC.000227|TC.000713~VL.0013^Thép thanh vằn D25(CB400-V)^150 cm^06 thanh^Hòa Phát^^^TC.000709|TC.000226|TC.000227|TC.000713~VL.0013^Thép thanh vằn D28(CB400-V)^150 cm^06 thanh^Hòa Phát^^^TC.000709|TC.000226|TC.000227|TC.000713~VL.0013^Thép thanh vằn D32(CB400-V)^100 cm^06 thanh^Hòa Phát^^^TC.000709|TC.000226|TC.000227|TC.000713 | J18: 09 | K18: LMDV | L18: Thép D6; Thép D8; Thép D10; Thép D12; Thép D14;Thép D16; Thép D18; Thép D20; Thép D22; Thép D25; Thép D28; Thép D32 | O18: Công ty TNHH vật liệu xây dựng Phong Dung xã Bắc Quang, tỉnh Tuyên Quang | S18: 46135 | T18: 0.375 | U18: =T18+V18 | V18: 0.0625 | W18: =TEXT(T18,"HH""h""MM'")&"÷"&TEXT(U18,"HH""h""MM'") | AR18: Nhóm 1 | AT18: HM01 | AU18: LMDV | AV18: 4 | AW18: 4 | AX18: Thép (riêng từng Ø, 20 tấn): Ø10 Lần 1 [Thép 4] → Ø25 Lần 1 [Thép 9] → Ø12 Lần 1 [Thép 14] → Ø20 Lần 1 [Thép 16] → Ø16 Lần 1 [Thép 18] → Ø25 Lần 2 [Thép 91] → Ø25 Lần 3 [Thép 171] → Ø28 Lần 1 [Thép 265] → Ø25 Lần 4 [Thép 269] → Ø25 Lần 5 [Thép 392] → Ø32 Lần 1 [Thép 431] → Ø18 Lần 1 [Thép 432] → Ø32 Lần 2 [Thép 441] → Ø14 Lần 1 [Thép 448] → Ø22 Lần 1 [Thép 490] → Ø16 Lần 2 [Thép 524] → Ø32 Lần 3 [Thép 527] → Ø32 Lần 4 [Thép 595] → Ø16 Lần 3 [Thép 602] → Ø16 Lần 4 [Thép 688] → Ø16 Lần 5 [Thép 734] → Ø12 Lần 2 [Thép 736] → Ø32 Lần 5 [Thép 746] → Cáp 15.2 Lần 1 [Thép 756] → Cáp 15.2 Lần 2 [Thép 756] → Ø16 Lần 6 [Thép 762] → Ø18 Lần 2 [Thép 767] → Ø18 Lần 3 [Thép 774] → Ø14 Lần 2 [Thép 780] → Ø18 Lần 4 [Thép 784] → Ø25 Lần 6 [Thép 790]
A19: HM | B19: HM | C19: HM.0414032 | J19: HM02 | K19: HM | L19: Mặt bằng công trường, đường công vụ | AT19: HM02 | AU19: HM
A20: BBK_BIA | B20: TRANGBIA | C20: BBK_BIA.0862619 | J20: 01 | K20: TRANGBIA | L20: =+L19 | O20: Cầu Km19+529.080 | AP20: Đường công vụ 6, 6A | AR20: Nhóm 1 | AT20: HM02 | AU20: TRANGBIA | AV20: 2 | AW20: 1
A21: BBK_ML | B21: MUCLUC | C21: BBK_ML.0790480 | J21: 02 | K21: MUCLUC | L21: Danh mục biên bản Kiểm tra/Nghiệm thu | O21: Cầu Km19+529.080 | AR21: Nhóm 1 | AT21: HM02 | AU21: MUCLUC | AV21: 2 | AW21: 1
A22: BBK680 | B22: PYC | C22: BBK680.0373536 | J22: 03 | K22: PYC | L22: phiếu yêu cầu | R22: =R23 | S22: =S23 | AB22: 09-XL-307HG/PYCNT/MB-ĐCV | AG22: NTCV | AH22: >=1;<=2 | AR22: Nhóm 1 | AT22: HM02 | AU22: PYC | AV22: 1 | AW22: 1
A23: NTCV | B23: K.9999 | C23: NTCV.0961953 | J23: 04 | K23: K.9999 | L23: Đào nền đường công vụ nhánh 6 | N23: Km0+0 -:- 9(Km0+89.62) | O23: Cầu Km19+529.080 | P23: 46096 | Q23: =+P23+8 | R23: =+Q23-1 | S23: =+Q23 | T23: 0.35416667 | U23: =+T23+V23 | V23: 0.020833333 | W23: =TEXT(T23,"HH""h""MM'")&"÷"&TEXT(U23,"HH""h""MM'") | Z23: 01; | AA23: =+L23 | AB23: 09-XL-307HG/PYCNT/MB-ĐCV-1 | AC23: 09-XL-307HG/PYCNT/MB-ĐCV-1 | AR23: Nhóm 1 | AT23: HM02 | AU23: NTCV | AV23: 1 | AW23: 1
A24: BBK513 | B24: CD-KTHH | C24: BBK513.0871445 | J24: 05 | K24: CD-KTHH | L24: =L23 | N24: Km0+0 -:- 9(Km0+89.62) | O24: Cầu Km19+529.080 | S24: =+S23 | T24: =T23 | U24: =U23 | V24: =V23 | AC24: =+AC23 | AH24: DAONEN_DCV6 | AQ24: Ảnh\daonen dcv.png | AR24: Nhóm 1 | AT24: HM02 | AU24: CD-KTHH | AV24: 1 | AW24: 1
A25: BBK957 | B25: PLKL01 | C25: BBK957.0056236 | J25: 06 | K25: PLKL01 | L25: =+L24 | N25: =+N24 | O25: =+O24 | S25: =+S24 | AG25: =+AH24 | AH25: >=1;<=19 | AR25: Nhóm 1 | AT25: HM02 | AU25: PLKL01 | AV25: 1 | AW25: 1
A26: NTCV | B26: K.9999 | C26: NTCV.0949556 | J26: 07 | K26: K.9999 | L26: Đào nền đường công vụ nhánh 6A | N26: Km0+0 -:- 9(Km0+81.23) | O26: Cầu Km19+529.080 | P26: =+P23+1 | Q26: =+P26+7 | R26: =+Q26-1 | S26: =+Q26 | T26: 0.375 | U26: =+T26+V26 | V26: 0.020833333 | W26: =TEXT(T26,"HH""h""MM'")&"÷"&TEXT(U26,"HH""h""MM'") | Z26: 01; | AA26: =+L26 | AB26: =+AB23 | AC26: 09-XL-307HG/PYCNT/MB-ĐCV-2 | AR26: Nhóm 1 | AT26: HM02 | AU26: NTCV | AV26: 2 | AW26: 2
A27: BBK513 | B27: CD-KTHH | C27: BBK513.0364018 | J27: 08 | K27: CD-KTHH | L27: =L26 | N27: Km0+0 -:- 9(Km0+81.23) | O27: Cầu Km19+529.080 | S27: =+S26 | T27: =T26 | U27: =U26 | V27: =V26 | AC27: =+AC26 | AH27: DAONEN_DCV6A | AQ27: Ảnh\daonen dcv.png | AR27: Nhóm 1 | AT27: HM02 | AU27: CD-KTHH | AV27: 2 | AW27: 2
A28: BBK957 | B28: PLKL01 | C28: BBK957.0524868 | J28: 09 | K28: PLKL01 | L28: =+L27 | N28: =+N27 | O28: =+O27 | S28: =+S27 | AG28: =+AH27 | AH28: >=21;<=36 | AR28: Nhóm 1 | AT28: HM02 | AU28: PLKL01 | AV28: 2 | AW28: 2
A29: BBK680 | B29: PYC | C29: BBK680.0767111 | J29: 10 | K29: PYC | L29: phiếu yêu cầu | R29: =+R30 | S29: =+S30 | AB29: 09-XL-307HG/PYCNT/MB-ĐCV | AG29: NTCV | AH29: >=3;<=6 | AR29: Nhóm 1 | AT29: HM02 | AU29: PYC | AV29: 2 | AW29: 2
A30: NTCV | B30: K.9999 | C30: NTCV.0053504 | J30: 11 | K30: K.9999 | L30: ="Đắp nền đường công vụ nhánh 6 lớp số "&M30 | M30: 29 | N30: Km0+0 -:- 9(Km0+89.62) | O30: Cầu Km19+529.080 | P30: =+S23 | Q30: =+P30+1 | R30: =+Q30-1 | S30: =+Q30 | T30: 0.35416667 | U30: =+T30+V30 | V30: 0.010416667 | W30: =TEXT(T30,"HH""h""MM'")&"÷"&TEXT(U30,"HH""h""MM'") | Z30: 01A; | AA30: =+L30 | AB30: 09-XL-307HG/PYCNT/MB-ĐCV-2 | AC30: 09-XL-307HG/PYCNT/MB-ĐCV-2 | AR30: Nhóm 1 | AT30: HM02 | AU30: NTCV | AV30: 3 | AW30: 3
A31: BBK371 | B31: KTHH_DAP | C31: BBK371.0592458 | J31: 12 | K31: KTHH_DAP | L31: =L30 | M31: =+M30 | N31: Km0+0 -:- 9(Km0+89.62) | O31: Cầu Km19+529.080 | S31: =+S30 | AC31: =AC30 | AG31: DAPNEN_DCV6 | AH31: >=1;<=19 | AQ31: Ảnh\dapnendcv.png | AR31: Nhóm 1 | AT31: HM02 | AU31: KTHH_DAP | AV31: 1 | AW31: 1
A32: BBK957 | B32: PLKL01 | C32: BBK957.0468700 | J32: 13 | K32: PLKL01 | L32: =+L31 | M32: =+M31 | N32: =+N31 | O32: =+O31 | S32: =+S31 | AG32: =+AG31 | AH32: >=38;<=56 | AR32: Nhóm 1 | AT32: HM02 | AU32: PLKL01 | AV32: 3 | AW32: 3
A33: NTCV | B33: K.9999 | C33: NTCV.0298165 | J33: 14 | K33: K.9999 | L33: ="Đắp nền đường công vụ nhánh 6 lớp số "&M33 | M33: 28 | N33: Km0+0 -:- 9(Km0+89.62) | O33: Cầu Km19+529.080 | P33: =+P30 | Q33: =+P33+1 | R33: =+Q33-1 | S33: =+Q33 | T33: =U30+TIME(,10,) | U33: =+T33+V33 | V33: 0.010416667 | W33: =TEXT(T33,"HH""h""MM'")&"÷"&TEXT(U33,"HH""h""MM'") | Z33: 01A; | AA33: =+L33 | AB33: =+AB30 | AC33: =+AC30 | AR33: Nhóm 1 | AT33: HM02 | AU33: NTCV | AV33: 4 | AW33: 4
A34: BBK371 | B34: KTHH_DAP | C34: BBK371.0622696 | J34: 15 | K34: KTHH_DAP | L34: =L33 | M34: =+M33 | N34: Km0+0 -:- 9(Km0+89.62) | O34: Cầu Km19+529.080 | S34: =+S33 | AC34: =+AC33 | AG34: DAPNEN_DCV6 | AH34: >=1;<=19 | AQ34: Ảnh\dapnendcv.png | AR34: Nhóm 1 | AT34: HM02 | AU34: KTHH_DAP | AV34: 2 | AW34: 2
A35: BBK957 | B35: PLKL01 | C35: BBK957.0647821 | J35: 16 | K35: PLKL01 | L35: =+L34 | M35: =+M34 | N35: =+N34 | O35: =+O34 | S35: =+S34 | AG35: =+AG34 | AH35: >=38;<=56 | AR35: Nhóm 1 | AT35: HM02 | AU35: PLKL01 | AV35: 4 | AW35: 4
A36: NTCV | B36: K.9999 | C36: NTCV.0263792 | J36: 17 | K36: K.9999 | L36: ="Đắp nền đường công vụ nhánh 6 lớp số "&M36 | M36: 27 | N36: Km0+0 -:- 9(Km0+89.62) | O36: Cầu Km19+529.080 | P36: =+P33 | Q36: =+P36+1 | R36: =+Q36-1 | S36: =+Q36 | T36: =U33+TIME(,10,) | U36: =+T36+V36 | V36: 0.010416667 | W36: =TEXT(T36,"HH""h""MM'")&"÷"&TEXT(U36,"HH""h""MM'") | Z36: 01A; | AA36: =+L36 | AB36: =+AB33 | AC36: =+AC33 | AR36: Nhóm 1 | AT36: HM02 | AU36: NTCV | AV36: 5 | AW36: 5
A37: BBK371 | B37: KTHH_DAP | C37: BBK371.0279342 | J37: 18 | K37: KTHH_DAP | L37: =L36 | M37: =+M36 | N37: Km0+0 -:- 9(Km0+89.62) | O37: Cầu Km19+529.080 | S37: =+S36 | AC37: =+AC36 | AG37: DAPNEN_DCV6 | AH37: >=1;<=19 | AQ37: Ảnh\dapnendcv.png | AR37: Nhóm 1 | AT37: HM02 | AU37: KTHH_DAP | AV37: 3 | AW37: 3
A38: BBK957 | B38: PLKL01 | C38: BBK957.0829801 | J38: 19 | K38: PLKL01 | L38: =+L37 | M38: =+M37 | N38: =+N37 | O38: =+O37 | S38: =+S37 | AG38: =+AG37 | AH38: >=38;<=56 | AR38: Nhóm 1 | AT38: HM02 | AU38: PLKL01 | AV38: 5 | AW38: 5
A39: NTCV | B39: K.9999 | C39: NTCV.0824602 | J39: 20 | K39: K.9999 | L39: ="Đắp nền đường công vụ nhánh 6 lớp số "&M39 | M39: 26 | N39: Km0+0 -:- 9(Km0+89.62) | O39: Cầu Km19+529.080 | P39: =+P36 | Q39: =+P39+1 | R39: =+Q39-1 | S39: =+Q39 | T39: =U36+TIME(,10,) | U39: =+T39+V39 | V39: 0.010416667 | W39: =TEXT(T39,"HH""h""MM'")&"÷"&TEXT(U39,"HH""h""MM'") | Z39: 01A; | AA39: =+L39 | AB39: =+AB36 | AC39: =+AC36 | AR39: Nhóm 1 | AT39: HM02 | AU39: NTCV | AV39: 6 | AW39: 6
A40: BBK371 | B40: KTHH_DAP | C40: BBK371.0589163 | J40: 21 | K40: KTHH_DAP | L40: =L39 | M40: =+M39 | N40: Km0+0 -:- 9(Km0+89.62) | O40: Cầu Km19+529.080 | S40: =+S39 | AC40: =+AC39 | AG40: DAPNEN_DCV6 | AH40: >=1;<=19 | AQ40: Ảnh\dapnendcv.png | AR40: Nhóm 1 | AT40: HM02 | AU40: KTHH_DAP | AV40: 4 | AW40: 4
A41: BBK957 | B41: PLKL01 | C41: BBK957.0986093 | J41: 22 | K41: PLKL01 | L41: =+L40 | M41: =+M40 | N41: =+N40 | O41: =+O40 | S41: =+S40 | AG41: =+AG40 | AH41: >=38;<=56 | AR41: Nhóm 1 | AT41: HM02 | AU41: PLKL01 | AV41: 6 | AW41: 6
A42: BBK680 | B42: PYC | C42: BBK680.0910964 | J42: 23 | K42: PYC | L42: phiếu yêu cầu | R42: =+R43 | S42: =+S43 | AB42: 09-XL-307HG/PYCNT/MB-ĐCV | AG42: NTCV | AH42: >=7;<=10 | AR42: Nhóm 1 | AT42: HM02 | AU42: PYC | AV42: 3 | AW42: 3
A43: NTCV | B43: K.9999 | C43: NTCV.0226866 | J43: 24 | K43: K.9999 | L43: ="Đắp nền đường công vụ nhánh 6 lớp số "&M43 | M43: 25 | N43: Km0+0 -:- 9(Km0+89.62) | O43: Cầu Km19+529.080 | P43: =+S39 | Q43: =+P43+1 | R43: =+Q43-1 | S43: =+Q43 | T43: 0.35416667 | U43: =+T43+V43 | V43: 0.010416667 | W43: =TEXT(T43,"HH""h""MM'")&"÷"&TEXT(U43,"HH""h""MM'") | Z43: 01A; | AA43: =+L43 | AB43: 09-XL-307HG/PYCNT/MB-ĐCV-3 | AC43: 09-XL-307HG/PYCNT/MB-ĐCV-3 | AR43: Nhóm 1 | AT43: HM02 | AU43: NTCV | AV43: 7 | AW43: 7
A44: BBK371 | B44: KTHH_DAP | C44: BBK371.0695115 | J44: 25 | K44: KTHH_DAP | L44: =L43 | M44: =+M43 | N44: Km0+0 -:- 9(Km0+89.62) | O44: Cầu Km19+529.080 | S44: =+S43 | AC44: =AC43 | AG44: DAPNEN_DCV6 | AH44: >=1;<=19 | AQ44: Ảnh\dapnendcv.png | AR44: Nhóm 1 | AT44: HM02 | AU44: KTHH_DAP | AV44: 5 | AW44: 5
A45: BBK957 | B45: PLKL01 | C45: BBK957.0980003 | J45: 26 | K45: PLKL01 | L45: =+L44 | M45: =+M44 | N45: =+N44 | O45: =+O44 | S45: =+S44 | AG45: =+AG44 | AH45: >=38;<=56 | AR45: Nhóm 1 | AT45: HM02 | AU45: PLKL01 | AV45: 7 | AW45: 7
A46: NTCV | B46: K.9999 | C46: NTCV.0243931 | J46: 27 | K46: K.9999 | L46: ="Đắp nền đường công vụ nhánh 6 lớp số "&M46 | M46: 24 | N46: Km0+0 -:- 9(Km0+89.62) | O46: Cầu Km19+529.080 | P46: =+P43 | Q46: =+P46+1 | R46: =+Q46-1 | S46: =+Q46 | T46: =U43+TIME(,10,) | U46: =+T46+V46 | V46: 0.010416667 | W46: =TEXT(T46,"HH""h""MM'")&"÷"&TEXT(U46,"HH""h""MM'") | Z46: 01A; | AA46: =+L46 | AB46: =+AB43 | AC46: =+AC43 | AR46: Nhóm 1 | AT46: HM02 | AU46: NTCV | AV46: 8 | AW46: 8
A47: BBK371 | B47: KTHH_DAP | C47: BBK371.0533873 | J47: 28 | K47: KTHH_DAP | L47: =L46 | M47: =+M46 | N47: Km0+0 -:- 9(Km0+89.62) | O47: Cầu Km19+529.080 | S47: =+S46 | AC47: =+AC46 | AG47: DAPNEN_DCV6 | AH47: >=1;<=19 | AQ47: Ảnh\dapnendcv.png | AR47: Nhóm 1 | AT47: HM02 | AU47: KTHH_DAP | AV47: 6 | AW47: 6
A48: BBK957 | B48: PLKL01 | C48: BBK957.0106369 | J48: 29 | K48: PLKL01 | L48: =+L47 | M48: =+M47 | N48: =+N47 | O48: =+O47 | S48: =+S47 | AG48: =+AG47 | AH48: >=38;<=56 | AR48: Nhóm 1 | AT48: HM02 | AU48: PLKL01 | AV48: 8 | AW48: 8
A49: NTCV | B49: K.9999 | C49: NTCV.0999414 | J49: 30 | K49: K.9999 | L49: ="Đắp nền đường công vụ nhánh 6 lớp số "&M49 | M49: 23 | N49: Km0+0 -:- 9(Km0+89.62) | O49: Cầu Km19+529.080 | P49: =+P46 | Q49: =+P49+1 | R49: =+Q49-1 | S49: =+Q49 | T49: =U46+TIME(,10,) | U49: =+T49+V49 | V49: 0.010416667 | W49: =TEXT(T49,"HH""h""MM'")&"÷"&TEXT(U49,"HH""h""MM'") | Z49: 01A; | AA49: =+L49 | AB49: =+AB46 | AC49: =+AC46 | AR49: Nhóm 1 | AT49: HM02 | AU49: NTCV | AV49: 9 | AW49: 9
A50: BBK371 | B50: KTHH_DAP | C50: BBK371.0676175 | J50: 31 | K50: KTHH_DAP | L50: =L49 | M50: =+M49 | N50: Km0+0 -:- 9(Km0+89.62) | O50: Cầu Km19+529.080 | S50: =+S49 | AC50: =+AC49 | AG50: DAPNEN_DCV6 | AH50: >=1;<=19 | AQ50: Ảnh\dapnendcv.png | AR50: Nhóm 1 | AT50: HM02 | AU50: KTHH_DAP | AV50: 7 | AW50: 7
A51: BBK957 | B51: PLKL01 | C51: BBK957.0015703 | J51: 32 | K51: PLKL01 | L51: =+L50 | M51: =+M50 | N51: =+N50 | O51: =+O50 | S51: =+S50 | AG51: =+AG50 | AH51: >=38;<=56 | AR51: Nhóm 1 | AT51: HM02 | AU51: PLKL01 | AV51: 9 | AW51: 9
A52: NTCV | B52: K.9999 | C52: NTCV.0575183 | J52: 33 | K52: K.9999 | L52: ="Đắp nền đường công vụ nhánh 6 lớp số "&M52 | M52: 22 | N52: Km0+0 -:- 9(Km0+89.62) | O52: Cầu Km19+529.080 | P52: =+P49 | Q52: =+P52+1 | R52: =+Q52-1 | S52: =+Q52 | T52: =U49+TIME(,10,) | U52: =+T52+V52 | V52: 0.010416667 | W52: =TEXT(T52,"HH""h""MM'")&"÷"&TEXT(U52,"HH""h""MM'") | Z52: 01A; | AA52: =+L52 | AB52: =+AB49 | AC52: =+AC49 | AR52: Nhóm 1 | AT52: HM02 | AU52: NTCV | AV52: 10 | AW52: 10
A53: BBK371 | B53: KTHH_DAP | C53: BBK371.0100052 | J53: 34 | K53: KTHH_DAP | L53: =L52 | M53: =+M52 | N53: Km0+0 -:- 9(Km0+89.62) | O53: Cầu Km19+529.080 | S53: =+S52 | AC53: =+AC52 | AG53: DAPNEN_DCV6 | AH53: >=1;<=19 | AQ53: Ảnh\dapnendcv.png | AR53: Nhóm 1 | AT53: HM02 | AU53: KTHH_DAP | AV53: 8 | AW53: 8
A54: BBK957 | B54: PLKL01 | C54: BBK957.0103022 | J54: 35 | K54: PLKL01 | L54: =+L53 | M54: =+M53 | N54: =+N53 | O54: =+O53 | S54: =+S53 | AG54: =+AG53 | AH54: >=38;<=56 | AR54: Nhóm 1 | AT54: HM02 | AU54: PLKL01 | AV54: 10 | AW54: 10
A55: BBK680 | B55: PYC | C55: BBK680.0798884 | J55: 36 | K55: PYC | L55: phiếu yêu cầu | R55: =+R56 | S55: =+S56 | AB55: 09-XL-307HG/PYCNT/MB-ĐCV | AG55: NTCV | AH55: >=11;<=14 | AR55: Nhóm 1 | AT55: HM02 | AU55: PYC | AV55: 4 | AW55: 4
A56: NTCV | B56: K.9999 | C56: NTCV.0284480 | J56: 37 | K56: K.9999 | L56: ="Đắp nền đường công vụ nhánh 6 lớp số "&M56 | M56: 21 | N56: Km0+0 -:- 9(Km0+89.62) | O56: Cầu Km19+529.080 | P56: =+S52 | Q56: =+P56+1 | R56: =+Q56-1 | S56: =+Q56 | T56: 0.35416667 | U56: =+T56+V56 | V56: 0.010416667 | W56: =TEXT(T56,"HH""h""MM'")&"÷"&TEXT(U56,"HH""h""MM'") | Z56: 01A; | AA56: =+L56 | AB56: 09-XL-307HG/PYCNT/MB-ĐCV-4 | AC56: 09-XL-307HG/PYCNT/MB-ĐCV-4 | AR56: Nhóm 1 | AT56: HM02 | AU56: NTCV | AV56: 11 | AW56: 11
A57: BBK371 | B57: KTHH_DAP | C57: BBK371.0045649 | J57: 38 | K57: KTHH_DAP | L57: =L56 | M57: =+M56 | N57: Km0+0 -:- 9(Km0+89.62) | O57: Cầu Km19+529.080 | S57: =+S56 | AC57: =AC56 | AG57: DAPNEN_DCV6 | AH57: >=1;<=19 | AQ57: Ảnh\dapnendcv.png | AR57: Nhóm 1 | AT57: HM02 | AU57: KTHH_DAP | AV57: 9 | AW57: 9
A58: BBK957 | B58: PLKL01 | C58: BBK957.0295772 | J58: 39 | K58: PLKL01 | L58: =+L57 | M58: =+M57 | N58: =+N57 | O58: =+O57 | S58: =+S57 | AG58: =+AG57 | AH58: >=38;<=56 | AR58: Nhóm 1 | AT58: HM02 | AU58: PLKL01 | AV58: 11 | AW58: 11
A59: NTCV | B59: K.9999 | C59: NTCV.0382010 | J59: 40 | K59: K.9999 | L59: ="Đắp nền đường công vụ nhánh 6 lớp số "&M59 | M59: 20 | N59: Km0+0 -:- 9(Km0+89.62) | O59: Cầu Km19+529.080 | P59: =+P56 | Q59: =+P59+1 | R59: =+Q59-1 | S59: =+Q59 | T59: =U56+TIME(,10,) | U59: =+T59+V59 | V59: 0.010416667 | W59: =TEXT(T59,"HH""h""MM'")&"÷"&TEXT(U59,"HH""h""MM'") | Z59: 01A; | AA59: =+L59 | AB59: =+AB56 | AC59: =+AC56 | AR59: Nhóm 1 | AT59: HM02 | AU59: NTCV | AV59: 12 | AW59: 12
A60: BBK371 | B60: KTHH_DAP | C60: BBK371.0300970 | J60: 41 | K60: KTHH_DAP | L60: =L59 | M60: =+M59 | N60: Km0+0 -:- 9(Km0+89.62) | O60: Cầu Km19+529.080 | S60: =+S59 | AC60: =+AC59 | AG60: DAPNEN_DCV6 | AH60: >=1;<=19 | AQ60: Ảnh\dapnendcv.png | AR60: Nhóm 1 | AT60: HM02 | AU60: KTHH_DAP | AV60: 10 | AW60: 10
A61: BBK957 | B61: PLKL01 | C61: BBK957.0948571 | J61: 42 | K61: PLKL01 | L61: =+L60 | M61: =+M60 | N61: =+N60 | O61: =+O60 | S61: =+S60 | AG61: =+AG60 | AH61: >=38;<=56 | AR61: Nhóm 1 | AT61: HM02 | AU61: PLKL01 | AV61: 12 | AW61: 12
A62: NTCV | B62: K.9999 | C62: NTCV.0979829 | J62: 43 | K62: K.9999 | L62: ="Đắp nền đường công vụ nhánh 6 lớp số "&M62 | M62: 19 | N62: Km0+0 -:- 9(Km0+89.62) | O62: Cầu Km19+529.080 | P62: =+P59 | Q62: =+P62+1 | R62: =+Q62-1 | S62: =+Q62 | T62: =U59+TIME(,10,) | U62: =+T62+V62 | V62: 0.010416667 | W62: =TEXT(T62,"HH""h""MM'")&"÷"&TEXT(U62,"HH""h""MM'") | Z62: 01A; | AA62: =+L62 | AB62: =+AB59 | AC62: =+AC59 | AR62: Nhóm 1 | AT62: HM02 | AU62: NTCV | AV62: 13 | AW62: 13
A63: BBK371 | B63: KTHH_DAP | C63: BBK371.0401374 | J63: 44 | K63: KTHH_DAP | L63: =L62 | M63: =+M62 | N63: Km0+0 -:- 9(Km0+89.62) | O63: Cầu Km19+529.080 | S63: =+S62 | AC63: =+AC62 | AG63: DAPNEN_DCV6 | AH63: >=1;<=19 | AQ63: Ảnh\dapnendcv.png | AR63: Nhóm 1 | AT63: HM02 | AU63: KTHH_DAP | AV63: 11 | AW63: 11
A64: BBK957 | B64: PLKL01 | C64: BBK957.0278279 | J64: 45 | K64: PLKL01 | L64: =+L63 | M64: =+M63 | N64: =+N63 | O64: =+O63 | S64: =+S63 | AG64: =+AG63 | AH64: >=38;<=56 | AR64: Nhóm 1 | AT64: HM02 | AU64: PLKL01 | AV64: 13 | AW64: 13
A65: NTCV | B65: K.9999 | C65: NTCV.0160441 | J65: 46 | K65: K.9999 | L65: ="Đắp nền đường công vụ nhánh 6 lớp số "&M65 | M65: 18 | N65: Km0+0 -:- 9(Km0+89.62) | O65: Cầu Km19+529.080 | P65: =+P62 | Q65: =+P65+1 | R65: =+Q65-1 | S65: =+Q65 | T65: =U62+TIME(,10,) | U65: =+T65+V65 | V65: 0.010416667 | W65: =TEXT(T65,"HH""h""MM'")&"÷"&TEXT(U65,"HH""h""MM'") | Z65: 01A; | AA65: =+L65 | AB65: =+AB62 | AC65: =+AC62 | AR65: Nhóm 1 | AT65: HM02 | AU65: NTCV | AV65: 14 | AW65: 14
A66: BBK371 | B66: KTHH_DAP | C66: BBK371.0162821 | J66: 47 | K66: KTHH_DAP | L66: =L65 | M66: =+M65 | N66: Km0+0 -:- 9(Km0+89.62) | O66: Cầu Km19+529.080 | S66: =+S65 | AC66: =+AC65 | AG66: DAPNEN_DCV6 | AH66: >=1;<=19 | AQ66: Ảnh\dapnendcv.png | AR66: Nhóm 1 | AT66: HM02 | AU66: KTHH_DAP | AV66: 12 | AW66: 12
A67: BBK957 | B67: PLKL01 | C67: BBK957.0646587 | J67: 48 | K67: PLKL01 | L67: =+L66 | M67: =+M66 | N67: =+N66 | O67: =+O66 | S67: =+S66 | AG67: =+AG66 | AH67: >=38;<=56 | AR67: Nhóm 1 | AT67: HM02 | AU67: PLKL01 | AV67: 14 | AW67: 14
A68: BBK680 | B68: PYC | C68: BBK680.0410073 | J68: 49 | K68: PYC | L68: phiếu yêu cầu | R68: =+R69 | S68: =+S69 | AB68: 09-XL-307HG/PYCNT/MB-ĐCV | AG68: NTCV | AH68: >=15;<=18 | AR68: Nhóm 1 | AT68: HM02 | AU68: PYC | AV68: 5 | AW68: 5
A69: NTCV | B69: K.9999 | C69: NTCV.0412766 | J69: 50 | K69: K.9999 | L69: ="Đắp nền đường công vụ nhánh 6 lớp số "&M69 | M69: 17 | N69: Km0+0 -:- 9(Km0+89.62) | O69: Cầu Km19+529.080 | P69: =+S65 | Q69: =+P69+1 | R69: =+Q69-1 | S69: =+Q69 | T69: 0.35416667 | U69: =+T69+V69 | V69: 0.010416667 | W69: =TEXT(T69,"HH""h""MM'")&"÷"&TEXT(U69,"HH""h""MM'") | Z69: 01A; | AA69: =+L69 | AB69: 09-XL-307HG/PYCNT/MB-ĐCV-5 | AC69: 09-XL-307HG/PYCNT/MB-ĐCV-5 | AR69: Nhóm 1 | AT69: HM02 | AU69: NTCV | AV69: 15 | AW69: 15
A70: BBK371 | B70: KTHH_DAP | C70: BBK371.0712730 | J70: 51 | K70: KTHH_DAP | L70: =L69 | M70: =+M69 | N70: Km0+0 -:- 9(Km0+89.62) | O70: Cầu Km19+529.080 | S70: =+S69 | AC70: =AC69 | AG70: DAPNEN_DCV6 | AH70: >=1;<=19 | AQ70: Ảnh\dapnendcv.png | AR70: Nhóm 1 | AT70: HM02 | AU70: KTHH_DAP | AV70: 13 | AW70: 13
A71: BBK957 | B71: PLKL01 | C71: BBK957.0326206 | J71: 52 | K71: PLKL01 | L71: =+L70 | M71: =+M70 | N71: =+N70 | O71: =+O70 | S71: =+S70 | AG71: =+AG70 | AH71: >=38;<=56 | AR71: Nhóm 1 | AT71: HM02 | AU71: PLKL01 | AV71: 15 | AW71: 15
A72: NTCV | B72: K.9999 | C72: NTCV.0633178 | J72: 53 | K72: K.9999 | L72: ="Đắp nền đường công vụ nhánh 6 lớp số "&M72 | M72: 16 | N72: Km0+0 -:- 9(Km0+89.62) | O72: Cầu Km19+529.080 | P72: =+P69 | Q72: =+P72+1 | R72: =+Q72-1 | S72: =+Q72 | T72: =U69+TIME(,10,) | U72: =+T72+V72 | V72: 0.010416667 | W72: =TEXT(T72,"HH""h""MM'")&"÷"&TEXT(U72,"HH""h""MM'") | Z72: 01A; | AA72: =+L72 | AB72: =+AB69 | AC72: =+AC69 | AR72: Nhóm 1 | AT72: HM02 | AU72: NTCV | AV72: 16 | AW72: 16
A73: BBK371 | B73: KTHH_DAP | C73: BBK371.0207561 | J73: 54 | K73: KTHH_DAP | L73: =L72 | M73: =+M72 | N73: Km0+0 -:- 9(Km0+89.62) | O73: Cầu Km19+529.080 | S73: =+S72 | AC73: =+AC72 | AG73: DAPNEN_DCV6 | AH73: >=1;<=19 | AQ73: Ảnh\dapnendcv.png | AR73: Nhóm 1 | AT73: HM02 | AU73: KTHH_DAP | AV73: 14 | AW73: 14
A74: BBK957 | B74: PLKL01 | C74: BBK957.0186013 | J74: 55 | K74: PLKL01 | L74: =+L73 | M74: =+M73 | N74: =+N73 | O74: =+O73 | S74: =+S73 | AG74: =+AG73 | AH74: >=38;<=56 | AR74: Nhóm 1 | AT74: HM02 | AU74: PLKL01 | AV74: 16 | AW74: 16
A75: NTCV | B75: K.9999 | C75: NTCV.0583359 | J75: 56 | K75: K.9999 | L75: ="Đắp nền đường công vụ nhánh 6 lớp số "&M75 | M75: 15 | N75: Km0+0 -:- 9(Km0+89.62) | O75: Cầu Km19+529.080 | P75: =+P72 | Q75: =+P75+1 | R75: =+Q75-1 | S75: =+Q75 | T75: =U72+TIME(,10,) | U75: =+T75+V75 | V75: 0.010416667 | W75: =TEXT(T75,"HH""h""MM'")&"÷"&TEXT(U75,"HH""h""MM'") | Z75: 01A; | AA75: =+L75 | AB75: =+AB72 | AC75: =+AC72 | AR75: Nhóm 1 | AT75: HM02 | AU75: NTCV | AV75: 17 | AW75: 17
A76: BBK371 | B76: KTHH_DAP | C76: BBK371.0080714 | J76: 57 | K76: KTHH_DAP | L76: =L75 | M76: =+M75 | N76: Km0+0 -:- 9(Km0+89.62) | O76: Cầu Km19+529.080 | S76: =+S75 | AC76: =+AC75 | AG76: DAPNEN_DCV6 | AH76: >=1;<=19 | AQ76: Ảnh\dapnendcv.png | AR76: Nhóm 1 | AT76: HM02 | AU76: KTHH_DAP | AV76: 15 | AW76: 15
A77: BBK957 | B77: PLKL01 | C77: BBK957.0457971 | J77: 58 | K77: PLKL01 | L77: =+L76 | M77: =+M76 | N77: =+N76 | O77: =+O76 | S77: =+S76 | AG77: =+AG76 | AH77: >=38;<=56 | AR77: Nhóm 1 | AT77: HM02 | AU77: PLKL01 | AV77: 17 | AW77: 17
A78: NTCV | B78: K.9999 | C78: NTCV.0905729 | J78: 59 | K78: K.9999 | L78: ="Đắp nền đường công vụ nhánh 6 lớp số "&M78 | M78: 14 | N78: Km0+0 -:- 9(Km0+89.62) | O78: Cầu Km19+529.080 | P78: =+P75 | Q78: =+P78+1 | R78: =+Q78-1 | S78: =+Q78 | T78: =U75+TIME(,10,) | U78: =+T78+V78 | V78: 0.010416667 | W78: =TEXT(T78,"HH""h""MM'")&"÷"&TEXT(U78,"HH""h""MM'") | Z78: 01A; | AA78: =+L78 | AB78: =+AB75 | AC78: =+AC75 | AR78: Nhóm 1 | AT78: HM02 | AU78: NTCV | AV78: 18 | AW78: 18
A79: BBK371 | B79: KTHH_DAP | C79: BBK371.0261368 | J79: 60 | K79: KTHH_DAP | L79: =L78 | M79: =+M78 | N79: Km0+0 -:- 9(Km0+89.62) | O79: Cầu Km19+529.080 | S79: =+S78 | AC79: =+AC78 | AG79: DAPNEN_DCV6 | AH79: >=1;<=19 | AQ79: Ảnh\dapnendcv.png | AR79: Nhóm 1 | AT79: HM02 | AU79: KTHH_DAP | AV79: 16 | AW79: 16
A80: BBK957 | B80: PLKL01 | C80: BBK957.0785212 | J80: 61 | K80: PLKL01 | L80: =+L79 | M80: =+M79 | N80: =+N79 | O80: =+O79 | S80: =+S79 | AG80: =+AG79 | AH80: >=38;<=56 | AR80: Nhóm 1 | AT80: HM02 | AU80: PLKL01 | AV80: 18 | AW80: 18
A81: BBK680 | B81: PYC | C81: BBK680.0378902 | J81: 62 | K81: PYC | L81: phiếu yêu cầu | R81: =+R82 | S81: =+S82 | AB81: 09-XL-307HG/PYCNT/MB-ĐCV | AG81: NTCV | AH81: >=19;<=22 | AR81: Nhóm 1 | AT81: HM02 | AU81: PYC | AV81: 6 | AW81: 6
A82: NTCV | B82: K.9999 | C82: NTCV.0289665 | J82: 63 | K82: K.9999 | L82: ="Đắp nền đường công vụ nhánh 6 lớp số "&M82 | M82: 13 | N82: Km0+0 -:- 9(Km0+89.62) | O82: Cầu Km19+529.080 | P82: =+S78 | Q82: =+P82+1 | R82: =+Q82-1 | S82: =+Q82 | T82: 0.35416667 | U82: =+T82+V82 | V82: 0.010416667 | W82: =TEXT(T82,"HH""h""MM'")&"÷"&TEXT(U82,"HH""h""MM'") | Z82: 01A; | AA82: =+L82 | AB82: 09-XL-307HG/PYCNT/MB-ĐCV-6 | AC82: 09-XL-307HG/PYCNT/MB-ĐCV-6 | AR82: Nhóm 1 | AT82: HM02 | AU82: NTCV | AV82: 19 | AW82: 19
A83: BBK371 | B83: KTHH_DAP | C83: BBK371.0919377 | J83: 64 | K83: KTHH_DAP | L83: =L82 | M83: =+M82 | N83: Km0+0 -:- 9(Km0+89.62) | O83: Cầu Km19+529.080 | S83: =+S82 | AC83: =AC82 | AG83: DAPNEN_DCV6 | AH83: >=1;<=19 | AQ83: Ảnh\dapnendcv.png | AR83: Nhóm 1 | AT83: HM02 | AU83: KTHH_DAP | AV83: 17 | AW83: 17
A84: BBK957 | B84: PLKL01 | C84: BBK957.0631742 | J84: 65 | K84: PLKL01 | L84: =+L83 | M84: =+M83 | N84: =+N83 | O84: =+O83 | S84: =+S83 | AG84: =+AG83 | AH84: >=38;<=56 | AR84: Nhóm 1 | AT84: HM02 | AU84: PLKL01 | AV84: 19 | AW84: 19
A85: NTCV | B85: K.9999 | C85: NTCV.0627642 | J85: 66 | K85: K.9999 | L85: ="Đắp nền đường công vụ nhánh 6 lớp số "&M85 | M85: 12 | N85: Km0+0 -:- 9(Km0+89.62) | O85: Cầu Km19+529.080 | P85: =+P82 | Q85: =+P85+1 | R85: =+Q85-1 | S85: =+Q85 | T85: =U82+TIME(,10,) | U85: =+T85+V85 | V85: 0.010416667 | W85: =TEXT(T85,"HH""h""MM'")&"÷"&TEXT(U85,"HH""h""MM'") | Z85: 01A; | AA85: =+L85 | AB85: =+AB82 | AC85: =+AC82 | AR85: Nhóm 1 | AT85: HM02 | AU85: NTCV | AV85: 20 | AW85: 20
A86: BBK371 | B86: KTHH_DAP | C86: BBK371.0428456 | J86: 67 | K86: KTHH_DAP | L86: =L85 | M86: =+M85 | N86: Km0+0 -:- 9(Km0+89.62) | O86: Cầu Km19+529.080 | S86: =+S85 | AC86: =+AC85 | AG86: DAPNEN_DCV6 | AH86: >=1;<=19 | AQ86: Ảnh\dapnendcv.png | AR86: Nhóm 1 | AT86: HM02 | AU86: KTHH_DAP | AV86: 18 | AW86: 18
A87: BBK957 | B87: PLKL01 | C87: BBK957.0097973 | J87: 68 | K87: PLKL01 | L87: =+L86 | M87: =+M86 | N87: =+N86 | O87: =+O86 | S87: =+S86 | AG87: =+AG86 | AH87: >=38;<=56 | AR87: Nhóm 1 | AT87: HM02 | AU87: PLKL01 | AV87: 20 | AW87: 20
A88: NTCV | B88: K.9999 | C88: NTCV.0561040 | J88: 69 | K88: K.9999 | L88: ="Đắp nền đường công vụ nhánh 6 lớp số "&M88 | M88: 11 | N88: Km0+0 -:- 9(Km0+89.62) | O88: Cầu Km19+529.080 | P88: =+P85 | Q88: =+P88+1 | R88: =+Q88-1 | S88: =+Q88 | T88: =U85+TIME(,10,) | U88: =+T88+V88 | V88: 0.010416667 | W88: =TEXT(T88,"HH""h""MM'")&"÷"&TEXT(U88,"HH""h""MM'") | Z88: 01A; | AA88: =+L88 | AB88: =+AB85 | AC88: =+AC85 | AR88: Nhóm 1 | AT88: HM02 | AU88: NTCV | AV88: 21 | AW88: 21
A89: BBK371 | B89: KTHH_DAP | C89: BBK371.0694485 | J89: 70 | K89: KTHH_DAP | L89: =L88 | M89: =+M88 | N89: Km0+0 -:- 9(Km0+89.62) | O89: Cầu Km19+529.080 | S89: =+S88 | AC89: =+AC88 | AG89: DAPNEN_DCV6 | AH89: >=1;<=19 | AQ89: Ảnh\dapnendcv.png | AR89: Nhóm 1 | AT89: HM02 | AU89: KTHH_DAP | AV89: 19 | AW89: 19
A90: BBK957 | B90: PLKL01 | C90: BBK957.0913717 | J90: 71 | K90: PLKL01 | L90: =+L89 | M90: =+M89 | N90: =+N89 | O90: =+O89 | S90: =+S89 | AG90: =+AG89 | AH90: >=38;<=56 | AR90: Nhóm 1 | AT90: HM02 | AU90: PLKL01 | AV90: 21 | AW90: 21
A91: NTCV | B91: K.9999 | C91: NTCV.0834817 | J91: 72 | K91: K.9999 | L91: ="Đắp nền đường công vụ nhánh 6 lớp số "&M91 | M91: 10 | N91: Km0+0 -:- 9(Km0+89.62) | O91: Cầu Km19+529.080 | P91: =+P88 | Q91: =+P91+1 | R91: =+Q91-1 | S91: =+Q91 | T91: =U88+TIME(,10,) | U91: =+T91+V91 | V91: 0.010416667 | W91: =TEXT(T91,"HH""h""MM'")&"÷"&TEXT(U91,"HH""h""MM'") | Z91: 01A; | AA91: =+L91 | AB91: =+AB88 | AC91: =+AC88 | AR91: Nhóm 1 | AT91: HM02 | AU91: NTCV | AV91: 22 | AW91: 22
A92: BBK371 | B92: KTHH_DAP | C92: BBK371.0022629 | J92: 73 | K92: KTHH_DAP | L92: =L91 | M92: =+M91 | N92: Km0+0 -:- 9(Km0+89.62) | O92: Cầu Km19+529.080 | S92: =+S91 | AC92: =+AC91 | AG92: DAPNEN_DCV6 | AH92: >=1;<=19 | AQ92: Ảnh\dapnendcv.png | AR92: Nhóm 1 | AT92: HM02 | AU92: KTHH_DAP | AV92: 20 | AW92: 20
A93: BBK957 | B93: PLKL01 | C93: BBK957.0543360 | J93: 74 | K93: PLKL01 | L93: =+L92 | M93: =+M92 | N93: =+N92 | O93: =+O92 | S93: =+S92 | AG93: =+AG92 | AH93: >=38;<=56 | AR93: Nhóm 1 | AT93: HM02 | AU93: PLKL01 | AV93: 22 | AW93: 22
A94: BBK680 | B94: PYC | C94: BBK680.0916163 | J94: 75 | K94: PYC | L94: phiếu yêu cầu | R94: =+R95 | S94: =+S95 | AB94: 09-XL-307HG/PYCNT/MB-ĐCV | AG94: NTCV | AH94: >=23;<=26 | AR94: Nhóm 1 | AT94: HM02 | AU94: PYC | AV94: 7 | AW94: 7
A95: NTCV | B95: K.9999 | C95: NTCV.0430261 | J95: 76 | K95: K.9999 | L95: ="Đắp nền đường công vụ nhánh 6 lớp số "&M95 | M95: 9 | N95: Km0+0 -:- 9(Km0+89.62) | O95: Cầu Km19+529.080 | P95: =+S91 | Q95: =+P95+1 | R95: =+Q95-1 | S95: =+Q95 | T95: 0.35416667 | U95: =+T95+V95 | V95: 0.010416667 | W95: =TEXT(T95,"HH""h""MM'")&"÷"&TEXT(U95,"HH""h""MM'") | Z95: 01A; | AA95: =+L95 | AB95: 09-XL-307HG/PYCNT/MB-ĐCV-7 | AC95: 09-XL-307HG/PYCNT/MB-ĐCV-7 | AR95: Nhóm 1 | AT95: HM02 | AU95: NTCV | AV95: 23 | AW95: 23
A96: BBK371 | B96: KTHH_DAP | C96: BBK371.0677947 | J96: 77 | K96: KTHH_DAP | L96: =L95 | M96: =+M95 | N96: Km0+0 -:- 9(Km0+89.62) | O96: Cầu Km19+529.080 | S96: =+S95 | AC96: =AC95 | AG96: DAPNEN_DCV6 | AH96: >=1;<=19 | AQ96: Ảnh\dapnendcv.png | AR96: Nhóm 1 | AT96: HM02 | AU96: KTHH_DAP | AV96: 21 | AW96: 21
A97: BBK957 | B97: PLKL01 | C97: BBK957.0502453 | J97: 78 | K97: PLKL01 | L97: =+L96 | M97: =+M96 | N97: =+N96 | O97: =+O96 | S97: =+S96 | AG97: =+AG96 | AH97: >=38;<=56 | AR97: Nhóm 1 | AT97: HM02 | AU97: PLKL01 | AV97: 23 | AW97: 23
A98: NTCV | B98: K.9999 | C98: NTCV.0513737 | J98: 79 | K98: K.9999 | L98: ="Đắp nền đường công vụ nhánh 6 lớp số "&M98 | M98: 8 | N98: Km0+0 -:- 9(Km0+89.62) | O98: Cầu Km19+529.080 | P98: =+P95 | Q98: =+P98+1 | R98: =+Q98-1 | S98: =+Q98 | T98: =U95+TIME(,10,) | U98: =+T98+V98 | V98: 0.010416667 | W98: =TEXT(T98,"HH""h""MM'")&"÷"&TEXT(U98,"HH""h""MM'") | Z98: 01A; | AA98: =+L98 | AB98: =+AB95 | AC98: =+AC95 | AR98: Nhóm 1 | AT98: HM02 | AU98: NTCV | AV98: 24 | AW98: 24
A99: BBK371 | B99: KTHH_DAP | C99: BBK371.0462980 | J99: 80 | K99: KTHH_DAP | L99: =L98 | M99: =+M98 | N99: Km0+0 -:- 9(Km0+89.62) | O99: Cầu Km19+529.080 | S99: =+S98 | AC99: =+AC98 | AG99: DAPNEN_DCV6 | AH99: >=1;<=19 | AQ99: Ảnh\dapnendcv.png | AR99: Nhóm 1 | AT99: HM02 | AU99: KTHH_DAP | AV99: 22 | AW99: 22
A100: BBK957 | B100: PLKL01 | C100: BBK957.0353472 | J100: 81 | K100: PLKL01 | L100: =+L99 | M100: =+M99 | N100: =+N99 | O100: =+O99 | S100: =+S99 | AG100: =+AG99 | AH100: >=38;<=56 | AR100: Nhóm 1 | AT100: HM02 | AU100: PLKL01 | AV100: 24 | AW100: 24
A101: NTCV | B101: K.9999 | C101: NTCV.0404834 | J101: 82 | K101: K.9999 | L101: ="Đắp nền đường công vụ nhánh 6 lớp số "&M101 | M101: 7 | N101: Km0+0 -:- 9(Km0+89.62) | O101: Cầu Km19+529.080 | P101: =+P98 | Q101: =+P101+1 | R101: =+Q101-1 | S101: =+Q101 | T101: =U98+TIME(,10,) | U101: =+T101+V101 | V101: 0.010416667 | W101: =TEXT(T101,"HH""h""MM'")&"÷"&TEXT(U101,"HH""h""MM'") | Z101: 01A; | AA101: =+L101 | AB101: =+AB98 | AC101: =+AC98 | AR101: Nhóm 1 | AT101: HM02 | AU101: NTCV | AV101: 25 | AW101: 25
...

Sheet Theo_Doi_Tan_Suat_Be_Tong
A1: STT | B1: HẠNG MỤC CÔNG VIỆC | C1: N/T/N | E1: KL/T.tế (m3) | F1: Tuổi Bt | H1: 30Mpa-18±2 (Cọc nhồi) | K1: 30Mpa-14±2 (Bệ, thân, mố, trụ, dầm) | N1: Khối lượng vật tư lũy kế | Q1: Tần suất lấy mẫu thí nghiệm | T1: Số lô | U1: KL (Tấn) | AK1: NGUỒN BẢN VẼ / NGHI VẤN (soát & ghim)
F2: R7 | G2: R28 | H2: Xi măng 0,445 | I2: Cát 0,525 | J2: Đá 0,696 | K2: Xi măng 0,425 | L2: Cát 0,555 | M2: Đá 0,700 | N2: Xi măng (Tấn) | O2: Cát (m3) | P2: Đá (m3) | Q2: Xi măng 50 tấn Lần | R2: Cát 200m3 Lần | S2: Đá 350m3 Lần
A3: I. HẠNG MỤC CỌC KHOAN NHỒI D1.2M (C30 ĐỘ SỤT 18±2CM) - 26 CỌC (L=872M) | AF3: Mã hiệu | AG3: Xi măng | AH3: Đơn vị Xm | AI3: KL riêng XM | AJ3: Nguồn gốc
A4: 1 | B4: Bê tông cọc khoan nhồi - C5 trụ T1 (L=40m) | C4: 46180 | D4: =MIN(C4:C29) | E4: 45.88 | F4: =IF(C4="","",C4+7) | G4: =IF(C4="","",C4+28) | H4: 0.445 | I4: 0.525 | J4: 0.696 | N4: =IF(E4="","",ROUND(IF(H4>0,E4*H4,E4*K4),2)) | O4: =IF(E4="","",ROUND(IF(I4>0,E4*I4,E4*L4),2)) | P4: =IF(E4="","",ROUND(IF(J4>0,E4*J4,E4*M4),2)) | Q4: =IF(N4="","",IF(ROUNDUP(N4/50,0)>0,"Lần " & ROUNDUP(N4/50,0),"")) | R4: =IF(O4="","",IF(ROUNDUP(O4/200,0)>0,"Lần " & ROUNDUP(O4/200,0),"")) | S4: =IF(P4="","",IF(ROUNDUP(P4/350,0)>0,"Lần " & ROUNDUP(P4/350,0),"")) | AF4: BTXMC10R28 | AG4: 235 | AH4: Tân | AI4: 3.1500001 | AJ4: Hà Tiên PCB40 | AK4: Bản vẽ: 47,01 → 45,88 m³ (tr.68 thể tích 1 cọc (đã gồm bê tông đầu cọc)). File cũ cộng thêm 1,13 m³ đập đầu cọc vào thể tích đã gồm đầu cọc. Cột 'KL thực tế': thay bằng phiếu đổ (có nở thành) khi có.
A5: 2 | B5: Bê tông cọc khoan nhồi - C8 trụ T2 (L=30m) | C5: 46208 | D5: =MAX(C4:C29) | E5: 34.73 | F5: =IF(C5="","",C5+7) | G5: =IF(C5="","",C5+28) | H5: 0.445 | I5: 0.525 | J5: 0.696 | N5: =IF(E5="","",ROUND(N4+IF(H5>0,E5*H5,E5*K5),2)) | O5: =IF(E5="","",ROUND(O4+IF(I5>0,E5*I5,E5*L5),2)) | P5: =IF(E5="","",ROUND(P4+IF(J5>0,E5*J5,E5*M5),2)) | Q5: =IF(N5="","",IF(ROUNDUP(N5/50,0)>ROUNDUP(N4/50,0),"Lần " & ROUNDUP(N5/50,0),"")) | R5: =IF(O5="","",IF(ROUNDUP(O5/200,0)>ROUNDUP(O4/200,0),"Lần " & ROUNDUP(O5/200,0),"")) | S5: =IF(P5="","",IF(ROUNDUP(P5/350,0)>ROUNDUP(P4/350,0),"Lần " & ROUNDUP(P5/350,0),"")) | AF5: BTXMC20R28 | AG5: 310 | AH5: Tân | AI5: 3.1500001 | AJ5: Hà Tiên PCB40 | AK5: Bản vẽ: 35,86 → 34,73 m³ (tr.70 thể tích 1 cọc (đã gồm bê tông đầu cọc)). File cũ cộng thêm 1,13 m³ đập đầu cọc. Thay bằng phiếu đổ thực tế khi có.
A6: 3 | B6: Bê tông cọc khoan nhồi - C1 trụ T1 (L=40m) | C6: 46209 | E6: 45.88 | F6: =IF(C6="","",C6+7) | G6: =IF(C6="","",C6+28) | H6: 0.445 | I6: 0.525 | J6: 0.696 | N6: =IF(E6="","",ROUND(N5+IF(H6>0,E6*H6,E6*K6),2)) | O6: =IF(E6="","",ROUND(O5+IF(I6>0,E6*I6,E6*L6),2)) | P6: =IF(E6="","",ROUND(P5+IF(J6>0,E6*J6,E6*M6),2)) | Q6: =IF(N6="","",IF(ROUNDUP(N6/50,0)>ROUNDUP(N5/50,0),"Lần " & ROUNDUP(N6/50,0),"")) | R6: =IF(O6="","",IF(ROUNDUP(O6/200,0)>ROUNDUP(O5/200,0),"Lần " & ROUNDUP(O6/200,0),"")) | S6: =IF(P6="","",IF(ROUNDUP(P6/350,0)>ROUNDUP(P5/350,0),"Lần " & ROUNDUP(P6/350,0),"")) | AF6: BTXMC40BSF | AG6: 449 | AH6: Tấn | AI6: 3.0999999 | AJ6: Hà Tiên PCMSR40 | AK6: Bản vẽ: 47,01 → 45,88 m³ (tr.68 thể tích 1 cọc (đã gồm bê tông đầu cọc)). File cũ cộng thêm 1,13 m³ đập đầu cọc vào thể tích đã gồm đầu cọc. Cột 'KL thực tế': thay bằng phiếu đổ (có nở thành) khi có.
A7: 4 | B7: Bê tông cọc khoan nhồi - C7 trụ T2 (L=30m) | C7: 46210 | E7: 34.73 | F7: =IF(C7="","",C7+7) | G7: =IF(C7="","",C7+28) | H7: 0.445 | I7: 0.525 | J7: 0.696 | N7: =IF(E7="","",ROUND(N6+IF(H7>0,E7*H7,E7*K7),2)) | O7: =IF(E7="","",ROUND(O6+IF(I7>0,E7*I7,E7*L7),2)) | P7: =IF(E7="","",ROUND(P6+IF(J7>0,E7*J7,E7*M7),2)) | Q7: =IF(N7="","",IF(ROUNDUP(N7/50,0)>ROUNDUP(N6/50,0),"Lần " & ROUNDUP(N7/50,0),"")) | R7: =IF(O7="","",IF(ROUNDUP(O7/200,0)>ROUNDUP(O6/200,0),"Lần " & ROUNDUP(O7/200,0),"")) | S7: =IF(P7="","",IF(ROUNDUP(P7/350,0)>ROUNDUP(P6/350,0),"Lần " & ROUNDUP(P7/350,0),"")) | AF7: BTXMC30R28W10 | AG7: 409 | AH7: Tân | AI7: 3.1500001 | AJ7: Hà Tiên PCB40 | AK7: Bản vẽ: 35,86 → 34,73 m³ (tr.70 thể tích 1 cọc (đã gồm bê tông đầu cọc)). File cũ cộng thêm 1,13 m³ đập đầu cọc. Thay bằng phiếu đổ thực tế khi có.
A8: 5 | B8: Bê tông cọc khoan nhồi - C2 trụ T1 (L=40m) | C8: 46211 | E8: 45.88 | F8: =IF(C8="","",C8+7) | G8: =IF(C8="","",C8+28) | H8: 0.445 | I8: 0.525 | J8: 0.696 | N8: =IF(E8="","",ROUND(N7+IF(H8>0,E8*H8,E8*K8),2)) | O8: =IF(E8="","",ROUND(O7+IF(I8>0,E8*I8,E8*L8),2)) | P8: =IF(E8="","",ROUND(P7+IF(J8>0,E8*J8,E8*M8),2)) | Q8: =IF(N8="","",IF(ROUNDUP(N8/50,0)>ROUNDUP(N7/50,0),"Lần " & ROUNDUP(N8/50,0),"")) | R8: =IF(O8="","",IF(ROUNDUP(O8/200,0)>ROUNDUP(O7/200,0),"Lần " & ROUNDUP(O8/200,0),"")) | S8: =IF(P8="","",IF(ROUNDUP(P8/350,0)>ROUNDUP(P7/350,0),"Lần " & ROUNDUP(P8/350,0),"")) | AF8: BTXMC35R7W10 | AG8: 459 | AH8: Tân | AI8: 3.1500001 | AJ8: Hà Tiên PCB40 | AK8: Bản vẽ: 47,01 → 45,88 m³ (tr.68 thể tích 1 cọc (đã gồm bê tông đầu cọc)). File cũ cộng thêm 1,13 m³ đập đầu cọc vào thể tích đã gồm đầu cọc. Cột 'KL thực tế': thay bằng phiếu đổ (có nở thành) khi có.
A9: 6 | B9: Bê tông cọc khoan nhồi - C6 trụ T2 (L=30m) | C9: 46212 | E9: 34.73 | F9: =IF(C9="","",C9+7) | G9: =IF(C9="","",C9+28) | H9: 0.445 | I9: 0.525 | J9: 0.696 | N9: =IF(E9="","",ROUND(N8+IF(H9>0,E9*H9,E9*K9),2)) | O9: =IF(E9="","",ROUND(O8+IF(I9>0,E9*I9,E9*L9),2)) | P9: =IF(E9="","",ROUND(P8+IF(J9>0,E9*J9,E9*M9),2)) | Q9: =IF(N9="","",IF(ROUNDUP(N9/50,0)>ROUNDUP(N8/50,0),"Lần " & ROUNDUP(N9/50,0),"")) | R9: =IF(O9="","",IF(ROUNDUP(O9/200,0)>ROUNDUP(O8/200,0),"Lần " & ROUNDUP(O9/200,0),"")) | S9: =IF(P9="","",IF(ROUNDUP(P9/350,0)>ROUNDUP(P8/350,0),"Lần " & ROUNDUP(P9/350,0),"")) | AF9: BTXMC35 R7W10BSF | AG9: 459 | AH9: Tấn | AI9: 3.0999999 | AJ9: Hà Tiên PCMSR40 | AK9: Bản vẽ: 35,86 → 34,73 m³ (tr.70 thể tích 1 cọc (đã gồm bê tông đầu cọc)). File cũ cộng thêm 1,13 m³ đập đầu cọc. Thay bằng phiếu đổ thực tế khi có.
A10: 7 | B10: Bê tông cọc khoan nhồi - C3 trụ T1 (L=40m) | C10: 46213 | E10: 45.88 | F10: =IF(C10="","",C10+7) | G10: =IF(C10="","",C10+28) | H10: 0.445 | I10: 0.525 | J10: 0.696 | N10: =IF(E10="","",ROUND(N9+IF(H10>0,E10*H10,E10*K10),2)) | O10: =IF(E10="","",ROUND(O9+IF(I10>0,E10*I10,E10*L10),2)) | P10: =IF(E10="","",ROUND(P9+IF(J10>0,E10*J10,E10*M10),2)) | Q10: =IF(N10="","",IF(ROUNDUP(N10/50,0)>ROUNDUP(N9/50,0),"Lần " & ROUNDUP(N10/50,0),"")) | R10: =IF(O10="","",IF(ROUNDUP(O10/200,0)>ROUNDUP(O9/200,0),"Lần " & ROUNDUP(O10/200,0),"")) | S10: =IF(P10="","",IF(ROUNDUP(P10/350,0)>ROUNDUP(P9/350,0),"Lần " & ROUNDUP(P10/350,0),"")) | AF10: BTXMC10R7 | AG10: 285 | AH10: Tấn | AI10: 3.1500001 | AJ10: Hà Tiên PCB40 | AK10: Bản vẽ: 47,01 → 45,88 m³ (tr.68 thể tích 1 cọc (đã gồm bê tông đầu cọc)). File cũ cộng thêm 1,13 m³ đập đầu cọc vào thể tích đã gồm đầu cọc. Cột 'KL thực tế': thay bằng phiếu đổ (có nở thành) khi có.
A11: 8 | B11: Bê tông cọc khoan nhồi - C5 trụ T2 (L=30m) | C11: 46214 | E11: 34.73 | F11: =IF(C11="","",C11+7) | G11: =IF(C11="","",C11+28) | H11: 0.445 | I11: 0.525 | J11: 0.696 | N11: =IF(E11="","",ROUND(N10+IF(H11>0,E11*H11,E11*K11),2)) | O11: =IF(E11="","",ROUND(O10+IF(I11>0,E11*I11,E11*L11),2)) | P11: =IF(E11="","",ROUND(P10+IF(J11>0,E11*J11,E11*M11),2)) | Q11: =IF(N11="","",IF(ROUNDUP(N11/50,0)>ROUNDUP(N10/50,0),"Lần " & ROUNDUP(N11/50,0),"")) | R11: =IF(O11="","",IF(ROUNDUP(O11/200,0)>ROUNDUP(O10/200,0),"Lần " & ROUNDUP(O11/200,0),"")) | S11: =IF(P11="","",IF(ROUNDUP(P11/350,0)>ROUNDUP(P10/350,0),"Lần " & ROUNDUP(P11/350,0),"")) | AF11: BTXMC20R7 | AG11: 365 | AH11: Tân | AI11: 3.1500001 | AJ11: Hà Tiên PCB40 | AK11: Bản vẽ: 35,86 → 34,73 m³ (tr.70 thể tích 1 cọc (đã gồm bê tông đầu cọc)). File cũ cộng thêm 1,13 m³ đập đầu cọc. Thay bằng phiếu đổ thực tế khi có.
A12: 9 | B12: Bê tông cọc khoan nhồi - C4 trụ T1 (L=40m) | C12: 46215 | E12: 45.88 | F12: =IF(C12="","",C12+7) | G12: =IF(C12="","",C12+28) | H12: 0.445 | I12: 0.525 | J12: 0.696 | N12: =IF(E12="","",ROUND(N11+IF(H12>0,E12*H12,E12*K12),2)) | O12: =IF(E12="","",ROUND(O11+IF(I12>0,E12*I12,E12*L12),2)) | P12: =IF(E12="","",ROUND(P11+IF(J12>0,E12*J12,E12*M12),2)) | Q12: =IF(N12="","",IF(ROUNDUP(N12/50,0)>ROUNDUP(N11/50,0),"Lần " & ROUNDUP(N12/50,0),"")) | R12: =IF(O12="","",IF(ROUNDUP(O12/200,0)>ROUNDUP(O11/200,0),"Lần " & ROUNDUP(O12/200,0),"")) | S12: =IF(P12="","",IF(ROUNDUP(P12/350,0)>ROUNDUP(P11/350,0),"Lần " & ROUNDUP(P12/350,0),"")) | AK12: Bản vẽ: 47,01 → 45,88 m³ (tr.68 thể tích 1 cọc (đã gồm bê tông đầu cọc)). File cũ cộng thêm 1,13 m³ đập đầu cọc vào thể tích đã gồm đầu cọc. Cột 'KL thực tế': thay bằng phiếu đổ (có nở thành) khi có.
A13: 10 | B13: Bê tông cọc khoan nhồi - C4 trụ T2 (L=30m) | C13: 46216 | E13: 34.73 | F13: =IF(C13="","",C13+7) | G13: =IF(C13="","",C13+28) | H13: 0.445 | I13: 0.525 | J13: 0.696 | N13: =IF(E13="","",ROUND(N12+IF(H13>0,E13*H13,E13*K13),2)) | O13: =IF(E13="","",ROUND(O12+IF(I13>0,E13*I13,E13*L13),2)) | P13: =IF(E13="","",ROUND(P12+IF(J13>0,E13*J13,E13*M13),2)) | Q13: =IF(N13="","",IF(ROUNDUP(N13/50,0)>ROUNDUP(N12/50,0),"Lần " & ROUNDUP(N13/50,0),"")) | R13: =IF(O13="","",IF(ROUNDUP(O13/200,0)>ROUNDUP(O12/200,0),"Lần " & ROUNDUP(O13/200,0),"")) | S13: =IF(P13="","",IF(ROUNDUP(P13/350,0)>ROUNDUP(P12/350,0),"Lần " & ROUNDUP(P13/350,0),"")) | AK13: Bản vẽ: 35,86 → 34,73 m³ (tr.70 thể tích 1 cọc (đã gồm bê tông đầu cọc)). File cũ cộng thêm 1,13 m³ đập đầu cọc. Thay bằng phiếu đổ thực tế khi có.
A14: 11 | B14: Bê tông cọc khoan nhồi - C6 trụ T1 (L=40m) | C14: 46217 | E14: 45.88 | F14: =IF(C14="","",C14+7) | G14: =IF(C14="","",C14+28) | H14: 0.445 | I14: 0.525 | J14: 0.696 | N14: =IF(E14="","",ROUND(N13+IF(H14>0,E14*H14,E14*K14),2)) | O14: =IF(E14="","",ROUND(O13+IF(I14>0,E14*I14,E14*L14),2)) | P14: =IF(E14="","",ROUND(P13+IF(J14>0,E14*J14,E14*M14),2)) | Q14: =IF(N14="","",IF(ROUNDUP(N14/50,0)>ROUNDUP(N13/50,0),"Lần " & ROUNDUP(N14/50,0),"")) | R14: =IF(O14="","",IF(ROUNDUP(O14/200,0)>ROUNDUP(O13/200,0),"Lần " & ROUNDUP(O14/200,0),"")) | S14: =IF(P14="","",IF(ROUNDUP(P14/350,0)>ROUNDUP(P13/350,0),"Lần " & ROUNDUP(P14/350,0),"")) | AK14: Bản vẽ: 47,01 → 45,88 m³ (tr.68 thể tích 1 cọc (đã gồm bê tông đầu cọc)). File cũ cộng thêm 1,13 m³ đập đầu cọc vào thể tích đã gồm đầu cọc. Cột 'KL thực tế': thay bằng phiếu đổ (có nở thành) khi có.
A15: 12 | B15: Bê tông cọc khoan nhồi - C3 trụ T2 (L=30m) | C15: 46218 | E15: 34.73 | F15: =IF(C15="","",C15+7) | G15: =IF(C15="","",C15+28) | H15: 0.445 | I15: 0.525 | J15: 0.696 | N15: =IF(E15="","",ROUND(N14+IF(H15>0,E15*H15,E15*K15),2)) | O15: =IF(E15="","",ROUND(O14+IF(I15>0,E15*I15,E15*L15),2)) | P15: =IF(E15="","",ROUND(P14+IF(J15>0,E15*J15,E15*M15),2)) | Q15: =IF(N15="","",IF(ROUNDUP(N15/50,0)>ROUNDUP(N14/50,0),"Lần " & ROUNDUP(N15/50,0),"")) | R15: =IF(O15="","",IF(ROUNDUP(O15/200,0)>ROUNDUP(O14/200,0),"Lần " & ROUNDUP(O15/200,0),"")) | S15: =IF(P15="","",IF(ROUNDUP(P15/350,0)>ROUNDUP(P14/350,0),"Lần " & ROUNDUP(P15/350,0),"")) | AK15: Bản vẽ: 35,86 → 34,73 m³ (tr.70 thể tích 1 cọc (đã gồm bê tông đầu cọc)). File cũ cộng thêm 1,13 m³ đập đầu cọc. Thay bằng phiếu đổ thực tế khi có.
A16: 13 | B16: Bê tông cọc khoan nhồi - C7 trụ T1 (L=40m) | C16: 46219 | E16: 45.88 | F16: =IF(C16="","",C16+7) | G16: =IF(C16="","",C16+28) | H16: 0.445 | I16: 0.525 | J16: 0.696 | N16: =IF(E16="","",ROUND(N15+IF(H16>0,E16*H16,E16*K16),2)) | O16: =IF(E16="","",ROUND(O15+IF(I16>0,E16*I16,E16*L16),2)) | P16: =IF(E16="","",ROUND(P15+IF(J16>0,E16*J16,E16*M16),2)) | Q16: =IF(N16="","",IF(ROUNDUP(N16/50,0)>ROUNDUP(N15/50,0),"Lần " & ROUNDUP(N16/50,0),"")) | R16: =IF(O16="","",IF(ROUNDUP(O16/200,0)>ROUNDUP(O15/200,0),"Lần " & ROUNDUP(O16/200,0),"")) | S16: =IF(P16="","",IF(ROUNDUP(P16/350,0)>ROUNDUP(P15/350,0),"Lần " & ROUNDUP(P16/350,0),"")) | AK16: Bản vẽ: 47,01 → 45,88 m³ (tr.68 thể tích 1 cọc (đã gồm bê tông đầu cọc)). File cũ cộng thêm 1,13 m³ đập đầu cọc vào thể tích đã gồm đầu cọc. Cột 'KL thực tế': thay bằng phiếu đổ (có nở thành) khi có.
A17: 14 | B17: Bê tông cọc khoan nhồi - C2 trụ T2 (L=30m) | C17: 46220 | E17: 34.73 | F17: =IF(C17="","",C17+7) | G17: =IF(C17="","",C17+28) | H17: 0.445 | I17: 0.525 | J17: 0.696 | N17: =IF(E17="","",ROUND(N16+IF(H17>0,E17*H17,E17*K17),2)) | O17: =IF(E17="","",ROUND(O16+IF(I17>0,E17*I17,E17*L17),2)) | P17: =IF(E17="","",ROUND(P16+IF(J17>0,E17*J17,E17*M17),2)) | Q17: =IF(N17="","",IF(ROUNDUP(N17/50,0)>ROUNDUP(N16/50,0),"Lần " & ROUNDUP(N17/50,0),"")) | R17: =IF(O17="","",IF(ROUNDUP(O17/200,0)>ROUNDUP(O16/200,0),"Lần " & ROUNDUP(O17/200,0),"")) | S17: =IF(P17="","",IF(ROUNDUP(P17/350,0)>ROUNDUP(P16/350,0),"Lần " & ROUNDUP(P17/350,0),"")) | AK17: Bản vẽ: 35,86 → 34,73 m³ (tr.70 thể tích 1 cọc (đã gồm bê tông đầu cọc)). File cũ cộng thêm 1,13 m³ đập đầu cọc. Thay bằng phiếu đổ thực tế khi có.
A18: 15 | B18: Bê tông cọc khoan nhồi - C8 trụ T1 (L=40m) | C18: 46221 | E18: 45.88 | F18: =IF(C18="","",C18+7) | G18: =IF(C18="","",C18+28) | H18: 0.445 | I18: 0.525 | J18: 0.696 | N18: =IF(E18="","",ROUND(N17+IF(H18>0,E18*H18,E18*K18),2)) | O18: =IF(E18="","",ROUND(O17+IF(I18>0,E18*I18,E18*L18),2)) | P18: =IF(E18="","",ROUND(P17+IF(J18>0,E18*J18,E18*M18),2)) | Q18: =IF(N18="","",IF(ROUNDUP(N18/50,0)>ROUNDUP(N17/50,0),"Lần " & ROUNDUP(N18/50,0),"")) | R18: =IF(O18="","",IF(ROUNDUP(O18/200,0)>ROUNDUP(O17/200,0),"Lần " & ROUNDUP(O18/200,0),"")) | S18: =IF(P18="","",IF(ROUNDUP(P18/350,0)>ROUNDUP(P17/350,0),"Lần " & ROUNDUP(P18/350,0),"")) | AK18: Bản vẽ: 47,01 → 45,88 m³ (tr.68 thể tích 1 cọc (đã gồm bê tông đầu cọc)). File cũ cộng thêm 1,13 m³ đập đầu cọc vào thể tích đã gồm đầu cọc. Cột 'KL thực tế': thay bằng phiếu đổ (có nở thành) khi có.
A19: 16 | B19: Bê tông cọc khoan nhồi - C1 trụ T2 (L=30m) | C19: 46222 | E19: 34.73 | F19: =IF(C19="","",C19+7) | G19: =IF(C19="","",C19+28) | H19: 0.445 | I19: 0.525 | J19: 0.696 | N19: =IF(E19="","",ROUND(N18+IF(H19>0,E19*H19,E19*K19),2)) | O19: =IF(E19="","",ROUND(O18+IF(I19>0,E19*I19,E19*L19),2)) | P19: =IF(E19="","",ROUND(P18+IF(J19>0,E19*J19,E19*M19),2)) | Q19: =IF(N19="","",IF(ROUNDUP(N19/50,0)>ROUNDUP(N18/50,0),"Lần " & ROUNDUP(N19/50,0),"")) | R19: =IF(O19="","",IF(ROUNDUP(O19/200,0)>ROUNDUP(O18/200,0),"Lần " & ROUNDUP(O19/200,0),"")) | S19: =IF(P19="","",IF(ROUNDUP(P19/350,0)>ROUNDUP(P18/350,0),"Lần " & ROUNDUP(P19/350,0),"")) | AK19: Bản vẽ: 35,86 → 34,73 m³ (tr.70 thể tích 1 cọc (đã gồm bê tông đầu cọc)). File cũ cộng thêm 1,13 m³ đập đầu cọc. Thay bằng phiếu đổ thực tế khi có.
A20: 17 | B20: Bê tông cọc khoan nhồi - C7 mố M2 (L=36m) | C20: 46223 | E20: 41.56 | F20: =IF(C20="","",C20+7) | G20: =IF(C20="","",C20+28) | H20: 0.445 | I20: 0.525 | J20: 0.696 | N20: =IF(E20="","",ROUND(N19+IF(H20>0,E20*H20,E20*K20),2)) | O20: =IF(E20="","",ROUND(O19+IF(I20>0,E20*I20,E20*L20),2)) | P20: =IF(E20="","",ROUND(P19+IF(J20>0,E20*J20,E20*M20),2)) | Q20: =IF(N20="","",IF(ROUNDUP(N20/50,0)>ROUNDUP(N19/50,0),"Lần " & ROUNDUP(N20/50,0),"")) | R20: =IF(O20="","",IF(ROUNDUP(O20/200,0)>ROUNDUP(O19/200,0),"Lần " & ROUNDUP(O20/200,0),"")) | S20: =IF(P20="","",IF(ROUNDUP(P20/350,0)>ROUNDUP(P19/350,0),"Lần " & ROUNDUP(P20/350,0),"")) | AK20: Bản vẽ: 42,83 → 41,56 m³ (tr.66 thể tích 1 cọc (đã gồm bê tông đầu cọc)). File cũ cộng thêm 1,27 m³ đập đầu cọc. Thay bằng phiếu đổ thực tế khi có.
A21: 18 | B21: Bê tông cọc khoan nhồi - C5 mố M2 (L=36m) | C21: 46224 | E21: 41.56 | F21: =IF(C21="","",C21+7) | G21: =IF(C21="","",C21+28) | H21: 0.445 | I21: 0.525 | J21: 0.696 | N21: =IF(E21="","",ROUND(N20+IF(H21>0,E21*H21,E21*K21),2)) | O21: =IF(E21="","",ROUND(O20+IF(I21>0,E21*I21,E21*L21),2)) | P21: =IF(E21="","",ROUND(P20+IF(J21>0,E21*J21,E21*M21),2)) | Q21: =IF(N21="","",IF(ROUNDUP(N21/50,0)>ROUNDUP(N20/50,0),"Lần " & ROUNDUP(N21/50,0),"")) | R21: =IF(O21="","",IF(ROUNDUP(O21/200,0)>ROUNDUP(O20/200,0),"Lần " & ROUNDUP(O21/200,0),"")) | S21: =IF(P21="","",IF(ROUNDUP(P21/350,0)>ROUNDUP(P20/350,0),"Lần " & ROUNDUP(P21/350,0),"")) | AK21: Bản vẽ: 42,83 → 41,56 m³ (tr.66 thể tích 1 cọc (đã gồm bê tông đầu cọc)). File cũ cộng thêm 1,27 m³ đập đầu cọc. Thay bằng phiếu đổ thực tế khi có.
A22: 19 | B22: Bê tông cọc khoan nhồi - C3 mố M2 (L=36m) | C22: 46225 | E22: 41.56 | F22: =IF(C22="","",C22+7) | G22: =IF(C22="","",C22+28) | H22: 0.445 | I22: 0.525 | J22: 0.696 | N22: =IF(E22="","",ROUND(N21+IF(H22>0,E22*H22,E22*K22),2)) | O22: =IF(E22="","",ROUND(O21+IF(I22>0,E22*I22,E22*L22),2)) | P22: =IF(E22="","",ROUND(P21+IF(J22>0,E22*J22,E22*M22),2)) | Q22: =IF(N22="","",IF(ROUNDUP(N22/50,0)>ROUNDUP(N21/50,0),"Lần " & ROUNDUP(N22/50,0),"")) | R22: =IF(O22="","",IF(ROUNDUP(O22/200,0)>ROUNDUP(O21/200,0),"Lần " & ROUNDUP(O22/200,0),"")) | S22: =IF(P22="","",IF(ROUNDUP(P22/350,0)>ROUNDUP(P21/350,0),"Lần " & ROUNDUP(P22/350,0),"")) | AK22: Bản vẽ: 42,83 → 41,56 m³ (tr.66 thể tích 1 cọc (đã gồm bê tông đầu cọc)). File cũ cộng thêm 1,27 m³ đập đầu cọc. Thay bằng phiếu đổ thực tế khi có.
A23: 20 | B23: Bê tông cọc khoan nhồi - C4 mố M2 (L=36m) | C23: 46226 | E23: 41.56 | F23: =IF(C23="","",C23+7) | G23: =IF(C23="","",C23+28) | H23: 0.445 | I23: 0.525 | J23: 0.696 | N23: =IF(E23="","",ROUND(N22+IF(H23>0,E23*H23,E23*K23),2)) | O23: =IF(E23="","",ROUND(O22+IF(I23>0,E23*I23,E23*L23),2)) | P23: =IF(E23="","",ROUND(P22+IF(J23>0,E23*J23,E23*M23),2)) | Q23: =IF(N23="","",IF(ROUNDUP(N23/50,0)>ROUNDUP(N22/50,0),"Lần " & ROUNDUP(N23/50,0),"")) | R23: =IF(O23="","",IF(ROUNDUP(O23/200,0)>ROUNDUP(O22/200,0),"Lần " & ROUNDUP(O23/200,0),"")) | S23: =IF(P23="","",IF(ROUNDUP(P23/350,0)>ROUNDUP(P22/350,0),"Lần " & ROUNDUP(P23/350,0),"")) | AK23: Bản vẽ: 42,83 → 41,56 m³ (tr.66 thể tích 1 cọc (đã gồm bê tông đầu cọc)). File cũ cộng thêm 1,27 m³ đập đầu cọc. Thay bằng phiếu đổ thực tế khi có.
... A29: 26 | B29: Bê tông cọc khoan nhồi - C2 mố M1 (L=20m) | C29: 46232 | E29: 23.58 | F29: =IF(C29="","",C29+7) | G29: =IF(C29="","",C29+28) | H29: 0.445 | I29: 0.525 | J29: 0.696 | N29: =IF(E29="","",ROUND(N28+IF(H29>0,E29*H29,E29*K29),2)) | O29: =IF(E29="","",ROUND(O28+IF(I29>0,E29*I29,E29*L29),2)) | P29: =IF(E29="","",ROUND(P28+IF(J29>0,E29*J29,E29*M29),2)) | Q29: =IF(N29="","",IF(ROUNDUP(N29/50,0)>ROUNDUP(N28/50,0),"Lần " & ROUNDUP(N29/50,0),"")) | R29: =IF(O29="","",IF(ROUNDUP(O29/200,0)>ROUNDUP(O28/200,0),"Lần " & ROUNDUP(O29/200,0),"")) | S29: =IF(P29="","",IF(ROUNDUP(P29/350,0)>ROUNDUP(P28/350,0),"Lần " & ROUNDUP(P29/350,0),"")) | AK29: Bản vẽ: 24,71 → 23,58 m³ (tr.64 thể tích 1 cọc (đã gồm bê tông đầu cọc)). File cũ cộng thêm 1,13 m³ đập đầu cọc. Thay bằng phiếu đổ thực tế khi có.
A30: II. HẠNG MỤC BÊ TÔNG BỆ MỐ & BỆ TRỤ (C30 ĐỘ SỤT 14±2CM)
A31: 27 | B31: Bê tông lót móng bệ mố M1 (M100 đá 4x6) | C31: =IF('Danh mục công việc'!$S$1251="","",'Danh mục công việc'!$S$1251) | E31: 2.46 | F31: =IF(C31="","",C31+7) | G31: =IF(C31="","",C31+28) | K31: 0.425 | L31: 0.555 | M31: 0.7 | N31: =IF(E31="","",ROUND(N29+IF(H31>0,E31*H31,E31*K31),2)) | O31: =IF(E31="","",ROUND(O29+IF(I31>0,E31*I31,E31*L31),2)) | P31: =IF(E31="","",ROUND(P29+IF(J31>0,E31*J31,E31*M31),2)) | Q31: =IF(N31="","",IF(ROUNDUP(N31/50,0)>ROUNDUP(N29/50,0),"Lần " & ROUNDUP(N31/50,0),"")) | R31: =IF(O31="","",IF(ROUNDUP(O31/200,0)>ROUNDUP(O29/200,0),"Lần " & ROUNDUP(O31/200,0),"")) | S31: =IF(P31="","",IF(ROUNDUP(P31/350,0)>ROUNDUP(P29/350,0),"Lần " & ROUNDUP(P31/350,0),"")) | AK31: Khớp bản vẽ (tr.31 bê tông đệm C10) | Mác M100 chưa có cấp phối riêng — đang dùng cấp phối C30 (0,425 t XM; 0,555 m³ cát; 0,700 m³ đá / m³). Nhập cấp phối được duyệt.
A32: 28 | B32: Bê tông tường thân mố M1 (C30 đá 1x2) | C32: =IF('Danh mục công việc'!$S$1261="","",'Danh mục công việc'!$S$1261) | E32: 52.96 | F32: =IF(C32="","",C32+7) | G32: =IF(C32="","",C32+28) | K32: 0.425 | L32: 0.555 | M32: 0.7 | N32: =IF(E32="","",ROUND(N31+IF(H32>0,E32*H32,E32*K32),2)) | O32: =IF(E32="","",ROUND(O31+IF(I32>0,E32*I32,E32*L32),2)) | P32: =IF(E32="","",ROUND(P31+IF(J32>0,E32*J32,E32*M32),2)) | Q32: =IF(N32="","",IF(ROUNDUP(N32/50,0)>ROUNDUP(N31/50,0),"Lần " & ROUNDUP(N32/50,0),"")) | R32: =IF(O32="","",IF(ROUNDUP(O32/200,0)>ROUNDUP(O31/200,0),"Lần " & ROUNDUP(O32/200,0),"")) | S32: =IF(P32="","",IF(ROUNDUP(P32/350,0)>ROUNDUP(P31/350,0),"Lần " & ROUNDUP(P32/350,0),"")) | AK32: Khớp bản vẽ (tr.31 tường thân mố M1)
A33: 29 | B33: Bê tông lót móng bệ trụ T1 (M100 đá 4x6) | C33: =IF('Danh mục công việc'!S1185="","",'Danh mục công việc'!S1185) | E33: 8.77 | F33: =IF(C33="","",C33+7) | G33: =IF(C33="","",C33+28) | K33: 0.425 | L33: 0.555 | M33: 0.7 | N33: =IF(E33="","",ROUND(N32+IF(H33>0,E33*H33,E33*K33),2)) | O33: =IF(E33="","",ROUND(O32+IF(I33>0,E33*I33,E33*L33),2)) | P33: =IF(E33="","",ROUND(P32+IF(J33>0,E33*J33,E33*M33),2)) | Q33: =IF(N33="","",IF(ROUNDUP(N33/50,0)>ROUNDUP(N32/50,0),"Lần " & ROUNDUP(N33/50,0),"")) | R33: =IF(O33="","",IF(ROUNDUP(O33/200,0)>ROUNDUP(O32/200,0),"Lần " & ROUNDUP(O33/200,0),"")) | S33: =IF(P33="","",IF(ROUNDUP(P33/350,0)>ROUNDUP(P32/350,0),"Lần " & ROUNDUP(P33/350,0),"")) | AK33: Khớp bản vẽ (tr.44 bê tông đệm C10) | Mác M100 chưa có cấp phối riêng — đang dùng cấp phối C30 (0,425 t XM; 0,555 m³ cát; 0,700 m³ đá / m³). Nhập cấp phối được duyệt.
A34: 30 | B34: Bê tông bệ trụ T1 - Đợt 1 (C30 đá 1x2) | C34: =IF('Danh mục công việc'!S1197="","",'Danh mục công việc'!S1197) | E34: 92.12 | F34: =IF(C34="","",C34+7) | G34: =IF(C34="","",C34+28) | K34: 0.425 | L34: 0.555 | M34: 0.7 | N34: =IF(E34="","",ROUND(N33+IF(H34>0,E34*H34,E34*K34),2)) | O34: =IF(E34="","",ROUND(O33+IF(I34>0,E34*I34,E34*L34),2)) | P34: =IF(E34="","",ROUND(P33+IF(J34>0,E34*J34,E34*M34),2)) | Q34: =IF(N34="","",IF(ROUNDUP(N34/50,0)>ROUNDUP(N33/50,0),"Lần " & ROUNDUP(N34/50,0),"")) | R34: =IF(O34="","",IF(ROUNDUP(O34/200,0)>ROUNDUP(O33/200,0),"Lần " & ROUNDUP(O34/200,0),"")) | S34: =IF(P34="","",IF(ROUNDUP(P34/350,0)>ROUNDUP(P33/350,0),"Lần " & ROUNDUP(P34/350,0),"")) | AK34: Khớp bản vẽ (tr.44 bệ trụ T1, chia theo tỷ lệ 2 đợt cũ)
A35: 31 | B35: Bê tông bệ trụ T1 - Đợt 2 (C30 đá 1x2) | C35: =IF('Danh mục công việc'!S1197="","",'Danh mục công việc'!S1197) | E35: 92.12 | F35: =IF(C35="","",C35+7) | G35: =IF(C35="","",C35+28) | K35: 0.425 | L35: 0.555 | M35: 0.7 | N35: =IF(E35="","",ROUND(N34+IF(H35>0,E35*H35,E35*K35),2)) | O35: =IF(E35="","",ROUND(O34+IF(I35>0,E35*I35,E35*L35),2)) | P35: =IF(E35="","",ROUND(P34+IF(J35>0,E35*J35,E35*M35),2)) | Q35: =IF(N35="","",IF(ROUNDUP(N35/50,0)>ROUNDUP(N34/50,0),"Lần " & ROUNDUP(N35/50,0),"")) | R35: =IF(O35="","",IF(ROUNDUP(O35/200,0)>ROUNDUP(O34/200,0),"Lần " & ROUNDUP(O35/200,0),"")) | S35: =IF(P35="","",IF(ROUNDUP(P35/350,0)>ROUNDUP(P34/350,0),"Lần " & ROUNDUP(P35/350,0),"")) | AK35: Khớp bản vẽ (tr.44 bệ trụ T1, chia theo tỷ lệ 2 đợt cũ)
A36: 32 | B36: Bê tông lót móng bệ trụ T2 (M100 đá 4x6) | C36: =IF('Danh mục công việc'!S1219="","",'Danh mục công việc'!S1219) | E36: 8.77 | F36: =IF(C36="","",C36+7) | G36: =IF(C36="","",C36+28) | K36: 0.425 | L36: 0.555 | M36: 0.7 | N36: =IF(E36="","",ROUND(N35+IF(H36>0,E36*H36,E36*K36),2)) | O36: =IF(E36="","",ROUND(O35+IF(I36>0,E36*I36,E36*L36),2)) | P36: =IF(E36="","",ROUND(P35+IF(J36>0,E36*J36,E36*M36),2)) | Q36: =IF(N36="","",IF(ROUNDUP(N36/50,0)>ROUNDUP(N35/50,0),"Lần " & ROUNDUP(N36/50,0),"")) | R36: =IF(O36="","",IF(ROUNDUP(O36/200,0)>ROUNDUP(O35/200,0),"Lần " & ROUNDUP(O36/200,0),"")) | S36: =IF(P36="","",IF(ROUNDUP(P36/350,0)>ROUNDUP(P35/350,0),"Lần " & ROUNDUP(P36/350,0),"")) | AK36: Bản vẽ: 12,50 → 8,77 m³ (tr.55 bê tông đệm C10) | Mác M100 chưa có cấp phối riêng — đang dùng cấp phối C30 (0,425 t XM; 0,555 m³ cát; 0,700 m³ đá / m³). Nhập cấp phối được duyệt.
A37: 33 | B37: Bê tông bệ trụ T2 - Đợt 1 (C30 đá 1x2) | C37: =IF('Danh mục công việc'!S1231="","",'Danh mục công việc'!S1231) | E37: 92.12 | F37: =IF(C37="","",C37+7) | G37: =IF(C37="","",C37+28) | K37: 0.425 | L37: 0.555 | M37: 0.7 | N37: =IF(E37="","",ROUND(N36+IF(H37>0,E37*H37,E37*K37),2)) | O37: =IF(E37="","",ROUND(O36+IF(I37>0,E37*I37,E37*L37),2)) | P37: =IF(E37="","",ROUND(P36+IF(J37>0,E37*J37,E37*M37),2)) | Q37: =IF(N37="","",IF(ROUNDUP(N37/50,0)>ROUNDUP(N36/50,0),"Lần " & ROUNDUP(N37/50,0),"")) | R37: =IF(O37="","",IF(ROUNDUP(O37/200,0)>ROUNDUP(O36/200,0),"Lần " & ROUNDUP(O37/200,0),"")) | S37: =IF(P37="","",IF(ROUNDUP(P37/350,0)>ROUNDUP(P36/350,0),"Lần " & ROUNDUP(P37/350,0),"")) | AK37: Khớp bản vẽ (tr.55 bệ trụ T2, chia theo tỷ lệ 2 đợt cũ)
A38: 34 | B38: Bê tông bệ trụ T2 - Đợt 2 (C30 đá 1x2) | C38: =IF('Danh mục công việc'!S1231="","",'Danh mục công việc'!S1231) | E38: 92.12 | F38: =IF(C38="","",C38+7) | G38: =IF(C38="","",C38+28) | K38: 0.425 | L38: 0.555 | M38: 0.7 | N38: =IF(E38="","",ROUND(N37+IF(H38>0,E38*H38,E38*K38),2)) | O38: =IF(E38="","",ROUND(O37+IF(I38>0,E38*I38,E38*L38),2)) | P38: =IF(E38="","",ROUND(P37+IF(J38>0,E38*J38,E38*M38),2)) | Q38: =IF(N38="","",IF(ROUNDUP(N38/50,0)>ROUNDUP(N37/50,0),"Lần " & ROUNDUP(N38/50,0),"")) | R38: =IF(O38="","",IF(ROUNDUP(O38/200,0)>ROUNDUP(O37/200,0),"Lần " & ROUNDUP(O38/200,0),"")) | S38: =IF(P38="","",IF(ROUNDUP(P38/350,0)>ROUNDUP(P37/350,0),"Lần " & ROUNDUP(P38/350,0),"")) | AK38: Khớp bản vẽ (tr.55 bệ trụ T2, chia theo tỷ lệ 2 đợt cũ)
A39: 35 | B39: Bê tông lót móng bệ mố M2 (M100 đá 4x6) | C39: =IF('Danh mục công việc'!S1148="","",'Danh mục công việc'!S1148) | E39: 7.09 | F39: =IF(C39="","",C39+7) | G39: =IF(C39="","",C39+28) | K39: 0.425 | L39: 0.555 | M39: 0.7 | N39: =IF(E39="","",ROUND(N38+IF(H39>0,E39*H39,E39*K39),2)) | O39: =IF(E39="","",ROUND(O38+IF(I39>0,E39*I39,E39*L39),2)) | P39: =IF(E39="","",ROUND(P38+IF(J39>0,E39*J39,E39*M39),2)) | Q39: =IF(N39="","",IF(ROUNDUP(N39/50,0)>ROUNDUP(N38/50,0),"Lần " & ROUNDUP(N39/50,0),"")) | R39: =IF(O39="","",IF(ROUNDUP(O39/200,0)>ROUNDUP(O38/200,0),"Lần " & ROUNDUP(O39/200,0),"")) | S39: =IF(P39="","",IF(ROUNDUP(P39/350,0)>ROUNDUP(P38/350,0),"Lần " & ROUNDUP(P39/350,0),"")) | AK39: Bản vẽ: 9,55 → 7,09 m³ (tr.40 bê tông đệm C10). File cũ 9,55 m³ là tổng đệm của CẢ 2 mố (tr.175). | Mác M100 chưa có cấp phối riêng — đang dùng cấp phối C30 (0,425 t XM; 0,555 m³ cát; 0,700 m³ đá / m³). Nhập cấp phối được duyệt.
A40: 36 | B40: Bê tông bệ mố M2 (C30 đá 1x2) | C40: =IF('Danh mục công việc'!S1160="","",'Danh mục công việc'!S1160) | E40: 148.99 | F40: =IF(C40="","",C40+7) | G40: =IF(C40="","",C40+28) | K40: 0.425 | L40: 0.555 | M40: 0.7 | N40: =IF(E40="","",ROUND(N39+IF(H40>0,E40*H40,E40*K40),2)) | O40: =IF(E40="","",ROUND(O39+IF(I40>0,E40*I40,E40*L40),2)) | P40: =IF(E40="","",ROUND(P39+IF(J40>0,E40*J40,E40*M40),2)) | Q40: =IF(N40="","",IF(ROUNDUP(N40/50,0)>ROUNDUP(N39/50,0),"Lần " & ROUNDUP(N40/50,0),"")) | R40: =IF(O40="","",IF(ROUNDUP(O40/200,0)>ROUNDUP(O39/200,0),"Lần " & ROUNDUP(O40/200,0),"")) | S40: =IF(P40="","",IF(ROUNDUP(P40/350,0)>ROUNDUP(P39/350,0),"Lần " & ROUNDUP(P40/350,0),"")) | AK40: Khớp bản vẽ (tr.40 bệ mố M2)
A41: III. HẠNG MỤC THÂN TRỤ, THÂN MỐ & XÀ MŨ (CÁC ĐỐT LÊN HOÀN THIỆN)
A42: 37 | B42: Bê tông thân trụ T1 - Đốt 1 (C30 đá 1x2) | C42: =IF('Danh mục công việc'!S1411="","",'Danh mục công việc'!S1411) | E42: 80.87 | F42: =IF(C42="","",C42+7) | G42: =IF(C42="","",C42+28) | K42: 0.425 | L42: 0.555 | M42: 0.7 | N42: =IF(E42="","",ROUND(N40+IF(H42>0,E42*H42,E42*K42),2)) | O42: =IF(E42="","",ROUND(O40+IF(I42>0,E42*I42,E42*L42),2)) | P42: =IF(E42="","",ROUND(P40+IF(J42>0,E42*J42,E42*M42),2)) | Q42: =IF(N42="","",IF(ROUNDUP(N42/50,0)>ROUNDUP(N40/50,0),"Lần " & ROUNDUP(N42/50,0),"")) | R42: =IF(O42="","",IF(ROUNDUP(O42/200,0)>ROUNDUP(O40/200,0),"Lần " & ROUNDUP(O42/200,0),"")) | S42: =IF(P42="","",IF(ROUNDUP(P42/350,0)>ROUNDUP(P40/350,0),"Lần " & ROUNDUP(P42/350,0),"")) | AK42: Bản vẽ: 42,00 → 80,87 m³ (tr.48 thân trụ T1, chia theo tỷ lệ 3 đốt cũ). Bản vẽ 234,92 m³ (file cũ 122 m³) — chia 3 đốt theo tỷ lệ cũ; xác nhận chiều cao từng đốt.
A43: 38 | B43: Bê tông thân trụ T1 - Đốt 2 (C30 đá 1x2) | C43: =IF('Danh mục công việc'!S1369="","",'Danh mục công việc'!S1369) | E43: 80.87 | F43: =IF(C43="","",C43+7) | G43: =IF(C43="","",C43+28) | K43: 0.425 | L43: 0.555 | M43: 0.7 | N43: =IF(E43="","",ROUND(N42+IF(H43>0,E43*H43,E43*K43),2)) | O43: =IF(E43="","",ROUND(O42+IF(I43>0,E43*I43,E43*L43),2)) | P43: =IF(E43="","",ROUND(P42+IF(J43>0,E43*J43,E43*M43),2)) | Q43: =IF(N43="","",IF(ROUNDUP(N43/50,0)>ROUNDUP(N42/50,0),"Lần " & ROUNDUP(N43/50,0),"")) | R43: =IF(O43="","",IF(ROUNDUP(O43/200,0)>ROUNDUP(O42/200,0),"Lần " & ROUNDUP(O43/200,0),"")) | S43: =IF(P43="","",IF(ROUNDUP(P43/350,0)>ROUNDUP(P42/350,0),"Lần " & ROUNDUP(P43/350,0),"")) | AK43: Bản vẽ: 42,00 → 80,87 m³ (tr.48 thân trụ T1, chia theo tỷ lệ 3 đốt cũ). Bản vẽ 234,92 m³ (file cũ 122 m³) — chia 3 đốt theo tỷ lệ cũ; xác nhận chiều cao từng đốt.
A44: 39 | B44: Bê tông thân trụ T1 - Đốt 3 (C30 đá 1x2) | C44: =IF('Danh mục công việc'!S1348="","",'Danh mục công việc'!S1348) | E44: 73.18 | F44: =IF(C44="","",C44+7) | G44: =IF(C44="","",C44+28) | K44: 0.425 | L44: 0.555 | M44: 0.7 | N44: =IF(E44="","",ROUND(N43+IF(H44>0,E44*H44,E44*K44),2)) | O44: =IF(E44="","",ROUND(O43+IF(I44>0,E44*I44,E44*L44),2)) | P44: =IF(E44="","",ROUND(P43+IF(J44>0,E44*J44,E44*M44),2)) | Q44: =IF(N44="","",IF(ROUNDUP(N44/50,0)>ROUNDUP(N43/50,0),"Lần " & ROUNDUP(N44/50,0),"")) | R44: =IF(O44="","",IF(ROUNDUP(O44/200,0)>ROUNDUP(O43/200,0),"Lần " & ROUNDUP(O44/200,0),"")) | S44: =IF(P44="","",IF(ROUNDUP(P44/350,0)>ROUNDUP(P43/350,0),"Lần " & ROUNDUP(P44/350,0),"")) | AK44: Bản vẽ: 38,00 → 73,18 m³ (tr.48 thân trụ T1, chia theo tỷ lệ 3 đốt cũ). Bản vẽ 234,92 m³ (file cũ 122 m³) — chia 3 đốt theo tỷ lệ cũ; xác nhận chiều cao từng đốt.
A45: 40 | B45: Bê tông xà mũ trụ T1 & đá kê gối (C35/C30 đá 1x2) | E45: 72.51 | F45: =IF(C45="","",C45+7) | G45: =IF(C45="","",C45+28) | K45: 0.425 | L45: 0.555 | M45: 0.7 | N45: =IF(E45="","",ROUND(N44+IF(H45>0,E45*H45,E45*K45),2)) | O45: =IF(E45="","",ROUND(O44+IF(I45>0,E45*I45,E45*L45),2)) | P45: =IF(E45="","",ROUND(P44+IF(J45>0,E45*J45,E45*M45),2)) | Q45: =IF(N45="","",IF(ROUNDUP(N45/50,0)>ROUNDUP(N44/50,0),"Lần " & ROUNDUP(N45/50,0),"")) | R45: =IF(O45="","",IF(ROUNDUP(O45/200,0)>ROUNDUP(O44/200,0),"Lần " & ROUNDUP(O45/200,0),"")) | S45: =IF(P45="","",IF(ROUNDUP(P45/350,0)>ROUNDUP(P44/350,0),"Lần " & ROUNDUP(P45/350,0),"")) | AK45: Bản vẽ: 45,00 → 72,51 m³ (tr.51 xà mũ trụ T1) | Mác C35 chưa có cấp phối riêng — đang dùng cấp phối C30 (0,425 t XM; 0,555 m³ cát; 0,700 m³ đá / m³). Nhập cấp phối được duyệt.
A46: 41 | B46: Bê tông thân trụ T2 - Đốt 1 (C30 đá 1x2) | C46: =IF('Danh mục công việc'!S1516="","",'Danh mục công việc'!S1516) | E46: 90.95 | F46: =IF(C46="","",C46+7) | G46: =IF(C46="","",C46+28) | K46: 0.425 | L46: 0.555 | M46: 0.7 | N46: =IF(E46="","",ROUND(N45+IF(H46>0,E46*H46,E46*K46),2)) | O46: =IF(E46="","",ROUND(O45+IF(I46>0,E46*I46,E46*L46),2)) | P46: =IF(E46="","",ROUND(P45+IF(J46>0,E46*J46,E46*M46),2)) | Q46: =IF(N46="","",IF(ROUNDUP(N46/50,0)>ROUNDUP(N45/50,0),"Lần " & ROUNDUP(N46/50,0),"")) | R46: =IF(O46="","",IF(ROUNDUP(O46/200,0)>ROUNDUP(O45/200,0),"Lần " & ROUNDUP(O46/200,0),"")) | S46: =IF(P46="","",IF(ROUNDUP(P46/350,0)>ROUNDUP(P45/350,0),"Lần " & ROUNDUP(P46/350,0),"")) | AK46: Bản vẽ: 45,00 → 90,95 m³ (tr.59 thân trụ T2, chia theo tỷ lệ 3 đốt cũ). Bản vẽ 266,79 m³ (file cũ 132 m³) — chia 3 đốt theo tỷ lệ cũ; xác nhận chiều cao từng đốt.
A47: 42 | B47: Bê tông thân trụ T2 - Đốt 2 (C30 đá 1x2) | C47: =IF('Danh mục công việc'!S1474="","",'Danh mục công việc'!S1474) | E47: 90.95 | F47: =IF(C47="","",C47+7) | G47: =IF(C47="","",C47+28) | K47: 0.425 | L47: 0.555 | M47: 0.7 | N47: =IF(E47="","",ROUND(N46+IF(H47>0,E47*H47,E47*K47),2)) | O47: =IF(E47="","",ROUND(O46+IF(I47>0,E47*I47,E47*L47),2)) | P47: =IF(E47="","",ROUND(P46+IF(J47>0,E47*J47,E47*M47),2)) | Q47: =IF(N47="","",IF(ROUNDUP(N47/50,0)>ROUNDUP(N46/50,0),"Lần " & ROUNDUP(N47/50,0),"")) | R47: =IF(O47="","",IF(ROUNDUP(O47/200,0)>ROUNDUP(O46/200,0),"Lần " & ROUNDUP(O47/200,0),"")) | S47: =IF(P47="","",IF(ROUNDUP(P47/350,0)>ROUNDUP(P46/350,0),"Lần " & ROUNDUP(P47/350,0),"")) | AK47: Bản vẽ: 45,00 → 90,95 m³ (tr.59 thân trụ T2, chia theo tỷ lệ 3 đốt cũ). Bản vẽ 266,79 m³ (file cũ 132 m³) — chia 3 đốt theo tỷ lệ cũ; xác nhận chiều cao từng đốt.
A48: 43 | B48: Bê tông thân trụ T2 - Đốt 3 (C30 đá 1x2) | C48: =IF('Danh mục công việc'!S1453="","",'Danh mục công việc'!S1453) | E48: 84.89 | F48: =IF(C48="","",C48+7) | G48: =IF(C48="","",C48+28) | K48: 0.425 | L48: 0.555 | M48: 0.7 | N48: =IF(E48="","",ROUND(N47+IF(H48>0,E48*H48,E48*K48),2)) | O48: =IF(E48="","",ROUND(O47+IF(I48>0,E48*I48,E48*L48),2)) | P48: =IF(E48="","",ROUND(P47+IF(J48>0,E48*J48,E48*M48),2)) | Q48: =IF(N48="","",IF(ROUNDUP(N48/50,0)>ROUNDUP(N47/50,0),"Lần " & ROUNDUP(N48/50,0),"")) | R48: =IF(O48="","",IF(ROUNDUP(O48/200,0)>ROUNDUP(O47/200,0),"Lần " & ROUNDUP(O48/200,0),"")) | S48: =IF(P48="","",IF(ROUNDUP(P48/350,0)>ROUNDUP(P47/350,0),"Lần " & ROUNDUP(P48/350,0),"")) | AK48: Bản vẽ: 42,00 → 84,89 m³ (tr.59 thân trụ T2, chia theo tỷ lệ 3 đốt cũ). Bản vẽ 266,79 m³ (file cũ 132 m³) — chia 3 đốt theo tỷ lệ cũ; xác nhận chiều cao từng đốt.
A49: 44 | B49: Bê tông xà mũ trụ T2 & đá kê gối (C35/C30 đá 1x2) | E49: 72.51 | F49: =IF(C49="","",C49+7) | G49: =IF(C49="","",C49+28) | K49: 0.425 | L49: 0.555 | M49: 0.7 | N49: =IF(E49="","",ROUND(N48+IF(H49>0,E49*H49,E49*K49),2)) | O49: =IF(E49="","",ROUND(O48+IF(I49>0,E49*I49,E49*L49),2)) | P49: =IF(E49="","",ROUND(P48+IF(J49>0,E49*J49,E49*M49),2)) | Q49: =IF(N49="","",IF(ROUNDUP(N49/50,0)>ROUNDUP(N48/50,0),"Lần " & ROUNDUP(N49/50,0),"")) | R49: =IF(O49="","",IF(ROUNDUP(O49/200,0)>ROUNDUP(O48/200,0),"Lần " & ROUNDUP(O49/200,0),"")) | S49: =IF(P49="","",IF(ROUNDUP(P49/350,0)>ROUNDUP(P48/350,0),"Lần " & ROUNDUP(P49/350,0),"")) | AK49: Bản vẽ: 45,00 → 72,51 m³ (tr.62 xà mũ trụ T2) | Mác C35 chưa có cấp phối riêng — đang dùng cấp phối C30 (0,425 t XM; 0,555 m³ cát; 0,700 m³ đá / m³). Nhập cấp phối được duyệt.
A50: 45 | B50: Bê tông tường thân mố M1 - Đợt 1 (C30 đá 1x2) | C50: =IF('Danh mục công việc'!S1261="","",'Danh mục công việc'!S1261) | E50: 0 | F50: =IF(C50="","",C50+7) | G50: =IF(C50="","",C50+28) | K50: 0.425 | L50: 0.555 | M50: 0.7 | N50: =IF(E50="","",ROUND(N49+IF(H50>0,E50*H50,E50*K50),2)) | O50: =IF(E50="","",ROUND(O49+IF(I50>0,E50*I50,E50*L50),2)) | P50: =IF(E50="","",ROUND(P49+IF(J50>0,E50*J50,E50*M50),2)) | Q50: =IF(N50="","",IF(ROUNDUP(N50/50,0)>ROUNDUP(N49/50,0),"Lần " & ROUNDUP(N50/50,0),"")) | R50: =IF(O50="","",IF(ROUNDUP(O50/200,0)>ROUNDUP(O49/200,0),"Lần " & ROUNDUP(O50/200,0),"")) | S50: =IF(P50="","",IF(ROUNDUP(P50/350,0)>ROUNDUP(P49/350,0),"Lần " & ROUNDUP(P50/350,0),"")) | AK50: Bản vẽ: 45,00 → 0,00 m³ (trùng với dòng 'tường thân mố M1' phía trên). Tường thân mố M1 đã tính ở dòng 'thân mố M1' (52,96 m³ = tr.31). Hai dòng đợt 1/2 (45 + 39,44 m³, giống số của mố M2) bị tính trùng — để 0. Nếu đổ 2 đợt thì chia 52,96 m³ lại.
A51: 46 | B51: Bê tông tường thân mố M1 - Đợt 2 (C30 đá 1x2) | C51: =IF('Danh mục công việc'!S1285="","",'Danh mục công việc'!S1285) | E51: 0 | F51: =IF(C51="","",C51+7) | G51: =IF(C51="","",C51+28) | K51: 0.425 | L51: 0.555 | M51: 0.7 | N51: =IF(E51="","",ROUND(N50+IF(H51>0,E51*H51,E51*K51),2)) | O51: =IF(E51="","",ROUND(O50+IF(I51>0,E51*I51,E51*L51),2)) | P51: =IF(E51="","",ROUND(P50+IF(J51>0,E51*J51,E51*M51),2)) | Q51: =IF(N51="","",IF(ROUNDUP(N51/50,0)>ROUNDUP(N50/50,0),"Lần " & ROUNDUP(N51/50,0),"")) | R51: =IF(O51="","",IF(ROUNDUP(O51/200,0)>ROUNDUP(O50/200,0),"Lần " & ROUNDUP(O51/200,0),"")) | S51: =IF(P51="","",IF(ROUNDUP(P51/350,0)>ROUNDUP(P50/350,0),"Lần " & ROUNDUP(P51/350,0),"")) | AK51: Bản vẽ: 39,44 → 0,00 m³ (trùng với dòng 'tường thân mố M1' phía trên). Tường thân mố M1 đã tính ở dòng 'thân mố M1' (52,96 m³ = tr.31). Hai dòng đợt 1/2 (45 + 39,44 m³, giống số của mố M2) bị tính trùng — để 0. Nếu đổ 2 đợt thì chia 52,96 m³ lại.
A52: 47 | B52: Bê tông tường đỉnh mố M1 & đá kê gối (C30) | E52: 14.23 | F52: =IF(C52="","",C52+7) | G52: =IF(C52="","",C52+28) | K52: 0.425 | L52: 0.555 | M52: 0.7 | N52: =IF(E52="","",ROUND(N51+IF(H52>0,E52*H52,E52*K52),2)) | O52: =IF(E52="","",ROUND(O51+IF(I52>0,E52*I52,E52*L52),2)) | P52: =IF(E52="","",ROUND(P51+IF(J52>0,E52*J52,E52*M52),2)) | Q52: =IF(N52="","",IF(ROUNDUP(N52/50,0)>ROUNDUP(N51/50,0),"Lần " & ROUNDUP(N52/50,0),"")) | R52: =IF(O52="","",IF(ROUNDUP(O52/200,0)>ROUNDUP(O51/200,0),"Lần " & ROUNDUP(O52/200,0),"")) | S52: =IF(P52="","",IF(ROUNDUP(P52/350,0)>ROUNDUP(P51/350,0),"Lần " & ROUNDUP(P52/350,0),"")) | AK52: Bản vẽ: 14,33 → 14,23 m³ (tr.31 tường đỉnh mố M1)
A53: 48 | B53: Bê tông tường cánh, gờ lan can, ụ chống chuyển vị, tường tai mố M1 (C30) | E53: 7.93 | F53: =IF(C53="","",C53+7) | G53: =IF(C53="","",C53+28) | K53: 0.425 | L53: 0.555 | M53: 0.7 | N53: =IF(E53="","",ROUND(N52+IF(H53>0,E53*H53,E53*K53),2)) | O53: =IF(E53="","",ROUND(O52+IF(I53>0,E53*I53,E53*L53),2)) | P53: =IF(E53="","",ROUND(P52+IF(J53>0,E53*J53,E53*M53),2)) | Q53: =IF(N53="","",IF(ROUNDUP(N53/50,0)>ROUNDUP(N52/50,0),"Lần " & ROUNDUP(N53/50,0),"")) | R53: =IF(O53="","",IF(ROUNDUP(O53/200,0)>ROUNDUP(O52/200,0),"Lần " & ROUNDUP(O53/200,0),"")) | S53: =IF(P53="","",IF(ROUNDUP(P53/350,0)>ROUNDUP(P52/350,0),"Lần " & ROUNDUP(P53/350,0),"")) | AK53: Bản vẽ: 10,13 → 7,93 m³ (tr.31 tường cánh 3,45 + gờ lan can/ụ chống chuyển vị/tường tai 4,48). Gộp 'gờ lan can, ụ chống chuyển vị, tường tai' (tr.31) vào dòng tường cánh vì file chưa có dòng riêng.
A54: 49 | B54: Bê tông tường thân mố M2 - Đợt 1 (C30 đá 1x2) | C54: =IF('Danh mục công việc'!S1306="","",'Danh mục công việc'!S1306) | E54: 61.77 | F54: =IF(C54="","",C54+7) | G54: =IF(C54="","",C54+28) | K54: 0.425 | L54: 0.555 | M54: 0.7 | N54: =IF(E54="","",ROUND(N53+IF(H54>0,E54*H54,E54*K54),2)) | O54: =IF(E54="","",ROUND(O53+IF(I54>0,E54*I54,E54*L54),2)) | P54: =IF(E54="","",ROUND(P53+IF(J54>0,E54*J54,E54*M54),2)) | Q54: =IF(N54="","",IF(ROUNDUP(N54/50,0)>ROUNDUP(N53/50,0),"Lần " & ROUNDUP(N54/50,0),"")) | R54: =IF(O54="","",IF(ROUNDUP(O54/200,0)>ROUNDUP(O53/200,0),"Lần " & ROUNDUP(O54/200,0),"")) | S54: =IF(P54="","",IF(ROUNDUP(P54/350,0)>ROUNDUP(P53/350,0),"Lần " & ROUNDUP(P54/350,0),"")) | AK54: Bản vẽ: 45,00 → 61,77 m³ (tr.40 tường thân mố M2, chia theo tỷ lệ 2 đợt cũ). Bản vẽ 115,91 m³ (file cũ 84,44 m³) — chia 2 đợt theo tỷ lệ cũ; xác nhận cao độ mạch ngừng.
A55: 50 | B55: Bê tông tường thân mố M2 - Đợt 2 (C30 đá 1x2) | C55: =IF('Danh mục công việc'!S1327="","",'Danh mục công việc'!S1327) | E55: 54.14 | F55: =IF(C55="","",C55+7) | G55: =IF(C55="","",C55+28) | K55: 0.425 | L55: 0.555 | M55: 0.7 | N55: =IF(E55="","",ROUND(N54+IF(H55>0,E55*H55,E55*K55),2)) | O55: =IF(E55="","",ROUND(O54+IF(I55>0,E55*I55,E55*L55),2)) | P55: =IF(E55="","",ROUND(P54+IF(J55>0,E55*J55,E55*M55),2)) | Q55: =IF(N55="","",IF(ROUNDUP(N55/50,0)>ROUNDUP(N54/50,0),"Lần " & ROUNDUP(N55/50,0),"")) | R55: =IF(O55="","",IF(ROUNDUP(O55/200,0)>ROUNDUP(O54/200,0),"Lần " & ROUNDUP(O55/200,0),"")) | S55: =IF(P55="","",IF(ROUNDUP(P55/350,0)>ROUNDUP(P54/350,0),"Lần " & ROUNDUP(P55/350,0),"")) | AK55: Bản vẽ: 39,44 → 54,14 m³ (tr.40 tường thân mố M2, chia theo tỷ lệ 2 đợt cũ). Bản vẽ 115,91 m³ (file cũ 84,44 m³) — chia 2 đợt theo tỷ lệ cũ; xác nhận cao độ mạch ngừng.
A56: 51 | B56: Bê tông tường đỉnh mố M2 & đá kê gối (C30) | E56: 14.43 | F56: =IF(C56="","",C56+7) | G56: =IF(C56="","",C56+28) | K56: 0.425 | L56: 0.555 | M56: 0.7 | N56: =IF(E56="","",ROUND(N55+IF(H56>0,E56*H56,E56*K56),2)) | O56: =IF(E56="","",ROUND(O55+IF(I56>0,E56*I56,E56*L56),2)) | P56: =IF(E56="","",ROUND(P55+IF(J56>0,E56*J56,E56*M56),2)) | Q56: =IF(N56="","",IF(ROUNDUP(N56/50,0)>ROUNDUP(N55/50,0),"Lần " & ROUNDUP(N56/50,0),"")) | R56: =IF(O56="","",IF(ROUNDUP(O56/200,0)>ROUNDUP(O55/200,0),"Lần " & ROUNDUP(O56/200,0),"")) | S56: =IF(P56="","",IF(ROUNDUP(P56/350,0)>ROUNDUP(P55/350,0),"Lần " & ROUNDUP(P56/350,0),"")) | AK56: Bản vẽ: 14,33 → 14,43 m³ (tr.40 tường đỉnh mố M2)
A57: 52 | B57: Bê tông tường cánh, gờ lan can, ụ chống chuyển vị, tường tai mố M2 (C30) | E57: 21.91 | F57: =IF(C57="","",C57+7) | G57: =IF(C57="","",C57+28) | K57: 0.425 | L57: 0.555 | M57: 0.7 | N57: =IF(E57="","",ROUND(N56+IF(H57>0,E57*H57,E57*K57),2)) | O57: =IF(E57="","",ROUND(O56+IF(I57>0,E57*I57,E57*L57),2)) | P57: =IF(E57="","",ROUND(P56+IF(J57>0,E57*J57,E57*M57),2)) | Q57: =IF(N57="","",IF(ROUNDUP(N57/50,0)>ROUNDUP(N56/50,0),"Lần " & ROUNDUP(N57/50,0),"")) | R57: =IF(O57="","",IF(ROUNDUP(O57/200,0)>ROUNDUP(O56/200,0),"Lần " & ROUNDUP(O57/200,0),"")) | S57: =IF(P57="","",IF(ROUNDUP(P57/350,0)>ROUNDUP(P56/350,0),"Lần " & ROUNDUP(P57/350,0),"")) | AK57: Bản vẽ: 10,13 → 21,91 m³ (tr.40 tường cánh 16,81 + gờ lan can/ụ chống chuyển vị/tường tai 5,10). Gộp 'gờ lan can, ụ chống chuyển vị, tường tai' (tr.40) vào dòng tường cánh.
A58: IV. HẠNG MỤC DẦM CHỦ SUPER-T L=38.2M (15 PHIẾN DẦM C45/C35)
A59: 53 | B59: Bê tông dầm Super-T Nhịp 1 - Phiến D1 (C45 đá 1x2) | E59: 28.99 | F59: =IF(C59="","",C59+7) | G59: =IF(C59="","",C59+28) | K59: 0.425 | L59: 0.555 | M59: 0.7 | N59: =IF(E59="","",ROUND(N57+IF(H59>0,E59*H59,E59*K59),2)) | O59: =IF(E59="","",ROUND(O57+IF(I59>0,E59*I59,E59*L59),2)) | P59: =IF(E59="","",ROUND(P57+IF(J59>0,E59*J59,E59*M59),2)) | Q59: =IF(N59="","",IF(ROUNDUP(N59/50,0)>ROUNDUP(N57/50,0),"Lần " & ROUNDUP(N59/50,0),"")) | R59: =IF(O59="","",IF(ROUNDUP(O59/200,0)>ROUNDUP(O57/200,0),"Lần " & ROUNDUP(O59/200,0),"")) | S59: =IF(P59="","",IF(ROUNDUP(P59/350,0)>ROUNDUP(P57/350,0),"Lần " & ROUNDUP(P59/350,0),"")) | AK59: Khớp bản vẽ (tr.175 bê tông 15 phiến ÷ 15). Bình quân 15 phiến; từng loại: S1B1 29,25 (tr.88), S1G 28,83 (tr.94) m³ — thay theo loại phiến khi có sơ đồ vị trí. | Mác C45 chưa có cấp phối riêng — đang dùng cấp phối C30 (0,425 t XM; 0,555 m³ cát; 0,700 m³ đá / m³). Nhập cấp phối được duyệt.
A60: 54 | B60: Bê tông dầm Super-T Nhịp 1 - Phiến D2 (C45 đá 1x2) | E60: 28.99 | F60: =IF(C60="","",C60+7) | G60: =IF(C60="","",C60+28) | K60: 0.425 | L60: 0.555 | M60: 0.7 | N60: =IF(E60="","",ROUND(N59+IF(H60>0,E60*H60,E60*K60),2)) | O60: =IF(E60="","",ROUND(O59+IF(I60>0,E60*I60,E60*L60),2)) | P60: =IF(E60="","",ROUND(P59+IF(J60>0,E60*J60,E60*M60),2)) | Q60: =IF(N60="","",IF(ROUNDUP(N60/50,0)>ROUNDUP(N59/50,0),"Lần " & ROUNDUP(N60/50,0),"")) | R60: =IF(O60="","",IF(ROUNDUP(O60/200,0)>ROUNDUP(O59/200,0),"Lần " & ROUNDUP(O60/200,0),"")) | S60: =IF(P60="","",IF(ROUNDUP(P60/350,0)>ROUNDUP(P59/350,0),"Lần " & ROUNDUP(P60/350,0),"")) | AK60: Khớp bản vẽ (tr.175 bê tông 15 phiến ÷ 15). Bình quân 15 phiến; từng loại: S1B1 29,25 (tr.88), S1G 28,83 (tr.94) m³ — thay theo loại phiến khi có sơ đồ vị trí. | Mác C45 chưa có cấp phối riêng — đang dùng cấp phối C30 (0,425 t XM; 0,555 m³ cát; 0,700 m³ đá / m³). Nhập cấp phối được duyệt.
A61: 55 | B61: Bê tông dầm Super-T Nhịp 1 - Phiến D3 (C45 đá 1x2) | E61: 28.99 | F61: =IF(C61="","",C61+7) | G61: =IF(C61="","",C61+28) | K61: 0.425 | L61: 0.555 | M61: 0.7 | N61: =IF(E61="","",ROUND(N60+IF(H61>0,E61*H61,E61*K61),2)) | O61: =IF(E61="","",ROUND(O60+IF(I61>0,E61*I61,E61*L61),2)) | P61: =IF(E61="","",ROUND(P60+IF(J61>0,E61*J61,E61*M61),2)) | Q61: =IF(N61="","",IF(ROUNDUP(N61/50,0)>ROUNDUP(N60/50,0),"Lần " & ROUNDUP(N61/50,0),"")) | R61: =IF(O61="","",IF(ROUNDUP(O61/200,0)>ROUNDUP(O60/200,0),"Lần " & ROUNDUP(O61/200,0),"")) | S61: =IF(P61="","",IF(ROUNDUP(P61/350,0)>ROUNDUP(P60/350,0),"Lần " & ROUNDUP(P61/350,0),"")) | AK61: Khớp bản vẽ (tr.175 bê tông 15 phiến ÷ 15). Bình quân 15 phiến; từng loại: S1B1 29,25 (tr.88), S1G 28,83 (tr.94) m³ — thay theo loại phiến khi có sơ đồ vị trí. | Mác C45 chưa có cấp phối riêng — đang dùng cấp phối C30 (0,425 t XM; 0,555 m³ cát; 0,700 m³ đá / m³). Nhập cấp phối được duyệt.
A62: 56 | B62: Bê tông dầm Super-T Nhịp 1 - Phiến D4 (C45 đá 1x2) | E62: 28.99 | F62: =IF(C62="","",C62+7) | G62: =IF(C62="","",C62+28) | K62: 0.425 | L62: 0.555 | M62: 0.7 | N62: =IF(E62="","",ROUND(N61+IF(H62>0,E62*H62,E62*K62),2)) | O62: =IF(E62="","",ROUND(O61+IF(I62>0,E62*I62,E62*L62),2)) | P62: =IF(E62="","",ROUND(P61+IF(J62>0,E62*J62,E62*M62),2)) | Q62: =IF(N62="","",IF(ROUNDUP(N62/50,0)>ROUNDUP(N61/50,0),"Lần " & ROUNDUP(N62/50,0),"")) | R62: =IF(O62="","",IF(ROUNDUP(O62/200,0)>ROUNDUP(O61/200,0),"Lần " & ROUNDUP(O62/200,0),"")) | S62: =IF(P62="","",IF(ROUNDUP(P62/350,0)>ROUNDUP(P61/350,0),"Lần " & ROUNDUP(P62/350,0),"")) | AK62: Khớp bản vẽ (tr.175 bê tông 15 phiến ÷ 15). Bình quân 15 phiến; từng loại: S1B1 29,25 (tr.88), S1G 28,83 (tr.94) m³ — thay theo loại phiến khi có sơ đồ vị trí. | Mác C45 chưa có cấp phối riêng — đang dùng cấp phối C30 (0,425 t XM; 0,555 m³ cát; 0,700 m³ đá / m³). Nhập cấp phối được duyệt.
A63: 57 | B63: Bê tông dầm Super-T Nhịp 1 - Phiến D5 (C45 đá 1x2) | E63: 28.99 | F63: =IF(C63="","",C63+7) | G63: =IF(C63="","",C63+28) | K63: 0.425 | L63: 0.555 | M63: 0.7 | N63: =IF(E63="","",ROUND(N62+IF(H63>0,E63*H63,E63*K63),2)) | O63: =IF(E63="","",ROUND(O62+IF(I63>0,E63*I63,E63*L63),2)) | P63: =IF(E63="","",ROUND(P62+IF(J63>0,E63*J63,E63*M63),2)) | Q63: =IF(N63="","",IF(ROUNDUP(N63/50,0)>ROUNDUP(N62/50,0),"Lần " & ROUNDUP(N63/50,0),"")) | R63: =IF(O63="","",IF(ROUNDUP(O63/200,0)>ROUNDUP(O62/200,0),"Lần " & ROUNDUP(O63/200,0),"")) | S63: =IF(P63="","",IF(ROUNDUP(P63/350,0)>ROUNDUP(P62/350,0),"Lần " & ROUNDUP(P63/350,0),"")) | AK63: Khớp bản vẽ (tr.175 bê tông 15 phiến ÷ 15). Bình quân 15 phiến; từng loại: S1B1 29,25 (tr.88), S1G 28,83 (tr.94) m³ — thay theo loại phiến khi có sơ đồ vị trí. | Mác C45 chưa có cấp phối riêng — đang dùng cấp phối C30 (0,425 t XM; 0,555 m³ cát; 0,700 m³ đá / m³). Nhập cấp phối được duyệt.
A64: 58 | B64: Bê tông dầm Super-T Nhịp 2 - Phiến D1 (C45 đá 1x2) | E64: 28.99 | F64: =IF(C64="","",C64+7) | G64: =IF(C64="","",C64+28) | K64: 0.425 | L64: 0.555 | M64: 0.7 | N64: =IF(E64="","",ROUND(N63+IF(H64>0,E64*H64,E64*K64),2)) | O64: =IF(E64="","",ROUND(O63+IF(I64>0,E64*I64,E64*L64),2)) | P64: =IF(E64="","",ROUND(P63+IF(J64>0,E64*J64,E64*M64),2)) | Q64: =IF(N64="","",IF(ROUNDUP(N64/50,0)>ROUNDUP(N63/50,0),"Lần " & ROUNDUP(N64/50,0),"")) | R64: =IF(O64="","",IF(ROUNDUP(O64/200,0)>ROUNDUP(O63/200,0),"Lần " & ROUNDUP(O64/200,0),"")) | S64: =IF(P64="","",IF(ROUNDUP(P64/350,0)>ROUNDUP(P63/350,0),"Lần " & ROUNDUP(P64/350,0),"")) | AK64: Khớp bản vẽ (tr.175 bê tông 15 phiến ÷ 15). Bình quân 15 phiến; từng loại: S1B1 29,25 (tr.88), S1G 28,83 (tr.94) m³ — thay theo loại phiến khi có sơ đồ vị trí. | Mác C45 chưa có cấp phối riêng — đang dùng cấp phối C30 (0,425 t XM; 0,555 m³ cát; 0,700 m³ đá / m³). Nhập cấp phối được duyệt.
A65: 59 | B65: Bê tông dầm Super-T Nhịp 2 - Phiến D2 (C45 đá 1x2) | E65: 28.99 | F65: =IF(C65="","",C65+7) | G65: =IF(C65="","",C65+28) | K65: 0.425 | L65: 0.555 | M65: 0.7 | N65: =IF(E65="","",ROUND(N64+IF(H65>0,E65*H65,E65*K65),2)) | O65: =IF(E65="","",ROUND(O64+IF(I65>0,E65*I65,E65*L65),2)) | P65: =IF(E65="","",ROUND(P64+IF(J65>0,E65*J65,E65*M65),2)) | Q65: =IF(N65="","",IF(ROUNDUP(N65/50,0)>ROUNDUP(N64/50,0),"Lần " & ROUNDUP(N65/50,0),"")) | R65: =IF(O65="","",IF(ROUNDUP(O65/200,0)>ROUNDUP(O64/200,0),"Lần " & ROUNDUP(O65/200,0),"")) | S65: =IF(P65="","",IF(ROUNDUP(P65/350,0)>ROUNDUP(P64/350,0),"Lần " & ROUNDUP(P65/350,0),"")) | AK65: Khớp bản vẽ (tr.175 bê tông 15 phiến ÷ 15). Bình quân 15 phiến; từng loại: S1B1 29,25 (tr.88), S1G 28,83 (tr.94) m³ — thay theo loại phiến khi có sơ đồ vị trí. | Mác C45 chưa có cấp phối riêng — đang dùng cấp phối C30 (0,425 t XM; 0,555 m³ cát; 0,700 m³ đá / m³). Nhập cấp phối được duyệt.
A66: 60 | B66: Bê tông dầm Super-T Nhịp 2 - Phiến D3 (C45 đá 1x2) | E66: 28.99 | F66: =IF(C66="","",C66+7) | G66: =IF(C66="","",C66+28) | K66: 0.425 | L66: 0.555 | M66: 0.7 | N66: =IF(E66="","",ROUND(N65+IF(H66>0,E66*H66,E66*K66),2)) | O66: =IF(E66="","",ROUND(O65+IF(I66>0,E66*I66,E66*L66),2)) | P66: =IF(E66="","",ROUND(P65+IF(J66>0,E66*J66,E66*M66),2)) | Q66: =IF(N66="","",IF(ROUNDUP(N66/50,0)>ROUNDUP(N65/50,0),"Lần " & ROUNDUP(N66/50,0),"")) | R66: =IF(O66="","",IF(ROUNDUP(O66/200,0)>ROUNDUP(O65/200,0),"Lần " & ROUNDUP(O66/200,0),"")) | S66: =IF(P66="","",IF(ROUNDUP(P66/350,0)>ROUNDUP(P65/350,0),"Lần " & ROUNDUP(P66/350,0),"")) | AK66: Khớp bản vẽ (tr.175 bê tông 15 phiến ÷ 15). Bình quân 15 phiến; từng loại: S1B1 29,25 (tr.88), S1G 28,83 (tr.94) m³ — thay theo loại phiến khi có sơ đồ vị trí. | Mác C45 chưa có cấp phối riêng — đang dùng cấp phối C30 (0,425 t XM; 0,555 m³ cát; 0,700 m³ đá / m³). Nhập cấp phối được duyệt.
A67: 61 | B67: Bê tông dầm Super-T Nhịp 2 - Phiến D4 (C45 đá 1x2) | E67: 28.99 | F67: =IF(C67="","",C67+7) | G67: =IF(C67="","",C67+28) | K67: 0.425 | L67: 0.555 | M67: 0.7 | N67: =IF(E67="","",ROUND(N66+IF(H67>0,E67*H67,E67*K67),2)) | O67: =IF(E67="","",ROUND(O66+IF(I67>0,E67*I67,E67*L67),2)) | P67: =IF(E67="","",ROUND(P66+IF(J67>0,E67*J67,E67*M67),2)) | Q67: =IF(N67="","",IF(ROUNDUP(N67/50,0)>ROUNDUP(N66/50,0),"Lần " & ROUNDUP(N67/50,0),"")) | R67: =IF(O67="","",IF(ROUNDUP(O67/200,0)>ROUNDUP(O66/200,0),"Lần " & ROUNDUP(O67/200,0),"")) | S67: =IF(P67="","",IF(ROUNDUP(P67/350,0)>ROUNDUP(P66/350,0),"Lần " & ROUNDUP(P67/350,0),"")) | AK67: Khớp bản vẽ (tr.175 bê tông 15 phiến ÷ 15). Bình quân 15 phiến; từng loại: S1B1 29,25 (tr.88), S1G 28,83 (tr.94) m³ — thay theo loại phiến khi có sơ đồ vị trí. | Mác C45 chưa có cấp phối riêng — đang dùng cấp phối C30 (0,425 t XM; 0,555 m³ cát; 0,700 m³ đá / m³). Nhập cấp phối được duyệt.
A68: 62 | B68: Bê tông dầm Super-T Nhịp 2 - Phiến D5 (C45 đá 1x2) | E68: 28.99 | F68: =IF(C68="","",C68+7) | G68: =IF(C68="","",C68+28) | K68: 0.425 | L68: 0.555 | M68: 0.7 | N68: =IF(E68="","",ROUND(N67+IF(H68>0,E68*H68,E68*K68),2)) | O68: =IF(E68="","",ROUND(O67+IF(I68>0,E68*I68,E68*L68),2)) | P68: =IF(E68="","",ROUND(P67+IF(J68>0,E68*J68,E68*M68),2)) | Q68: =IF(N68="","",IF(ROUNDUP(N68/50,0)>ROUNDUP(N67/50,0),"Lần " & ROUNDUP(N68/50,0),"")) | R68: =IF(O68="","",IF(ROUNDUP(O68/200,0)>ROUNDUP(O67/200,0),"Lần " & ROUNDUP(O68/200,0),"")) | S68: =IF(P68="","",IF(ROUNDUP(P68/350,0)>ROUNDUP(P67/350,0),"Lần " & ROUNDUP(P68/350,0),"")) | AK68: Khớp bản vẽ (tr.175 bê tông 15 phiến ÷ 15). Bình quân 15 phiến; từng loại: S1B1 29,25 (tr.88), S1G 28,83 (tr.94) m³ — thay theo loại phiến khi có sơ đồ vị trí. | Mác C45 chưa có cấp phối riêng — đang dùng cấp phối C30 (0,425 t XM; 0,555 m³ cát; 0,700 m³ đá / m³). Nhập cấp phối được duyệt.
A69: 63 | B69: Bê tông dầm Super-T Nhịp 3 - Phiến D1 (C45 đá 1x2) | E69: 28.99 | F69: =IF(C69="","",C69+7) | G69: =IF(C69="","",C69+28) | K69: 0.425 | L69: 0.555 | M69: 0.7 | N69: =IF(E69="","",ROUND(N68+IF(H69>0,E69*H69,E69*K69),2)) | O69: =IF(E69="","",ROUND(O68+IF(I69>0,E69*I69,E69*L69),2)) | P69: =IF(E69="","",ROUND(P68+IF(J69>0,E69*J69,E69*M69),2)) | Q69: =IF(N69="","",IF(ROUNDUP(N69/50,0)>ROUNDUP(N68/50,0),"Lần " & ROUNDUP(N69/50,0),"")) | R69: =IF(O69="","",IF(ROUNDUP(O69/200,0)>ROUNDUP(O68/200,0),"Lần " & ROUNDUP(O69/200,0),"")) | S69: =IF(P69="","",IF(ROUNDUP(P69/350,0)>ROUNDUP(P68/350,0),"Lần " & ROUNDUP(P69/350,0),"")) | AK69: Khớp bản vẽ (tr.175 bê tông 15 phiến ÷ 15). Bình quân 15 phiến; từng loại: S1B1 29,25 (tr.88), S1G 28,83 (tr.94) m³ — thay theo loại phiến khi có sơ đồ vị trí. | Mác C45 chưa có cấp phối riêng — đang dùng cấp phối C30 (0,425 t XM; 0,555 m³ cát; 0,700 m³ đá / m³). Nhập cấp phối được duyệt.
A70: 64 | B70: Bê tông dầm Super-T Nhịp 3 - Phiến D2 (C45 đá 1x2) | E70: 28.99 | F70: =IF(C70="","",C70+7) | G70: =IF(C70="","",C70+28) | K70: 0.425 | L70: 0.555 | M70: 0.7 | N70: =IF(E70="","",ROUND(N69+IF(H70>0,E70*H70,E70*K70),2)) | O70: =IF(E70="","",ROUND(O69+IF(I70>0,E70*I70,E70*L70),2)) | P70: =IF(E70="","",ROUND(P69+IF(J70>0,E70*J70,E70*M70),2)) | Q70: =IF(N70="","",IF(ROUNDUP(N70/50,0)>ROUNDUP(N69/50,0),"Lần " & ROUNDUP(N70/50,0),"")) | R70: =IF(O70="","",IF(ROUNDUP(O70/200,0)>ROUNDUP(O69/200,0),"Lần " & ROUNDUP(O70/200,0),"")) | S70: =IF(P70="","",IF(ROUNDUP(P70/350,0)>ROUNDUP(P69/350,0),"Lần " & ROUNDUP(P70/350,0),"")) | AK70: Khớp bản vẽ (tr.175 bê tông 15 phiến ÷ 15). Bình quân 15 phiến; từng loại: S1B1 29,25 (tr.88), S1G 28,83 (tr.94) m³ — thay theo loại phiến khi có sơ đồ vị trí. | Mác C45 chưa có cấp phối riêng — đang dùng cấp phối C30 (0,425 t XM; 0,555 m³ cát; 0,700 m³ đá / m³). Nhập cấp phối được duyệt.
A71: 65 | B71: Bê tông dầm Super-T Nhịp 3 - Phiến D3 (C45 đá 1x2) | E71: 28.99 | F71: =IF(C71="","",C71+7) | G71: =IF(C71="","",C71+28) | K71: 0.425 | L71: 0.555 | M71: 0.7 | N71: =IF(E71="","",ROUND(N70+IF(H71>0,E71*H71,E71*K71),2)) | O71: =IF(E71="","",ROUND(O70+IF(I71>0,E71*I71,E71*L71),2)) | P71: =IF(E71="","",ROUND(P70+IF(J71>0,E71*J71,E71*M71),2)) | Q71: =IF(N71="","",IF(ROUNDUP(N71/50,0)>ROUNDUP(N70/50,0),"Lần " & ROUNDUP(N71/50,0),"")) | R71: =IF(O71="","",IF(ROUNDUP(O71/200,0)>ROUNDUP(O70/200,0),"Lần " & ROUNDUP(O71/200,0),"")) | S71: =IF(P71="","",IF(ROUNDUP(P71/350,0)>ROUNDUP(P70/350,0),"Lần " & ROUNDUP(P71/350,0),"")) | AK71: Khớp bản vẽ (tr.175 bê tông 15 phiến ÷ 15). Bình quân 15 phiến; từng loại: S1B1 29,25 (tr.88), S1G 28,83 (tr.94) m³ — thay theo loại phiến khi có sơ đồ vị trí. | Mác C45 chưa có cấp phối riêng — đang dùng cấp phối C30 (0,425 t XM; 0,555 m³ cát; 0,700 m³ đá / m³). Nhập cấp phối được duyệt.
... A73: 67 | B73: Bê tông dầm Super-T Nhịp 3 - Phiến D5 (C45 đá 1x2) | E73: 28.99 | F73: =IF(C73="","",C73+7) | G73: =IF(C73="","",C73+28) | K73: 0.425 | L73: 0.555 | M73: 0.7 | N73: =IF(E73="","",ROUND(N72+IF(H73>0,E73*H73,E73*K73),2)) | O73: =IF(E73="","",ROUND(O72+IF(I73>0,E73*I73,E73*L73),2)) | P73: =IF(E73="","",ROUND(P72+IF(J73>0,E73*J73,E73*M73),2)) | Q73: =IF(N73="","",IF(ROUNDUP(N73/50,0)>ROUNDUP(N72/50,0),"Lần " & ROUNDUP(N73/50,0),"")) | R73: =IF(O73="","",IF(ROUNDUP(O73/200,0)>ROUNDUP(O72/200,0),"Lần " & ROUNDUP(O73/200,0),"")) | S73: =IF(P73="","",IF(ROUNDUP(P73/350,0)>ROUNDUP(P72/350,0),"Lần " & ROUNDUP(P73/350,0),"")) | AK73: Khớp bản vẽ (tr.175 bê tông 15 phiến ÷ 15). Bình quân 15 phiến; từng loại: S1B1 29,25 (tr.88), S1G 28,83 (tr.94) m³ — thay theo loại phiến khi có sơ đồ vị trí. | Mác C45 chưa có cấp phối riêng — đang dùng cấp phối C30 (0,425 t XM; 0,555 m³ cát; 0,700 m³ đá / m³). Nhập cấp phối được duyệt.
A74: V. HẠNG MỤC DẦM NGANG, BẢN MẶT CẦU & KẾT CẤU HOÀN THIỆN
A75: 68 | B75: Bê tông dầm ngang mố M1 & Trụ T1 (C35 đá 1x2) | E75: 6.46 | F75: =IF(C75="","",C75+7) | G75: =IF(C75="","",C75+28) | K75: 0.425 | L75: 0.555 | M75: 0.7 | N75: =IF(E75="","",ROUND(N73+IF(H75>0,E75*H75,E75*K75),2)) | O75: =IF(E75="","",ROUND(O73+IF(I75>0,E75*I75,E75*L75),2)) | P75: =IF(E75="","",ROUND(P73+IF(J75>0,E75*J75,E75*M75),2)) | Q75: =IF(N75="","",IF(ROUNDUP(N75/50,0)>ROUNDUP(N73/50,0),"Lần " & ROUNDUP(N75/50,0),"")) | R75: =IF(O75="","",IF(ROUNDUP(O75/200,0)>ROUNDUP(O73/200,0),"Lần " & ROUNDUP(O75/200,0),"")) | S75: =IF(P75="","",IF(ROUNDUP(P75/350,0)>ROUNDUP(P73/350,0),"Lần " & ROUNDUP(P75/350,0),"")) | AK75: Khớp bản vẽ (tr.96: 3 dầm ngang, 19,38 ÷ 3) | Mác C35 chưa có cấp phối riêng — đang dùng cấp phối C30 (0,425 t XM; 0,555 m³ cát; 0,700 m³ đá / m³). Nhập cấp phối được duyệt.
A76: 69 | B76: Bê tông dầm ngang Trụ T1 & Trụ T2 (C35 đá 1x2) | E76: 6.46 | F76: =IF(C76="","",C76+7) | G76: =IF(C76="","",C76+28) | K76: 0.425 | L76: 0.555 | M76: 0.7 | N76: =IF(E76="","",ROUND(N75+IF(H76>0,E76*H76,E76*K76),2)) | O76: =IF(E76="","",ROUND(O75+IF(I76>0,E76*I76,E76*L76),2)) | P76: =IF(E76="","",ROUND(P75+IF(J76>0,E76*J76,E76*M76),2)) | Q76: =IF(N76="","",IF(ROUNDUP(N76/50,0)>ROUNDUP(N75/50,0),"Lần " & ROUNDUP(N76/50,0),"")) | R76: =IF(O76="","",IF(ROUNDUP(O76/200,0)>ROUNDUP(O75/200,0),"Lần " & ROUNDUP(O76/200,0),"")) | S76: =IF(P76="","",IF(ROUNDUP(P76/350,0)>ROUNDUP(P75/350,0),"Lần " & ROUNDUP(P76/350,0),"")) | AK76: Khớp bản vẽ (tr.96: 3 dầm ngang, 19,38 ÷ 3) | Mác C35 chưa có cấp phối riêng — đang dùng cấp phối C30 (0,425 t XM; 0,555 m³ cát; 0,700 m³ đá / m³). Nhập cấp phối được duyệt.
A77: 70 | B77: Bê tông dầm ngang Trụ T2 & Mố M2 (C35 đá 1x2) | E77: 6.46 | F77: =IF(C77="","",C77+7) | G77: =IF(C77="","",C77+28) | K77: 0.425 | L77: 0.555 | M77: 0.7 | N77: =IF(E77="","",ROUND(N76+IF(H77>0,E77*H77,E77*K77),2)) | O77: =IF(E77="","",ROUND(O76+IF(I77>0,E77*I77,E77*L77),2)) | P77: =IF(E77="","",ROUND(P76+IF(J77>0,E77*J77,E77*M77),2)) | Q77: =IF(N77="","",IF(ROUNDUP(N77/50,0)>ROUNDUP(N76/50,0),"Lần " & ROUNDUP(N77/50,0),"")) | R77: =IF(O77="","",IF(ROUNDUP(O77/200,0)>ROUNDUP(O76/200,0),"Lần " & ROUNDUP(O77/200,0),"")) | S77: =IF(P77="","",IF(ROUNDUP(P77/350,0)>ROUNDUP(P76/350,0),"Lần " & ROUNDUP(P77/350,0),"")) | AK77: Khớp bản vẽ (tr.96: 3 dầm ngang, 19,38 ÷ 3) | Mác C35 chưa có cấp phối riêng — đang dùng cấp phối C30 (0,425 t XM; 0,555 m³ cát; 0,700 m³ đá / m³). Nhập cấp phối được duyệt.
A78: 71 | B78: Bê tông bản liên tục nhiệt tại trụ T1, T2 (C35 đá 1x2) | E78: 21.87 | F78: =IF(C78="","",C78+7) | G78: =IF(C78="","",C78+28) | K78: 0.425 | L78: 0.555 | M78: 0.7 | N78: =IF(E78="","",ROUND(N77+IF(H78>0,E78*H78,E78*K78),2)) | O78: =IF(E78="","",ROUND(O77+IF(I78>0,E78*I78,E78*L78),2)) | P78: =IF(E78="","",ROUND(P77+IF(J78>0,E78*J78,E78*M78),2)) | Q78: =IF(N78="","",IF(ROUNDUP(N78/50,0)>ROUNDUP(N77/50,0),"Lần " & ROUNDUP(N78/50,0),"")) | R78: =IF(O78="","",IF(ROUNDUP(O78/200,0)>ROUNDUP(O77/200,0),"Lần " & ROUNDUP(O78/200,0),"")) | S78: =IF(P78="","",IF(ROUNDUP(P78/350,0)>ROUNDUP(P77/350,0),"Lần " & ROUNDUP(P78/350,0),"")) | AK78: Bản vẽ: 8,50 → 21,87 m³ (tr.175 (tr.112: 2 vị trí × 10,93)). File cũ 8,5 m³ ghi C45; bản vẽ 21,87 m³ C35, đổ ở 2 vị trí — nên tách 2 dòng để lấy mẫu từng lần đổ. | Mác C35 chưa có cấp phối riêng — đang dùng cấp phối C30 (0,425 t XM; 0,555 m³ cát; 0,700 m³ đá / m³). Nhập cấp phối được duyệt.
A79: 72 | B79: Bê tông bản mặt cầu Nhịp 1 (C35 đá 1x2) | E79: 102.53 | F79: =IF(C79="","",C79+7) | G79: =IF(C79="","",C79+28) | K79: 0.425 | L79: 0.555 | M79: 0.7 | N79: =IF(E79="","",ROUND(N78+IF(H79>0,E79*H79,E79*K79),2)) | O79: =IF(E79="","",ROUND(O78+IF(I79>0,E79*I79,E79*L79),2)) | P79: =IF(E79="","",ROUND(P78+IF(J79>0,E79*J79,E79*M79),2)) | Q79: =IF(N79="","",IF(ROUNDUP(N79/50,0)>ROUNDUP(N78/50,0),"Lần " & ROUNDUP(N79/50,0),"")) | R79: =IF(O79="","",IF(ROUNDUP(O79/200,0)>ROUNDUP(O78/200,0),"Lần " & ROUNDUP(O79/200,0),"")) | S79: =IF(P79="","",IF(ROUNDUP(P79/350,0)>ROUNDUP(P78/350,0),"Lần " & ROUNDUP(P79/350,0),"")) | AK79: Bản vẽ: 85,00 → 102,53 m³ (tr.112 bản mặt cầu loại 1 (1 nhịp)). Tr.112/175: 2 nhịp loại 1 (102,53) + 1 nhịp loại 2 (100,40) = 305,465 m³. Chưa rõ nhịp nào loại 2 — đang gán nhịp 2. | Mác C35 chưa có cấp phối riêng — đang dùng cấp phối C30 (0,425 t XM; 0,555 m³ cát; 0,700 m³ đá / m³). Nhập cấp phối được duyệt.
A80: 73 | B80: Bê tông bản mặt cầu Nhịp 2 (C35 đá 1x2) | E80: 100.4 | F80: =IF(C80="","",C80+7) | G80: =IF(C80="","",C80+28) | K80: 0.425 | L80: 0.555 | M80: 0.7 | N80: =IF(E80="","",ROUND(N79+IF(H80>0,E80*H80,E80*K80),2)) | O80: =IF(E80="","",ROUND(O79+IF(I80>0,E80*I80,E80*L80),2)) | P80: =IF(E80="","",ROUND(P79+IF(J80>0,E80*J80,E80*M80),2)) | Q80: =IF(N80="","",IF(ROUNDUP(N80/50,0)>ROUNDUP(N79/50,0),"Lần " & ROUNDUP(N80/50,0),"")) | R80: =IF(O80="","",IF(ROUNDUP(O80/200,0)>ROUNDUP(O79/200,0),"Lần " & ROUNDUP(O80/200,0),"")) | S80: =IF(P80="","",IF(ROUNDUP(P80/350,0)>ROUNDUP(P79/350,0),"Lần " & ROUNDUP(P80/350,0),"")) | AK80: Bản vẽ: 85,00 → 100,40 m³ (tr.112 bản mặt cầu loại 2 (1 nhịp)). Chưa rõ nhịp nào loại 2 — đang gán nhịp 2. | Mác C35 chưa có cấp phối riêng — đang dùng cấp phối C30 (0,425 t XM; 0,555 m³ cát; 0,700 m³ đá / m³). Nhập cấp phối được duyệt.
A81: 74 | B81: Bê tông bản mặt cầu Nhịp 3 (C35 đá 1x2) | E81: 102.53 | F81: =IF(C81="","",C81+7) | G81: =IF(C81="","",C81+28) | K81: 0.425 | L81: 0.555 | M81: 0.7 | N81: =IF(E81="","",ROUND(N80+IF(H81>0,E81*H81,E81*K81),2)) | O81: =IF(E81="","",ROUND(O80+IF(I81>0,E81*I81,E81*L81),2)) | P81: =IF(E81="","",ROUND(P80+IF(J81>0,E81*J81,E81*M81),2)) | Q81: =IF(N81="","",IF(ROUNDUP(N81/50,0)>ROUNDUP(N80/50,0),"Lần " & ROUNDUP(N81/50,0),"")) | R81: =IF(O81="","",IF(ROUNDUP(O81/200,0)>ROUNDUP(O80/200,0),"Lần " & ROUNDUP(O81/200,0),"")) | S81: =IF(P81="","",IF(ROUNDUP(P81/350,0)>ROUNDUP(P80/350,0),"Lần " & ROUNDUP(P81/350,0),"")) | AK81: Bản vẽ: 85,00 → 102,53 m³ (tr.112 bản mặt cầu loại 1 (1 nhịp)) | Mác C35 chưa có cấp phối riêng — đang dùng cấp phối C30 (0,425 t XM; 0,555 m³ cát; 0,700 m³ đá / m³). Nhập cấp phối được duyệt.
A82: 75 | B82: Bê tông bản quá độ mố M1 (C25 đá 1x2) | E82: 29.1 | F82: =IF(C82="","",C82+7) | G82: =IF(C82="","",C82+28) | K82: 0.425 | L82: 0.555 | M82: 0.7 | N82: =IF(E82="","",ROUND(N81+IF(H82>0,E82*H82,E82*K82),2)) | O82: =IF(E82="","",ROUND(O81+IF(I82>0,E82*I82,E82*L82),2)) | P82: =IF(E82="","",ROUND(P81+IF(J82>0,E82*J82,E82*M82),2)) | Q82: =IF(N82="","",IF(ROUNDUP(N82/50,0)>ROUNDUP(N81/50,0),"Lần " & ROUNDUP(N82/50,0),"")) | R82: =IF(O82="","",IF(ROUNDUP(O82/200,0)>ROUNDUP(O81/200,0),"Lần " & ROUNDUP(O82/200,0),"")) | S82: =IF(P82="","",IF(ROUNDUP(P82/350,0)>ROUNDUP(P81/350,0),"Lần " & ROUNDUP(P82/350,0),"")) | AK82: Bản vẽ: 16,00 → 29,10 m³ (tr.126 bản quá độ A1). File cũ 16 m³ ghi C30; bản vẽ 29,10 m³ C25. | Mác C25 chưa có cấp phối riêng — đang dùng cấp phối C30 (0,425 t XM; 0,555 m³ cát; 0,700 m³ đá / m³). Nhập cấp phối được duyệt.
A83: 76 | B83: Bê tông bản quá độ mố M2 (C25 đá 1x2) | E83: 38.28 | F83: =IF(C83="","",C83+7) | G83: =IF(C83="","",C83+28) | K83: 0.425 | L83: 0.555 | M83: 0.7 | N83: =IF(E83="","",ROUND(N82+IF(H83>0,E83*H83,E83*K83),2)) | O83: =IF(E83="","",ROUND(O82+IF(I83>0,E83*I83,E83*L83),2)) | P83: =IF(E83="","",ROUND(P82+IF(J83>0,E83*J83,E83*M83),2)) | Q83: =IF(N83="","",IF(ROUNDUP(N83/50,0)>ROUNDUP(N82/50,0),"Lần " & ROUNDUP(N83/50,0),"")) | R83: =IF(O83="","",IF(ROUNDUP(O83/200,0)>ROUNDUP(O82/200,0),"Lần " & ROUNDUP(O83/200,0),"")) | S83: =IF(P83="","",IF(ROUNDUP(P83/350,0)>ROUNDUP(P82/350,0),"Lần " & ROUNDUP(P83/350,0),"")) | AK83: Bản vẽ: 16,00 → 38,28 m³ (tr.128 bản quá độ A2). File cũ 16 m³ ghi C30; bản vẽ 38,28 m³ C25. | Mác C25 chưa có cấp phối riêng — đang dùng cấp phối C30 (0,425 t XM; 0,555 m³ cát; 0,700 m³ đá / m³). Nhập cấp phối được duyệt.
A84: 77 | B84: Bê tông gờ lan can mố M1 & Nhịp 1 (C25 đá 1x2) | E84: 52.14 | F84: =IF(C84="","",C84+7) | G84: =IF(C84="","",C84+28) | K84: 0.425 | L84: 0.555 | M84: 0.7 | N84: =IF(E84="","",ROUND(N83+IF(H84>0,E84*H84,E84*K84),2)) | O84: =IF(E84="","",ROUND(O83+IF(I84>0,E84*I84,E84*L84),2)) | P84: =IF(E84="","",ROUND(P83+IF(J84>0,E84*J84,E84*M84),2)) | Q84: =IF(N84="","",IF(ROUNDUP(N84/50,0)>ROUNDUP(N83/50,0),"Lần " & ROUNDUP(N84/50,0),"")) | R84: =IF(O84="","",IF(ROUNDUP(O84/200,0)>ROUNDUP(O83/200,0),"Lần " & ROUNDUP(O84/200,0),"")) | S84: =IF(P84="","",IF(ROUNDUP(P84/350,0)>ROUNDUP(P83/350,0),"Lần " & ROUNDUP(P84/350,0),"")) | AK84: Bản vẽ: 9,50 → 52,14 m³ (tr.175/tr.119 gờ lan can C25, chia theo tỷ lệ 2 đợt cũ). File cũ 2 × 9,5 m³ C30; bản vẽ 104,28 m³ C25 (19 đốt) — nên tách theo đợt đổ thực tế. | Mác C25 chưa có cấp phối riêng — đang dùng cấp phối C30 (0,425 t XM; 0,555 m³ cát; 0,700 m³ đá / m³). Nhập cấp phối được duyệt.
A85: 78 | B85: Bê tông gờ lan can Nhịp 2, Nhịp 3 & mố M2 (C25) | E85: 52.14 | F85: =IF(C85="","",C85+7) | G85: =IF(C85="","",C85+28) | K85: 0.425 | L85: 0.555 | M85: 0.7 | N85: =IF(E85="","",ROUND(N84+IF(H85>0,E85*H85,E85*K85),2)) | O85: =IF(E85="","",ROUND(O84+IF(I85>0,E85*I85,E85*L85),2)) | P85: =IF(E85="","",ROUND(P84+IF(J85>0,E85*J85,E85*M85),2)) | Q85: =IF(N85="","",IF(ROUNDUP(N85/50,0)>ROUNDUP(N84/50,0),"Lần " & ROUNDUP(N85/50,0),"")) | R85: =IF(O85="","",IF(ROUNDUP(O85/200,0)>ROUNDUP(O84/200,0),"Lần " & ROUNDUP(O85/200,0),"")) | S85: =IF(P85="","",IF(ROUNDUP(P85/350,0)>ROUNDUP(P84/350,0),"Lần " & ROUNDUP(P85/350,0),"")) | AK85: Bản vẽ: 9,50 → 52,14 m³ (tr.175/tr.119 gờ lan can C25, chia theo tỷ lệ 2 đợt cũ). File cũ 2 × 9,5 m³ C30; bản vẽ 104,28 m³ C25 (19 đốt) — nên tách theo đợt đổ thực tế. | Mác C25 chưa có cấp phối riêng — đang dùng cấp phối C30 (0,425 t XM; 0,555 m³ cát; 0,700 m³ đá / m³). Nhập cấp phối được duyệt.
A86: 79 | B86: Bê tông khe co giãn răng lược D=100mm mố M1 & M2 (C40) | E86: 4.67 | F86: =IF(C86="","",C86+7) | G86: =IF(C86="","",C86+28) | K86: 0.425 | L86: 0.555 | M86: 0.7 | N86: =IF(E86="","",ROUND(N85+IF(H86>0,E86*H86,E86*K86),2)) | O86: =IF(E86="","",ROUND(O85+IF(I86>0,E86*I86,E86*L86),2)) | P86: =IF(E86="","",ROUND(P85+IF(J86>0,E86*J86,E86*M86),2)) | Q86: =IF(N86="","",IF(ROUNDUP(N86/50,0)>ROUNDUP(N85/50,0),"Lần " & ROUNDUP(N86/50,0),"")) | R86: =IF(O86="","",IF(ROUNDUP(O86/200,0)>ROUNDUP(O85/200,0),"Lần " & ROUNDUP(O86/200,0),"")) | S86: =IF(P86="","",IF(ROUNDUP(P86/350,0)>ROUNDUP(P85/350,0),"Lần " & ROUNDUP(P86/350,0),"")) | AK86: Khớp bản vẽ (tr.175 khe co giãn) | Mác C40 chưa có cấp phối riêng — đang dùng cấp phối C30 (0,425 t XM; 0,555 m³ cát; 0,700 m³ đá / m³). Nhập cấp phối được duyệt.
A87: TỔNG CỘNG TOÀN CẦU | E87: =SUM(E4:E86) | N87: =N86 | O87: =O86 | P87: =P86

Sheet Theo_Doi_Tan_Suat_Cot_Thep
A1: STT | B1: HẠNG MỤC CẤU KIỆN | C1: BỘ PHẬN / VỊ TRÍ CHI TIẾT | D1: KÝ HIỆU THANH | E1: ĐƯỜNG KÍNH Ø (mm) | F1: MÁC THÉP / TIÊU CHUẨN | G1: HÌNH DẠNG / QUY CÁCH | H1: CHIỀU DÀI 1 THANH (m) | I1: SỐ LƯỢNG (Thanh) | J1: TRỌNG LƯỢNG 1M (kg/m) | K1: TỔNG KL (kg) | L1: KHỐI LƯỢNG (Tấn) | M1: N/T/N LẮP DỰNG | N1: SỐ LÔ / HEAT NO CO-CQ RIÊNG TỪNG Ø | O1: CẢNH BÁO LẤY MẪU TN KÉO/UỐN (50T/LẦN) | P1: KHỐI LƯỢNG LŨY KẾ THEO TỪNG LOẠI ĐƯỜNG KÍNH Ø (TẤN) | AA1: TẦN SUẤT THÍ NGHIỆM CƠ LÝ KÉO / UỐN RIÊNG TỪNG Ø (50 TẤN / LẦN - TCVN 1651:2018) | AL1: ĐÁNH GIÁ & KẾT LUẬN | AN1: LOẠI HẠNG MỤC (OFFSET) | AO1: DÒNG BÊ TÔNG ĐỐI CHIẾU | AQ1: LOẠI HẠNG MỤC | AR1: SỐ NGÀY LẮP DỰNG TRƯỚC ĐỔ BT
P2: Ø10 (kèm Ø6, Ø8) (CB240-T) | Q2: Ø12 (CB400-V) | R2: Ø14 (CB400-V) | S2: Ø16 (CB400-V) | T2: Ø18 (CB400-V) | U2: Ø20 (CB400-V) | V2: Ø22 (CB400-V) | W2: Ø25 (CB400-V) | X2: Ø28 (CB400-V) | Y2: Ø32 (CB400-V) | Z2: Cáp DƯL 15.2 (ASTM A416) | AA2: TN Ø10 50T / Lần | AB2: TN Ø12 50T / Lần | AC2: TN Ø14 50T / Lần | AD2: TN Ø16 50T / Lần | AE2: TN Ø18 50T / Lần | AF2: TN Ø20 50T / Lần | AG2: TN Ø22 50T / Lần | AH2: TN Ø25 50T / Lần | AI2: TN Ø28 50T / Lần | AJ2: TN Ø32 50T / Lần | AK2: TN Cáp 15.2 50T / Lần | AQ2: Coc | AR2: 1
A3: --- CỌC KHOAN NHỒI C5 TRỤ T1 (D1.2M, L=40.0M) --- | AQ3: Be | AR3: 3
A4: 1 | B4: Cọc khoan nhồi C5 Trụ T1 (D1.2m, L=40.0m) | C4: Cọc trụ T1 L=40m (tr.68) | D4: P1 | E4: 10 | F4: CB240-T | H4: 96.604 | I4: 1 | J4: 0.617 | K4: =ROUND(H4*I4*J4, 2) | L4: =ROUND(K4/1000, 3) | M4: =IF(AO4="","",IF(N(INDEX(Theo_Doi_Tan_Suat_Be_Tong!$C:$C,AO4))<=0,"",INDEX(Theo_Doi_Tan_Suat_Be_Tong!$C:$C,AO4)-VLOOKUP(AN4,$AQ$2:$AR$7,2,FALSE))) | O4: =IF(ROUNDUP(P4/20,0)>0,"TN Ø10 (Lần " & ROUNDUP(P4/20,0) & ")","") | P4: =ROUND(IF(AND(E4<=10,F4<>"ASTM A416"),L4,0),3) | Q4: =ROUND(IF(AND(E4=12,F4<>"ASTM A416"),L4,0),3) | R4: =ROUND(IF(AND(E4=14,F4<>"ASTM A416"),L4,0),3) | S4: =ROUND(IF(AND(E4=16,F4<>"ASTM A416"),L4,0),3) | T4: =ROUND(IF(AND(E4=18,F4<>"ASTM A416"),L4,0),3) | U4: =ROUND(IF(AND(E4=20,F4<>"ASTM A416"),L4,0),3) | V4: =ROUND(IF(AND(E4=22,F4<>"ASTM A416"),L4,0),3) | W4: =ROUND(IF(AND(E4=25,F4<>"ASTM A416"),L4,0),3) | X4: =ROUND(IF(AND(E4=28,F4<>"ASTM A416"),L4,0),3) | Y4: =ROUND(IF(AND(E4=32,F4<>"ASTM A416"),L4,0),3) | Z4: =ROUND(IF(F4="ASTM A416",L4,0),3) | AA4: =IF(ROUNDUP(P4/20,0)>0,"Lần " & ROUNDUP(P4/20,0),"") | AB4: =IF(ROUNDUP(Q4/20,0)>0,"Lần " & ROUNDUP(Q4/20,0),"") | AC4: =IF(ROUNDUP(R4/20,0)>0,"Lần " & ROUNDUP(R4/20,0),"") | AD4: =IF(ROUNDUP(S4/20,0)>0,"Lần " & ROUNDUP(S4/20,0),"") | AE4: =IF(ROUNDUP(T4/20,0)>0,"Lần " & ROUNDUP(T4/20,0),"") | AF4: =IF(ROUNDUP(U4/20,0)>0,"Lần " & ROUNDUP(U4/20,0),"") | AG4: =IF(ROUNDUP(V4/20,0)>0,"Lần " & ROUNDUP(V4/20,0),"") | AH4: =IF(ROUNDUP(W4/20,0)>0,"Lần " & ROUNDUP(W4/20,0),"") | ... AK4: =IF(ROUNDUP(Z4/20,0)>0,"Lần " & ROUNDUP(Z4/20,0),"") | AN4: Coc | AO4: 4 | AQ4: Than | AR4: 2
A5: 2 | B5: Cọc khoan nhồi C5 Trụ T1 (D1.2m, L=40.0m) | C5: Cọc trụ T1 L=40m (tr.68) | D5: P1A | E5: 10 | F5: CB240-T | H5: 389.636 | I5: 1 | J5: 0.617 | K5: =ROUND(H5*I5*J5, 2) | L5: =ROUND(K5/1000, 3) | M5: =IF(AO5="","",IF(N(INDEX(Theo_Doi_Tan_Suat_Be_Tong!$C:$C,AO5))<=0,"",INDEX(Theo_Doi_Tan_Suat_Be_Tong!$C:$C,AO5)-VLOOKUP(AN5,$AQ$2:$AR$7,2,FALSE))) | O5: =IF(ROUNDUP(P5/20,0)>ROUNDUP(P4/20,0),"TN Ø10 (Lần " & ROUNDUP(P5/20,0) & ")","") | P5: =ROUND(P4+IF(AND(E5<=10,F5<>"ASTM A416"),L5,0),3) | Q5: =ROUND(Q4+IF(AND(E5=12,F5<>"ASTM A416"),L5,0),3) | R5: =ROUND(R4+IF(AND(E5=14,F5<>"ASTM A416"),L5,0),3) | S5: =ROUND(S4+IF(AND(E5=16,F5<>"ASTM A416"),L5,0),3) | T5: =ROUND(T4+IF(AND(E5=18,F5<>"ASTM A416"),L5,0),3) | U5: =ROUND(U4+IF(AND(E5=20,F5<>"ASTM A416"),L5,0),3) | V5: =ROUND(V4+IF(AND(E5=22,F5<>"ASTM A416"),L5,0),3) | W5: =ROUND(W4+IF(AND(E5=25,F5<>"ASTM A416"),L5,0),3) | X5: =ROUND(X4+IF(AND(E5=28,F5<>"ASTM A416"),L5,0),3) | Y5: =ROUND(Y4+IF(AND(E5=32,F5<>"ASTM A416"),L5,0),3) | Z5: =ROUND(Z4+IF(F5="ASTM A416",L5,0),3) | AA5: =IF(ROUNDUP(P5/20,0)>ROUNDUP(P4/20,0),"Lần " & ROUNDUP(P5/20,0),"") | AB5: =IF(ROUNDUP(Q5/20,0)>ROUNDUP(Q4/20,0),"Lần " & ROUNDUP(Q5/20,0),"") | AC5: =IF(ROUNDUP(R5/20,0)>ROUNDUP(R4/20,0),"Lần " & ROUNDUP(R5/20,0),"") | AD5: =IF(ROUNDUP(S5/20,0)>ROUNDUP(S4/20,0),"Lần " & ROUNDUP(S5/20,0),"") | AE5: =IF(ROUNDUP(T5/20,0)>ROUNDUP(T4/20,0),"Lần " & ROUNDUP(T5/20,0),"") | AF5: =IF(ROUNDUP(U5/20,0)>ROUNDUP(U4/20,0),"Lần " & ROUNDUP(U5/20,0),"") | AG5: =IF(ROUNDUP(V5/20,0)>ROUNDUP(V4/20,0),"Lần " & ROUNDUP(V5/20,0),"") | AH5: =IF(ROUNDUP(W5/20,0)>ROUNDUP(W4/20,0),"Lần " & ROUNDUP(W5/20,0),"") | ... AK5: =IF(ROUNDUP(Z5/20,0)>ROUNDUP(Z4/20,0),"Lần " & ROUNDUP(Z5/20,0),"") | AN5: Coc | AO5: 4 | AQ5: Dam | AR5: 4
A6: 3 | B6: Cọc khoan nhồi C5 Trụ T1 (D1.2m, L=40.0m) | C6: Cọc trụ T1 L=40m (tr.68) | D6: P1B | E6: 10 | F6: CB240-T | H6: 206.981 | I6: 1 | J6: 0.617 | K6: =ROUND(H6*I6*J6, 2) | L6: =ROUND(K6/1000, 3) | M6: =IF(AO6="","",IF(N(INDEX(Theo_Doi_Tan_Suat_Be_Tong!$C:$C,AO6))<=0,"",INDEX(Theo_Doi_Tan_Suat_Be_Tong!$C:$C,AO6)-VLOOKUP(AN6,$AQ$2:$AR$7,2,FALSE))) | O6: =IF(ROUNDUP(P6/20,0)>ROUNDUP(P5/20,0),"TN Ø10 (Lần " & ROUNDUP(P6/20,0) & ")","") | P6: =ROUND(P5+IF(AND(E6<=10,F6<>"ASTM A416"),L6,0),3) | Q6: =ROUND(Q5+IF(AND(E6=12,F6<>"ASTM A416"),L6,0),3) | R6: =ROUND(R5+IF(AND(E6=14,F6<>"ASTM A416"),L6,0),3) | S6: =ROUND(S5+IF(AND(E6=16,F6<>"ASTM A416"),L6,0),3) | T6: =ROUND(T5+IF(AND(E6=18,F6<>"ASTM A416"),L6,0),3) | U6: =ROUND(U5+IF(AND(E6=20,F6<>"ASTM A416"),L6,0),3) | V6: =ROUND(V5+IF(AND(E6=22,F6<>"ASTM A416"),L6,0),3) | W6: =ROUND(W5+IF(AND(E6=25,F6<>"ASTM A416"),L6,0),3) | X6: =ROUND(X5+IF(AND(E6=28,F6<>"ASTM A416"),L6,0),3) | Y6: =ROUND(Y5+IF(AND(E6=32,F6<>"ASTM A416"),L6,0),3) | Z6: =ROUND(Z5+IF(F6="ASTM A416",L6,0),3) | AA6: =IF(ROUNDUP(P6/20,0)>ROUNDUP(P5/20,0),"Lần " & ROUNDUP(P6/20,0),"") | AB6: =IF(ROUNDUP(Q6/20,0)>ROUNDUP(Q5/20,0),"Lần " & ROUNDUP(Q6/20,0),"") | AC6: =IF(ROUNDUP(R6/20,0)>ROUNDUP(R5/20,0),"Lần " & ROUNDUP(R6/20,0),"") | AD6: =IF(ROUNDUP(S6/20,0)>ROUNDUP(S5/20,0),"Lần " & ROUNDUP(S6/20,0),"") | AE6: =IF(ROUNDUP(T6/20,0)>ROUNDUP(T5/20,0),"Lần " & ROUNDUP(T6/20,0),"") | AF6: =IF(ROUNDUP(U6/20,0)>ROUNDUP(U5/20,0),"Lần " & ROUNDUP(U6/20,0),"") | AG6: =IF(ROUNDUP(V6/20,0)>ROUNDUP(V5/20,0),"Lần " & ROUNDUP(V6/20,0),"") | AH6: =IF(ROUNDUP(W6/20,0)>ROUNDUP(W5/20,0),"Lần " & ROUNDUP(W6/20,0),"") | ... AK6: =IF(ROUNDUP(Z6/20,0)>ROUNDUP(Z5/20,0),"Lần " & ROUNDUP(Z6/20,0),"") | AN6: Coc | AO6: 4 | AQ6: HoanThien | AR6: 2
A7: 4 | B7: Cọc khoan nhồi C5 Trụ T1 (D1.2m, L=40.0m) | C7: Cọc trụ T1 L=40m (tr.68) | D7: P1C | E7: 10 | F7: CB240-T | H7: 3.592 | I7: 2 | J7: 0.617 | K7: =ROUND(H7*I7*J7, 2) | L7: =ROUND(K7/1000, 3) | M7: =IF(AO7="","",IF(N(INDEX(Theo_Doi_Tan_Suat_Be_Tong!$C:$C,AO7))<=0,"",INDEX(Theo_Doi_Tan_Suat_Be_Tong!$C:$C,AO7)-VLOOKUP(AN7,$AQ$2:$AR$7,2,FALSE))) | O7: =IF(ROUNDUP(P7/20,0)>ROUNDUP(P6/20,0),"TN Ø10 (Lần " & ROUNDUP(P7/20,0) & ")","") | P7: =ROUND(P6+IF(AND(E7<=10,F7<>"ASTM A416"),L7,0),3) | Q7: =ROUND(Q6+IF(AND(E7=12,F7<>"ASTM A416"),L7,0),3) | R7: =ROUND(R6+IF(AND(E7=14,F7<>"ASTM A416"),L7,0),3) | S7: =ROUND(S6+IF(AND(E7=16,F7<>"ASTM A416"),L7,0),3) | T7: =ROUND(T6+IF(AND(E7=18,F7<>"ASTM A416"),L7,0),3) | U7: =ROUND(U6+IF(AND(E7=20,F7<>"ASTM A416"),L7,0),3) | V7: =ROUND(V6+IF(AND(E7=22,F7<>"ASTM A416"),L7,0),3) | W7: =ROUND(W6+IF(AND(E7=25,F7<>"ASTM A416"),L7,0),3) | X7: =ROUND(X6+IF(AND(E7=28,F7<>"ASTM A416"),L7,0),3) | Y7: =ROUND(Y6+IF(AND(E7=32,F7<>"ASTM A416"),L7,0),3) | Z7: =ROUND(Z6+IF(F7="ASTM A416",L7,0),3) | AA7: =IF(ROUNDUP(P7/20,0)>ROUNDUP(P6/20,0),"Lần " & ROUNDUP(P7/20,0),"") | AB7: =IF(ROUNDUP(Q7/20,0)>ROUNDUP(Q6/20,0),"Lần " & ROUNDUP(Q7/20,0),"") | AC7: =IF(ROUNDUP(R7/20,0)>ROUNDUP(R6/20,0),"Lần " & ROUNDUP(R7/20,0),"") | AD7: =IF(ROUNDUP(S7/20,0)>ROUNDUP(S6/20,0),"Lần " & ROUNDUP(S7/20,0),"") | AE7: =IF(ROUNDUP(T7/20,0)>ROUNDUP(T6/20,0),"Lần " & ROUNDUP(T7/20,0),"") | AF7: =IF(ROUNDUP(U7/20,0)>ROUNDUP(U6/20,0),"Lần " & ROUNDUP(U7/20,0),"") | AG7: =IF(ROUNDUP(V7/20,0)>ROUNDUP(V6/20,0),"Lần " & ROUNDUP(V7/20,0),"") | AH7: =IF(ROUNDUP(W7/20,0)>ROUNDUP(W6/20,0),"Lần " & ROUNDUP(W7/20,0),"") | ... AK7: =IF(ROUNDUP(Z7/20,0)>ROUNDUP(Z6/20,0),"Lần " & ROUNDUP(Z7/20,0),"") | AN7: Coc | AO7: 4
A8: 5 | B8: Cọc khoan nhồi C5 Trụ T1 (D1.2m, L=40.0m) | C8: Cọc trụ T1 L=40m (tr.68) | D8: P1D | E8: 10 | F8: CB240-T | H8: 19.721 | I8: 1 | J8: 0.617 | K8: =ROUND(H8*I8*J8, 2) | L8: =ROUND(K8/1000, 3) | M8: =IF(AO8="","",IF(N(INDEX(Theo_Doi_Tan_Suat_Be_Tong!$C:$C,AO8))<=0,"",INDEX(Theo_Doi_Tan_Suat_Be_Tong!$C:$C,AO8)-VLOOKUP(AN8,$AQ$2:$AR$7,2,FALSE))) | O8: =IF(ROUNDUP(P8/20,0)>ROUNDUP(P7/20,0),"TN Ø10 (Lần " & ROUNDUP(P8/20,0) & ")","") | P8: =ROUND(P7+IF(AND(E8<=10,F8<>"ASTM A416"),L8,0),3) | Q8: =ROUND(Q7+IF(AND(E8=12,F8<>"ASTM A416"),L8,0),3) | R8: =ROUND(R7+IF(AND(E8=14,F8<>"ASTM A416"),L8,0),3) | S8: =ROUND(S7+IF(AND(E8=16,F8<>"ASTM A416"),L8,0),3) | T8: =ROUND(T7+IF(AND(E8=18,F8<>"ASTM A416"),L8,0),3) | U8: =ROUND(U7+IF(AND(E8=20,F8<>"ASTM A416"),L8,0),3) | V8: =ROUND(V7+IF(AND(E8=22,F8<>"ASTM A416"),L8,0),3) | W8: =ROUND(W7+IF(AND(E8=25,F8<>"ASTM A416"),L8,0),3) | X8: =ROUND(X7+IF(AND(E8=28,F8<>"ASTM A416"),L8,0),3) | Y8: =ROUND(Y7+IF(AND(E8=32,F8<>"ASTM A416"),L8,0),3) | Z8: =ROUND(Z7+IF(F8="ASTM A416",L8,0),3) | AA8: =IF(ROUNDUP(P8/20,0)>ROUNDUP(P7/20,0),"Lần " & ROUNDUP(P8/20,0),"") | AB8: =IF(ROUNDUP(Q8/20,0)>ROUNDUP(Q7/20,0),"Lần " & ROUNDUP(Q8/20,0),"") | AC8: =IF(ROUNDUP(R8/20,0)>ROUNDUP(R7/20,0),"Lần " & ROUNDUP(R8/20,0),"") | AD8: =IF(ROUNDUP(S8/20,0)>ROUNDUP(S7/20,0),"Lần " & ROUNDUP(S8/20,0),"") | AE8: =IF(ROUNDUP(T8/20,0)>ROUNDUP(T7/20,0),"Lần " & ROUNDUP(T8/20,0),"") | AF8: =IF(ROUNDUP(U8/20,0)>ROUNDUP(U7/20,0),"Lần " & ROUNDUP(U8/20,0),"") | AG8: =IF(ROUNDUP(V8/20,0)>ROUNDUP(V7/20,0),"Lần " & ROUNDUP(V8/20,0),"") | AH8: =IF(ROUNDUP(W8/20,0)>ROUNDUP(W7/20,0),"Lần " & ROUNDUP(W8/20,0),"") | ... AK8: =IF(ROUNDUP(Z8/20,0)>ROUNDUP(Z7/20,0),"Lần " & ROUNDUP(Z8/20,0),"") | AN8: Coc | AO8: 4
A9: 6 | B9: Cọc khoan nhồi C5 Trụ T1 (D1.2m, L=40.0m) | C9: Cọc trụ T1 L=40m (tr.68) | D9: P2B | E9: 25 | F9: CB400-V | H9: 2.985 | I9: 16 | J9: 3.853 | K9: =ROUND(H9*I9*J9, 2) | L9: =ROUND(K9/1000, 3) | M9: =IF(AO9="","",IF(N(INDEX(Theo_Doi_Tan_Suat_Be_Tong!$C:$C,AO9))<=0,"",INDEX(Theo_Doi_Tan_Suat_Be_Tong!$C:$C,AO9)-VLOOKUP(AN9,$AQ$2:$AR$7,2,FALSE))) | O9: =IF(ROUNDUP(W9/20,0)>ROUNDUP(W8/20,0),"TN Ø25 (Lần " & ROUNDUP(W9/20,0) & ")","") | P9: =ROUND(P8+IF(AND(E9<=10,F9<>"ASTM A416"),L9,0),3) | Q9: =ROUND(Q8+IF(AND(E9=12,F9<>"ASTM A416"),L9,0),3) | R9: =ROUND(R8+IF(AND(E9=14,F9<>"ASTM A416"),L9,0),3) | S9: =ROUND(S8+IF(AND(E9=16,F9<>"ASTM A416"),L9,0),3) | T9: =ROUND(T8+IF(AND(E9=18,F9<>"ASTM A416"),L9,0),3) | U9: =ROUND(U8+IF(AND(E9=20,F9<>"ASTM A416"),L9,0),3) | V9: =ROUND(V8+IF(AND(E9=22,F9<>"ASTM A416"),L9,0),3) | W9: =ROUND(W8+IF(AND(E9=25,F9<>"ASTM A416"),L9,0),3) | X9: =ROUND(X8+IF(AND(E9=28,F9<>"ASTM A416"),L9,0),3) | Y9: =ROUND(Y8+IF(AND(E9=32,F9<>"ASTM A416"),L9,0),3) | Z9: =ROUND(Z8+IF(F9="ASTM A416",L9,0),3) | AA9: =IF(ROUNDUP(P9/20,0)>ROUNDUP(P8/20,0),"Lần " & ROUNDUP(P9/20,0),"") | AB9: =IF(ROUNDUP(Q9/20,0)>ROUNDUP(Q8/20,0),"Lần " & ROUNDUP(Q9/20,0),"") | AC9: =IF(ROUNDUP(R9/20,0)>ROUNDUP(R8/20,0),"Lần " & ROUNDUP(R9/20,0),"") | AD9: =IF(ROUNDUP(S9/20,0)>ROUNDUP(S8/20,0),"Lần " & ROUNDUP(S9/20,0),"") | AE9: =IF(ROUNDUP(T9/20,0)>ROUNDUP(T8/20,0),"Lần " & ROUNDUP(T9/20,0),"") | AF9: =IF(ROUNDUP(U9/20,0)>ROUNDUP(U8/20,0),"Lần " & ROUNDUP(U9/20,0),"") | AG9: =IF(ROUNDUP(V9/20,0)>ROUNDUP(V8/20,0),"Lần " & ROUNDUP(V9/20,0),"") | AH9: =IF(ROUNDUP(W9/20,0)>ROUNDUP(W8/20,0),"Lần " & ROUNDUP(W9/20,0),"") | ... AK9: =IF(ROUNDUP(Z9/20,0)>ROUNDUP(Z8/20,0),"Lần " & ROUNDUP(Z9/20,0),"") | AN9: Coc | AO9: 4
A10: 7 | B10: Cọc khoan nhồi C5 Trụ T1 (D1.2m, L=40.0m) | C10: Cọc trụ T1 L=40m (tr.68) | D10: P3 | E10: 25 | F10: CB400-V | H10: 10.7 | I10: 12 | J10: 3.853 | K10: =ROUND(H10*I10*J10, 2) | L10: =ROUND(K10/1000, 3) | M10: =IF(AO10="","",IF(N(INDEX(Theo_Doi_Tan_Suat_Be_Tong!$C:$C,AO10))<=0,"",INDEX(Theo_Doi_Tan_Suat_Be_Tong!$C:$C,AO10)-VLOOKUP(AN10,$AQ$2:$AR$7,2,FALSE))) | O10: =IF(ROUNDUP(W10/20,0)>ROUNDUP(W9/20,0),"TN Ø25 (Lần " & ROUNDUP(W10/20,0) & ")","") | P10: =ROUND(P9+IF(AND(E10<=10,F10<>"ASTM A416"),L10,0),3) | Q10: =ROUND(Q9+IF(AND(E10=12,F10<>"ASTM A416"),L10,0),3) | R10: =ROUND(R9+IF(AND(E10=14,F10<>"ASTM A416"),L10,0),3) | S10: =ROUND(S9+IF(AND(E10=16,F10<>"ASTM A416"),L10,0),3) | T10: =ROUND(T9+IF(AND(E10=18,F10<>"ASTM A416"),L10,0),3) | U10: =ROUND(U9+IF(AND(E10=20,F10<>"ASTM A416"),L10,0),3) | V10: =ROUND(V9+IF(AND(E10=22,F10<>"ASTM A416"),L10,0),3) | W10: =ROUND(W9+IF(AND(E10=25,F10<>"ASTM A416"),L10,0),3) | X10: =ROUND(X9+IF(AND(E10=28,F10<>"ASTM A416"),L10,0),3) | Y10: =ROUND(Y9+IF(AND(E10=32,F10<>"ASTM A416"),L10,0),3) | Z10: =ROUND(Z9+IF(F10="ASTM A416",L10,0),3) | AA10: =IF(ROUNDUP(P10/20,0)>ROUNDUP(P9/20,0),"Lần " & ROUNDUP(P10/20,0),"") | AB10: =IF(ROUNDUP(Q10/20,0)>ROUNDUP(Q9/20,0),"Lần " & ROUNDUP(Q10/20,0),"") | AC10: =IF(ROUNDUP(R10/20,0)>ROUNDUP(R9/20,0),"Lần " & ROUNDUP(R10/20,0),"") | AD10: =IF(ROUNDUP(S10/20,0)>ROUNDUP(S9/20,0),"Lần " & ROUNDUP(S10/20,0),"") | AE10: =IF(ROUNDUP(T10/20,0)>ROUNDUP(T9/20,0),"Lần " & ROUNDUP(T10/20,0),"") | AF10: =IF(ROUNDUP(U10/20,0)>ROUNDUP(U9/20,0),"Lần " & ROUNDUP(U10/20,0),"") | AG10: =IF(ROUNDUP(V10/20,0)>ROUNDUP(V9/20,0),"Lần " & ROUNDUP(V10/20,0),"") | AH10: =IF(ROUNDUP(W10/20,0)>ROUNDUP(W9/20,0),"Lần " & ROUNDUP(W10/20,0),"") | ... AK10: =IF(ROUNDUP(Z10/20,0)>ROUNDUP(Z9/20,0),"Lần " & ROUNDUP(Z10/20,0),"") | AN10: Coc | AO10: 4
A11: 8 | B11: Cọc khoan nhồi C5 Trụ T1 (D1.2m, L=40.0m) | C11: Cọc trụ T1 L=40m (tr.68) | D11: P4 | E11: 25 | F11: CB400-V | H11: 11.7 | I11: 60 | J11: 3.853 | K11: =ROUND(H11*I11*J11, 2) | L11: =ROUND(K11/1000, 3) | M11: =IF(AO11="","",IF(N(INDEX(Theo_Doi_Tan_Suat_Be_Tong!$C:$C,AO11))<=0,"",INDEX(Theo_Doi_Tan_Suat_Be_Tong!$C:$C,AO11)-VLOOKUP(AN11,$AQ$2:$AR$7,2,FALSE))) | O11: =IF(ROUNDUP(W11/20,0)>ROUNDUP(W10/20,0),"TN Ø25 (Lần " & ROUNDUP(W11/20,0) & ")","") | P11: =ROUND(P10+IF(AND(E11<=10,F11<>"ASTM A416"),L11,0),3) | Q11: =ROUND(Q10+IF(AND(E11=12,F11<>"ASTM A416"),L11,0),3) | R11: =ROUND(R10+IF(AND(E11=14,F11<>"ASTM A416"),L11,0),3) | S11: =ROUND(S10+IF(AND(E11=16,F11<>"ASTM A416"),L11,0),3) | T11: =ROUND(T10+IF(AND(E11=18,F11<>"ASTM A416"),L11,0),3) | U11: =ROUND(U10+IF(AND(E11=20,F11<>"ASTM A416"),L11,0),3) | V11: =ROUND(V10+IF(AND(E11=22,F11<>"ASTM A416"),L11,0),3) | W11: =ROUND(W10+IF(AND(E11=25,F11<>"ASTM A416"),L11,0),3) | X11: =ROUND(X10+IF(AND(E11=28,F11<>"ASTM A416"),L11,0),3) | Y11: =ROUND(Y10+IF(AND(E11=32,F11<>"ASTM A416"),L11,0),3) | Z11: =ROUND(Z10+IF(F11="ASTM A416",L11,0),3) | AA11: =IF(ROUNDUP(P11/20,0)>ROUNDUP(P10/20,0),"Lần " & ROUNDUP(P11/20,0),"") | AB11: =IF(ROUNDUP(Q11/20,0)>ROUNDUP(Q10/20,0),"Lần " & ROUNDUP(Q11/20,0),"") | AC11: =IF(ROUNDUP(R11/20,0)>ROUNDUP(R10/20,0),"Lần " & ROUNDUP(R11/20,0),"") | AD11: =IF(ROUNDUP(S11/20,0)>ROUNDUP(S10/20,0),"Lần " & ROUNDUP(S11/20,0),"") | AE11: =IF(ROUNDUP(T11/20,0)>ROUNDUP(T10/20,0),"Lần " & ROUNDUP(T11/20,0),"") | AF11: =IF(ROUNDUP(U11/20,0)>ROUNDUP(U10/20,0),"Lần " & ROUNDUP(U11/20,0),"") | AG11: =IF(ROUNDUP(V11/20,0)>ROUNDUP(V10/20,0),"Lần " & ROUNDUP(V11/20,0),"") | AH11: =IF(ROUNDUP(W11/20,0)>ROUNDUP(W10/20,0),"Lần " & ROUNDUP(W11/20,0),"") | ... AK11: =IF(ROUNDUP(Z11/20,0)>ROUNDUP(Z10/20,0),"Lần " & ROUNDUP(Z11/20,0),"") | AN11: Coc | AO11: 4
A12: 9 | B12: Cọc khoan nhồi C5 Trụ T1 (D1.2m, L=40.0m) | C12: Cọc trụ T1 L=40m (tr.68) | D12: P6 | E12: 25 | F12: CB400-V | H12: 9.033 | I12: 12 | J12: 3.853 | K12: =ROUND(H12*I12*J12, 2) | L12: =ROUND(K12/1000, 3) | M12: =IF(AO12="","",IF(N(INDEX(Theo_Doi_Tan_Suat_Be_Tong!$C:$C,AO12))<=0,"",INDEX(Theo_Doi_Tan_Suat_Be_Tong!$C:$C,AO12)-VLOOKUP(AN12,$AQ$2:$AR$7,2,FALSE))) | O12: =IF(ROUNDUP(W12/20,0)>ROUNDUP(W11/20,0),"TN Ø25 (Lần " & ROUNDUP(W12/20,0) & ")","") | P12: =ROUND(P11+IF(AND(E12<=10,F12<>"ASTM A416"),L12,0),3) | Q12: =ROUND(Q11+IF(AND(E12=12,F12<>"ASTM A416"),L12,0),3) | R12: =ROUND(R11+IF(AND(E12=14,F12<>"ASTM A416"),L12,0),3) | S12: =ROUND(S11+IF(AND(E12=16,F12<>"ASTM A416"),L12,0),3) | T12: =ROUND(T11+IF(AND(E12=18,F12<>"ASTM A416"),L12,0),3) | U12: =ROUND(U11+IF(AND(E12=20,F12<>"ASTM A416"),L12,0),3) | V12: =ROUND(V11+IF(AND(E12=22,F12<>"ASTM A416"),L12,0),3) | W12: =ROUND(W11+IF(AND(E12=25,F12<>"ASTM A416"),L12,0),3) | X12: =ROUND(X11+IF(AND(E12=28,F12<>"ASTM A416"),L12,0),3) | Y12: =ROUND(Y11+IF(AND(E12=32,F12<>"ASTM A416"),L12,0),3) | Z12: =ROUND(Z11+IF(F12="ASTM A416",L12,0),3) | AA12: =IF(ROUNDUP(P12/20,0)>ROUNDUP(P11/20,0),"Lần " & ROUNDUP(P12/20,0),"") | AB12: =IF(ROUNDUP(Q12/20,0)>ROUNDUP(Q11/20,0),"Lần " & ROUNDUP(Q12/20,0),"") | AC12: =IF(ROUNDUP(R12/20,0)>ROUNDUP(R11/20,0),"Lần " & ROUNDUP(R12/20,0),"") | AD12: =IF(ROUNDUP(S12/20,0)>ROUNDUP(S11/20,0),"Lần " & ROUNDUP(S12/20,0),"") | AE12: =IF(ROUNDUP(T12/20,0)>ROUNDUP(T11/20,0),"Lần " & ROUNDUP(T12/20,0),"") | AF12: =IF(ROUNDUP(U12/20,0)>ROUNDUP(U11/20,0),"Lần " & ROUNDUP(U12/20,0),"") | AG12: =IF(ROUNDUP(V12/20,0)>ROUNDUP(V11/20,0),"Lần " & ROUNDUP(V12/20,0),"") | AH12: =IF(ROUNDUP(W12/20,0)>ROUNDUP(W11/20,0),"Lần " & ROUNDUP(W12/20,0),"") | ... AK12: =IF(ROUNDUP(Z12/20,0)>ROUNDUP(Z11/20,0),"Lần " & ROUNDUP(Z12/20,0),"") | AN12: Coc | AO12: 4
A13: 10 | B13: Cọc khoan nhồi C5 Trụ T1 (D1.2m, L=40.0m) | C13: Cọc trụ T1 L=40m (tr.68) | D13: P7 | E13: 25 | F13: CB400-V | H13: 10.033 | I13: 12 | J13: 3.853 | K13: =ROUND(H13*I13*J13, 2) | L13: =ROUND(K13/1000, 3) | M13: =IF(AO13="","",IF(N(INDEX(Theo_Doi_Tan_Suat_Be_Tong!$C:$C,AO13))<=0,"",INDEX(Theo_Doi_Tan_Suat_Be_Tong!$C:$C,AO13)-VLOOKUP(AN13,$AQ$2:$AR$7,2,FALSE))) | O13: =IF(ROUNDUP(W13/20,0)>ROUNDUP(W12/20,0),"TN Ø25 (Lần " & ROUNDUP(W13/20,0) & ")","") | P13: =ROUND(P12+IF(AND(E13<=10,F13<>"ASTM A416"),L13,0),3) | Q13: =ROUND(Q12+IF(AND(E13=12,F13<>"ASTM A416"),L13,0),3) | R13: =ROUND(R12+IF(AND(E13=14,F13<>"ASTM A416"),L13,0),3) | S13: =ROUND(S12+IF(AND(E13=16,F13<>"ASTM A416"),L13,0),3) | T13: =ROUND(T12+IF(AND(E13=18,F13<>"ASTM A416"),L13,0),3) | U13: =ROUND(U12+IF(AND(E13=20,F13<>"ASTM A416"),L13,0),3) | V13: =ROUND(V12+IF(AND(E13=22,F13<>"ASTM A416"),L13,0),3) | W13: =ROUND(W12+IF(AND(E13=25,F13<>"ASTM A416"),L13,0),3) | X13: =ROUND(X12+IF(AND(E13=28,F13<>"ASTM A416"),L13,0),3) | Y13: =ROUND(Y12+IF(AND(E13=32,F13<>"ASTM A416"),L13,0),3) | Z13: =ROUND(Z12+IF(F13="ASTM A416",L13,0),3) | AA13: =IF(ROUNDUP(P13/20,0)>ROUNDUP(P12/20,0),"Lần " & ROUNDUP(P13/20,0),"") | AB13: =IF(ROUNDUP(Q13/20,0)>ROUNDUP(Q12/20,0),"Lần " & ROUNDUP(Q13/20,0),"") | AC13: =IF(ROUNDUP(R13/20,0)>ROUNDUP(R12/20,0),"Lần " & ROUNDUP(R13/20,0),"") | AD13: =IF(ROUNDUP(S13/20,0)>ROUNDUP(S12/20,0),"Lần " & ROUNDUP(S13/20,0),"") | AE13: =IF(ROUNDUP(T13/20,0)>ROUNDUP(T12/20,0),"Lần " & ROUNDUP(T13/20,0),"") | AF13: =IF(ROUNDUP(U13/20,0)>ROUNDUP(U12/20,0),"Lần " & ROUNDUP(U13/20,0),"") | AG13: =IF(ROUNDUP(V13/20,0)>ROUNDUP(V12/20,0),"Lần " & ROUNDUP(V13/20,0),"") | AH13: =IF(ROUNDUP(W13/20,0)>ROUNDUP(W12/20,0),"Lần " & ROUNDUP(W13/20,0),"") | ... AK13: =IF(ROUNDUP(Z13/20,0)>ROUNDUP(Z12/20,0),"Lần " & ROUNDUP(Z13/20,0),"") | AN13: Coc | AO13: 4
A14: 11 | B14: Cọc khoan nhồi C5 Trụ T1 (D1.2m, L=40.0m) | C14: Cọc trụ T1 L=40m (tr.68) | D14: P8 | E14: 12 | F14: CB400-V | H14: 0.647 | I14: 16 | J14: 0.888 | K14: =ROUND(H14*I14*J14, 2) | L14: =ROUND(K14/1000, 3) | M14: =IF(AO14="","",IF(N(INDEX(Theo_Doi_Tan_Suat_Be_Tong!$C:$C,AO14))<=0,"",INDEX(Theo_Doi_Tan_Suat_Be_Tong!$C:$C,AO14)-VLOOKUP(AN14,$AQ$2:$AR$7,2,FALSE))) | O14: =IF(ROUNDUP(Q14/20,0)>ROUNDUP(Q13/20,0),"TN Ø12 (Lần " & ROUNDUP(Q14/20,0) & ")","") | P14: =ROUND(P13+IF(AND(E14<=10,F14<>"ASTM A416"),L14,0),3) | Q14: =ROUND(Q13+IF(AND(E14=12,F14<>"ASTM A416"),L14,0),3) | R14: =ROUND(R13+IF(AND(E14=14,F14<>"ASTM A416"),L14,0),3) | S14: =ROUND(S13+IF(AND(E14=16,F14<>"ASTM A416"),L14,0),3) | T14: =ROUND(T13+IF(AND(E14=18,F14<>"ASTM A416"),L14,0),3) | U14: =ROUND(U13+IF(AND(E14=20,F14<>"ASTM A416"),L14,0),3) | V14: =ROUND(V13+IF(AND(E14=22,F14<>"ASTM A416"),L14,0),3) | W14: =ROUND(W13+IF(AND(E14=25,F14<>"ASTM A416"),L14,0),3) | X14: =ROUND(X13+IF(AND(E14=28,F14<>"ASTM A416"),L14,0),3) | Y14: =ROUND(Y13+IF(AND(E14=32,F14<>"ASTM A416"),L14,0),3) | Z14: =ROUND(Z13+IF(F14="ASTM A416",L14,0),3) | AA14: =IF(ROUNDUP(P14/20,0)>ROUNDUP(P13/20,0),"Lần " & ROUNDUP(P14/20,0),"") | AB14: =IF(ROUNDUP(Q14/20,0)>ROUNDUP(Q13/20,0),"Lần " & ROUNDUP(Q14/20,0),"") | AC14: =IF(ROUNDUP(R14/20,0)>ROUNDUP(R13/20,0),"Lần " & ROUNDUP(R14/20,0),"") | AD14: =IF(ROUNDUP(S14/20,0)>ROUNDUP(S13/20,0),"Lần " & ROUNDUP(S14/20,0),"") | AE14: =IF(ROUNDUP(T14/20,0)>ROUNDUP(T13/20,0),"Lần " & ROUNDUP(T14/20,0),"") | AF14: =IF(ROUNDUP(U14/20,0)>ROUNDUP(U13/20,0),"Lần " & ROUNDUP(U14/20,0),"") | AG14: =IF(ROUNDUP(V14/20,0)>ROUNDUP(V13/20,0),"Lần " & ROUNDUP(V14/20,0),"") | AH14: =IF(ROUNDUP(W14/20,0)>ROUNDUP(W13/20,0),"Lần " & ROUNDUP(W14/20,0),"") | ... AK14: =IF(ROUNDUP(Z14/20,0)>ROUNDUP(Z13/20,0),"Lần " & ROUNDUP(Z14/20,0),"") | AN14: Coc | AO14: 4
A15: 12 | B15: Cọc khoan nhồi C5 Trụ T1 (D1.2m, L=40.0m) | C15: Cọc trụ T1 L=40m (tr.68) | D15: P9 | E15: 12 | F15: CB400-V | H15: 0.379 | I15: 48 | J15: 0.888 | K15: =ROUND(H15*I15*J15, 2) | L15: =ROUND(K15/1000, 3) | M15: =IF(AO15="","",IF(N(INDEX(Theo_Doi_Tan_Suat_Be_Tong!$C:$C,AO15))<=0,"",INDEX(Theo_Doi_Tan_Suat_Be_Tong!$C:$C,AO15)-VLOOKUP(AN15,$AQ$2:$AR$7,2,FALSE))) | O15: =IF(ROUNDUP(Q15/20,0)>ROUNDUP(Q14/20,0),"TN Ø12 (Lần " & ROUNDUP(Q15/20,0) & ")","") | P15: =ROUND(P14+IF(AND(E15<=10,F15<>"ASTM A416"),L15,0),3) | Q15: =ROUND(Q14+IF(AND(E15=12,F15<>"ASTM A416"),L15,0),3) | R15: =ROUND(R14+IF(AND(E15=14,F15<>"ASTM A416"),L15,0),3) | S15: =ROUND(S14+IF(AND(E15=16,F15<>"ASTM A416"),L15,0),3) | T15: =ROUND(T14+IF(AND(E15=18,F15<>"ASTM A416"),L15,0),3) | U15: =ROUND(U14+IF(AND(E15=20,F15<>"ASTM A416"),L15,0),3) | V15: =ROUND(V14+IF(AND(E15=22,F15<>"ASTM A416"),L15,0),3) | W15: =ROUND(W14+IF(AND(E15=25,F15<>"ASTM A416"),L15,0),3) | X15: =ROUND(X14+IF(AND(E15=28,F15<>"ASTM A416"),L15,0),3) | Y15: =ROUND(Y14+IF(AND(E15=32,F15<>"ASTM A416"),L15,0),3) | Z15: =ROUND(Z14+IF(F15="ASTM A416",L15,0),3) | AA15: =IF(ROUNDUP(P15/20,0)>ROUNDUP(P14/20,0),"Lần " & ROUNDUP(P15/20,0),"") | AB15: =IF(ROUNDUP(Q15/20,0)>ROUNDUP(Q14/20,0),"Lần " & ROUNDUP(Q15/20,0),"") | AC15: =IF(ROUNDUP(R15/20,0)>ROUNDUP(R14/20,0),"Lần " & ROUNDUP(R15/20,0),"") | AD15: =IF(ROUNDUP(S15/20,0)>ROUNDUP(S14/20,0),"Lần " & ROUNDUP(S15/20,0),"") | AE15: =IF(ROUNDUP(T15/20,0)>ROUNDUP(T14/20,0),"Lần " & ROUNDUP(T15/20,0),"") | AF15: =IF(ROUNDUP(U15/20,0)>ROUNDUP(U14/20,0),"Lần " & ROUNDUP(U15/20,0),"") | AG15: =IF(ROUNDUP(V15/20,0)>ROUNDUP(V14/20,0),"Lần " & ROUNDUP(V15/20,0),"") | AH15: =IF(ROUNDUP(W15/20,0)>ROUNDUP(W14/20,0),"Lần " & ROUNDUP(W15/20,0),"") | ... AK15: =IF(ROUNDUP(Z15/20,0)>ROUNDUP(Z14/20,0),"Lần " & ROUNDUP(Z15/20,0),"") | AN15: Coc | AO15: 4
A16: 13 | B16: Cọc khoan nhồi C5 Trụ T1 (D1.2m, L=40.0m) | C16: Cọc trụ T1 L=40m (tr.68) | D16: P10 | E16: 20 | F16: CB400-V | H16: 2.057 | I16: 1 | J16: 2.466 | K16: =ROUND(H16*I16*J16, 2) | L16: =ROUND(K16/1000, 3) | M16: =IF(AO16="","",IF(N(INDEX(Theo_Doi_Tan_Suat_Be_Tong!$C:$C,AO16))<=0,"",INDEX(Theo_Doi_Tan_Suat_Be_Tong!$C:$C,AO16)-VLOOKUP(AN16,$AQ$2:$AR$7,2,FALSE))) | O16: =IF(ROUNDUP(U16/20,0)>ROUNDUP(U15/20,0),"TN Ø20 (Lần " & ROUNDUP(U16/20,0) & ")","") | P16: =ROUND(P15+IF(AND(E16<=10,F16<>"ASTM A416"),L16,0),3) | Q16: =ROUND(Q15+IF(AND(E16=12,F16<>"ASTM A416"),L16,0),3) | R16: =ROUND(R15+IF(AND(E16=14,F16<>"ASTM A416"),L16,0),3) | S16: =ROUND(S15+IF(AND(E16=16,F16<>"ASTM A416"),L16,0),3) | T16: =ROUND(T15+IF(AND(E16=18,F16<>"ASTM A416"),L16,0),3) | U16: =ROUND(U15+IF(AND(E16=20,F16<>"ASTM A416"),L16,0),3) | V16: =ROUND(V15+IF(AND(E16=22,F16<>"ASTM A416"),L16,0),3) | W16: =ROUND(W15+IF(AND(E16=25,F16<>"ASTM A416"),L16,0),3) | X16: =ROUND(X15+IF(AND(E16=28,F16<>"ASTM A416"),L16,0),3) | Y16: =ROUND(Y15+IF(AND(E16=32,F16<>"ASTM A416"),L16,0),3) | Z16: =ROUND(Z15+IF(F16="ASTM A416",L16,0),3) | AA16: =IF(ROUNDUP(P16/20,0)>ROUNDUP(P15/20,0),"Lần " & ROUNDUP(P16/20,0),"") | AB16: =IF(ROUNDUP(Q16/20,0)>ROUNDUP(Q15/20,0),"Lần " & ROUNDUP(Q16/20,0),"") | AC16: =IF(ROUNDUP(R16/20,0)>ROUNDUP(R15/20,0),"Lần " & ROUNDUP(R16/20,0),"") | AD16: =IF(ROUNDUP(S16/20,0)>ROUNDUP(S15/20,0),"Lần " & ROUNDUP(S16/20,0),"") | AE16: =IF(ROUNDUP(T16/20,0)>ROUNDUP(T15/20,0),"Lần " & ROUNDUP(T16/20,0),"") | AF16: =IF(ROUNDUP(U16/20,0)>ROUNDUP(U15/20,0),"Lần " & ROUNDUP(U16/20,0),"") | AG16: =IF(ROUNDUP(V16/20,0)>ROUNDUP(V15/20,0),"Lần " & ROUNDUP(V16/20,0),"") | AH16: =IF(ROUNDUP(W16/20,0)>ROUNDUP(W15/20,0),"Lần " & ROUNDUP(W16/20,0),"") | ... AK16: =IF(ROUNDUP(Z16/20,0)>ROUNDUP(Z15/20,0),"Lần " & ROUNDUP(Z16/20,0),"") | AN16: Coc | AO16: 4
A17: 14 | B17: Cọc khoan nhồi C5 Trụ T1 (D1.2m, L=40.0m) | C17: Cọc trụ T1 L=40m (tr.68) | D17: P12 | E17: 20 | F17: CB400-V | H17: 0.583 | I17: 64 | J17: 2.466 | K17: =ROUND(H17*I17*J17, 2) | L17: =ROUND(K17/1000, 3) | M17: =IF(AO17="","",IF(N(INDEX(Theo_Doi_Tan_Suat_Be_Tong!$C:$C,AO17))<=0,"",INDEX(Theo_Doi_Tan_Suat_Be_Tong!$C:$C,AO17)-VLOOKUP(AN17,$AQ$2:$AR$7,2,FALSE))) | O17: =IF(ROUNDUP(U17/20,0)>ROUNDUP(U16/20,0),"TN Ø20 (Lần " & ROUNDUP(U17/20,0) & ")","") | P17: =ROUND(P16+IF(AND(E17<=10,F17<>"ASTM A416"),L17,0),3) | Q17: =ROUND(Q16+IF(AND(E17=12,F17<>"ASTM A416"),L17,0),3) | R17: =ROUND(R16+IF(AND(E17=14,F17<>"ASTM A416"),L17,0),3) | S17: =ROUND(S16+IF(AND(E17=16,F17<>"ASTM A416"),L17,0),3) | T17: =ROUND(T16+IF(AND(E17=18,F17<>"ASTM A416"),L17,0),3) | U17: =ROUND(U16+IF(AND(E17=20,F17<>"ASTM A416"),L17,0),3) | V17: =ROUND(V16+IF(AND(E17=22,F17<>"ASTM A416"),L17,0),3) | W17: =ROUND(W16+IF(AND(E17=25,F17<>"ASTM A416"),L17,0),3) | X17: =ROUND(X16+IF(AND(E17=28,F17<>"ASTM A416"),L17,0),3) | Y17: =ROUND(Y16+IF(AND(E17=32,F17<>"ASTM A416"),L17,0),3) | Z17: =ROUND(Z16+IF(F17="ASTM A416",L17,0),3) | AA17: =IF(ROUNDUP(P17/20,0)>ROUNDUP(P16/20,0),"Lần " & ROUNDUP(P17/20,0),"") | AB17: =IF(ROUNDUP(Q17/20,0)>ROUNDUP(Q16/20,0),"Lần " & ROUNDUP(Q17/20,0),"") | AC17: =IF(ROUNDUP(R17/20,0)>ROUNDUP(R16/20,0),"Lần " & ROUNDUP(R17/20,0),"") | AD17: =IF(ROUNDUP(S17/20,0)>ROUNDUP(S16/20,0),"Lần " & ROUNDUP(S17/20,0),"") | AE17: =IF(ROUNDUP(T17/20,0)>ROUNDUP(T16/20,0),"Lần " & ROUNDUP(T17/20,0),"") | AF17: =IF(ROUNDUP(U17/20,0)>ROUNDUP(U16/20,0),"Lần " & ROUNDUP(U17/20,0),"") | AG17: =IF(ROUNDUP(V17/20,0)>ROUNDUP(V16/20,0),"Lần " & ROUNDUP(V17/20,0),"") | AH17: =IF(ROUNDUP(W17/20,0)>ROUNDUP(W16/20,0),"Lần " & ROUNDUP(W17/20,0),"") | ... AK17: =IF(ROUNDUP(Z17/20,0)>ROUNDUP(Z16/20,0),"Lần " & ROUNDUP(Z17/20,0),"") | AN17: Coc | AO17: 4
A18: 15 | B18: Cọc khoan nhồi C5 Trụ T1 (D1.2m, L=40.0m) | C18: Cọc trụ T1 L=40m (tr.68) | D18: P11 | E18: 16 | F18: CB400-V | H18: 2.604 | I18: 4 | J18: 1.578 | K18: =ROUND(H18*I18*J18, 2) | L18: =ROUND(K18/1000, 3) | M18: =IF(AO18="","",IF(N(INDEX(Theo_Doi_Tan_Suat_Be_Tong!$C:$C,AO18))<=0,"",INDEX(Theo_Doi_Tan_Suat_Be_Tong!$C:$C,AO18)-VLOOKUP(AN18,$AQ$2:$AR$7,2,FALSE))) | O18: =IF(ROUNDUP(S18/20,0)>ROUNDUP(S17/20,0),"TN Ø16 (Lần " & ROUNDUP(S18/20,0) & ")","") | P18: =ROUND(P17+IF(AND(E18<=10,F18<>"ASTM A416"),L18,0),3) | Q18: =ROUND(Q17+IF(AND(E18=12,F18<>"ASTM A416"),L18,0),3) | R18: =ROUND(R17+IF(AND(E18=14,F18<>"ASTM A416"),L18,0),3) | S18: =ROUND(S17+IF(AND(E18=16,F18<>"ASTM A416"),L18,0),3) | T18: =ROUND(T17+IF(AND(E18=18,F18<>"ASTM A416"),L18,0),3) | U18: =ROUND(U17+IF(AND(E18=20,F18<>"ASTM A416"),L18,0),3) | V18: =ROUND(V17+IF(AND(E18=22,F18<>"ASTM A416"),L18,0),3) | W18: =ROUND(W17+IF(AND(E18=25,F18<>"ASTM A416"),L18,0),3) | X18: =ROUND(X17+IF(AND(E18=28,F18<>"ASTM A416"),L18,0),3) | Y18: =ROUND(Y17+IF(AND(E18=32,F18<>"ASTM A416"),L18,0),3) | Z18: =ROUND(Z17+IF(F18="ASTM A416",L18,0),3) | AA18: =IF(ROUNDUP(P18/20,0)>ROUNDUP(P17/20,0),"Lần " & ROUNDUP(P18/20,0),"") | AB18: =IF(ROUNDUP(Q18/20,0)>ROUNDUP(Q17/20,0),"Lần " & ROUNDUP(Q18/20,0),"") | AC18: =IF(ROUNDUP(R18/20,0)>ROUNDUP(R17/20,0),"Lần " & ROUNDUP(R18/20,0),"") | AD18: =IF(ROUNDUP(S18/20,0)>ROUNDUP(S17/20,0),"Lần " & ROUNDUP(S18/20,0),"") | AE18: =IF(ROUNDUP(T18/20,0)>ROUNDUP(T17/20,0),"Lần " & ROUNDUP(T18/20,0),"") | AF18: =IF(ROUNDUP(U18/20,0)>ROUNDUP(U17/20,0),"Lần " & ROUNDUP(U18/20,0),"") | AG18: =IF(ROUNDUP(V18/20,0)>ROUNDUP(V17/20,0),"Lần " & ROUNDUP(V18/20,0),"") | AH18: =IF(ROUNDUP(W18/20,0)>ROUNDUP(W17/20,0),"Lần " & ROUNDUP(W18/20,0),"") | ... AK18: =IF(ROUNDUP(Z18/20,0)>ROUNDUP(Z17/20,0),"Lần " & ROUNDUP(Z18/20,0),"") | AN18: Coc | AO18: 4
A19: --- CỌC KHOAN NHỒI C8 TRỤ T2 (D1.2M, L=30.0M) ---
A20: 16 | B20: Cọc khoan nhồi C8 Trụ T2 (D1.2m, L=30.0m) | C20: Cọc trụ T2 L=30m (tr.70) | D20: P1 | E20: 10 | F20: CB240-T | H20: 96.604 | I20: 1 | J20: 0.617 | K20: =ROUND(H20*I20*J20, 2) | L20: =ROUND(K20/1000, 3) | M20: =IF(AO20="","",IF(N(INDEX(Theo_Doi_Tan_Suat_Be_Tong!$C:$C,AO20))<=0,"",INDEX(Theo_Doi_Tan_Suat_Be_Tong!$C:$C,AO20)-VLOOKUP(AN20,$AQ$2:$AR$7,2,FALSE))) | O20: =IF(ROUNDUP(P20/20,0)>ROUNDUP(P18/20,0),"TN Ø10 (Lần " & ROUNDUP(P20/20,0) & ")","") | P20: =ROUND(P18+IF(AND(E20<=10,F20<>"ASTM A416"),L20,0),3) | Q20: =ROUND(Q18+IF(AND(E20=12,F20<>"ASTM A416"),L20,0),3) | R20: =ROUND(R18+IF(AND(E20=14,F20<>"ASTM A416"),L20,0),3) | S20: =ROUND(S18+IF(AND(E20=16,F20<>"ASTM A416"),L20,0),3) | T20: =ROUND(T18+IF(AND(E20=18,F20<>"ASTM A416"),L20,0),3) | U20: =ROUND(U18+IF(AND(E20=20,F20<>"ASTM A416"),L20,0),3) | V20: =ROUND(V18+IF(AND(E20=22,F20<>"ASTM A416"),L20,0),3) | W20: =ROUND(W18+IF(AND(E20=25,F20<>"ASTM A416"),L20,0),3) | X20: =ROUND(X18+IF(AND(E20=28,F20<>"ASTM A416"),L20,0),3) | Y20: =ROUND(Y18+IF(AND(E20=32,F20<>"ASTM A416"),L20,0),3) | Z20: =ROUND(Z18+IF(F20="ASTM A416",L20,0),3) | AA20: =IF(ROUNDUP(P20/20,0)>ROUNDUP(P18/20,0),"Lần " & ROUNDUP(P20/20,0),"") | AB20: =IF(ROUNDUP(Q20/20,0)>ROUNDUP(Q18/20,0),"Lần " & ROUNDUP(Q20/20,0),"") | AC20: =IF(ROUNDUP(R20/20,0)>ROUNDUP(R18/20,0),"Lần " & ROUNDUP(R20/20,0),"") | AD20: =IF(ROUNDUP(S20/20,0)>ROUNDUP(S18/20,0),"Lần " & ROUNDUP(S20/20,0),"") | AE20: =IF(ROUNDUP(T20/20,0)>ROUNDUP(T18/20,0),"Lần " & ROUNDUP(T20/20,0),"") | AF20: =IF(ROUNDUP(U20/20,0)>ROUNDUP(U18/20,0),"Lần " & ROUNDUP(U20/20,0),"") | AG20: =IF(ROUNDUP(V20/20,0)>ROUNDUP(V18/20,0),"Lần " & ROUNDUP(V20/20,0),"") | AH20: =IF(ROUNDUP(W20/20,0)>ROUNDUP(W18/20,0),"Lần " & ROUNDUP(W20/20,0),"") | ... AK20: =IF(ROUNDUP(Z20/20,0)>ROUNDUP(Z18/20,0),"Lần " & ROUNDUP(Z20/20,0),"") | AN20: Coc | AO20: 5
A21: 17 | B21: Cọc khoan nhồi C8 Trụ T2 (D1.2m, L=30.0m) | C21: Cọc trụ T2 L=30m (tr.70) | D21: P1A | E21: 10 | F21: CB240-T | H21: 389.636 | I21: 1 | J21: 0.617 | K21: =ROUND(H21*I21*J21, 2) | L21: =ROUND(K21/1000, 3) | M21: =IF(AO21="","",IF(N(INDEX(Theo_Doi_Tan_Suat_Be_Tong!$C:$C,AO21))<=0,"",INDEX(Theo_Doi_Tan_Suat_Be_Tong!$C:$C,AO21)-VLOOKUP(AN21,$AQ$2:$AR$7,2,FALSE))) | O21: =IF(ROUNDUP(P21/20,0)>ROUNDUP(P20/20,0),"TN Ø10 (Lần " & ROUNDUP(P21/20,0) & ")","") | P21: =ROUND(P20+IF(AND(E21<=10,F21<>"ASTM A416"),L21,0),3) | Q21: =ROUND(Q20+IF(AND(E21=12,F21<>"ASTM A416"),L21,0),3) | R21: =ROUND(R20+IF(AND(E21=14,F21<>"ASTM A416"),L21,0),3) | S21: =ROUND(S20+IF(AND(E21=16,F21<>"ASTM A416"),L21,0),3) | T21: =ROUND(T20+IF(AND(E21=18,F21<>"ASTM A416"),L21,0),3) | U21: =ROUND(U20+IF(AND(E21=20,F21<>"ASTM A416"),L21,0),3) | V21: =ROUND(V20+IF(AND(E21=22,F21<>"ASTM A416"),L21,0),3) | W21: =ROUND(W20+IF(AND(E21=25,F21<>"ASTM A416"),L21,0),3) | X21: =ROUND(X20+IF(AND(E21=28,F21<>"ASTM A416"),L21,0),3) | Y21: =ROUND(Y20+IF(AND(E21=32,F21<>"ASTM A416"),L21,0),3) | Z21: =ROUND(Z20+IF(F21="ASTM A416",L21,0),3) | AA21: =IF(ROUNDUP(P21/20,0)>ROUNDUP(P20/20,0),"Lần " & ROUNDUP(P21/20,0),"") | AB21: =IF(ROUNDUP(Q21/20,0)>ROUNDUP(Q20/20,0),"Lần " & ROUNDUP(Q21/20,0),"") | AC21: =IF(ROUNDUP(R21/20,0)>ROUNDUP(R20/20,0),"Lần " & ROUNDUP(R21/20,0),"") | AD21: =IF(ROUNDUP(S21/20,0)>ROUNDUP(S20/20,0),"Lần " & ROUNDUP(S21/20,0),"") | AE21: =IF(ROUNDUP(T21/20,0)>ROUNDUP(T20/20,0),"Lần " & ROUNDUP(T21/20,0),"") | AF21: =IF(ROUNDUP(U21/20,0)>ROUNDUP(U20/20,0),"Lần " & ROUNDUP(U21/20,0),"") | AG21: =IF(ROUNDUP(V21/20,0)>ROUNDUP(V20/20,0),"Lần " & ROUNDUP(V21/20,0),"") | AH21: =IF(ROUNDUP(W21/20,0)>ROUNDUP(W20/20,0),"Lần " & ROUNDUP(W21/20,0),"") | ... AK21: =IF(ROUNDUP(Z21/20,0)>ROUNDUP(Z20/20,0),"Lần " & ROUNDUP(Z21/20,0),"") | AN21: Coc | AO21: 5
A22: 18 | B22: Cọc khoan nhồi C8 Trụ T2 (D1.2m, L=30.0m) | C22: Cọc trụ T2 L=30m (tr.70) | D22: P1B | E22: 10 | F22: CB240-T | H22: 100.256 | I22: 1 | J22: 0.617 | K22: =ROUND(H22*I22*J22, 2) | L22: =ROUND(K22/1000, 3) | M22: =IF(AO22="","",IF(N(INDEX(Theo_Doi_Tan_Suat_Be_Tong!$C:$C,AO22))<=0,"",INDEX(Theo_Doi_Tan_Suat_Be_Tong!$C:$C,AO22)-VLOOKUP(AN22,$AQ$2:$AR$7,2,FALSE))) | O22: =IF(ROUNDUP(P22/20,0)>ROUNDUP(P21/20,0),"TN Ø10 (Lần " & ROUNDUP(P22/20,0) & ")","") | P22: =ROUND(P21+IF(AND(E22<=10,F22<>"ASTM A416"),L22,0),3) | Q22: =ROUND(Q21+IF(AND(E22=12,F22<>"ASTM A416"),L22,0),3) | R22: =ROUND(R21+IF(AND(E22=14,F22<>"ASTM A416"),L22,0),3) | S22: =ROUND(S21+IF(AND(E22=16,F22<>"ASTM A416"),L22,0),3) | T22: =ROUND(T21+IF(AND(E22=18,F22<>"ASTM A416"),L22,0),3) | U22: =ROUND(U21+IF(AND(E22=20,F22<>"ASTM A416"),L22,0),3) | V22: =ROUND(V21+IF(AND(E22=22,F22<>"ASTM A416"),L22,0),3) | W22: =ROUND(W21+IF(AND(E22=25,F22<>"ASTM A416"),L22,0),3) | X22: =ROUND(X21+IF(AND(E22=28,F22<>"ASTM A416"),L22,0),3) | Y22: =ROUND(Y21+IF(AND(E22=32,F22<>"ASTM A416"),L22,0),3) | Z22: =ROUND(Z21+IF(F22="ASTM A416",L22,0),3) | AA22: =IF(ROUNDUP(P22/20,0)>ROUNDUP(P21/20,0),"Lần " & ROUNDUP(P22/20,0),"") | AB22: =IF(ROUNDUP(Q22/20,0)>ROUNDUP(Q21/20,0),"Lần " & ROUNDUP(Q22/20,0),"") | AC22: =IF(ROUNDUP(R22/20,0)>ROUNDUP(R21/20,0),"Lần " & ROUNDUP(R22/20,0),"") | AD22: =IF(ROUNDUP(S22/20,0)>ROUNDUP(S21/20,0),"Lần " & ROUNDUP(S22/20,0),"") | AE22: =IF(ROUNDUP(T22/20,0)>ROUNDUP(T21/20,0),"Lần " & ROUNDUP(T22/20,0),"") | AF22: =IF(ROUNDUP(U22/20,0)>ROUNDUP(U21/20,0),"Lần " & ROUNDUP(U22/20,0),"") | AG22: =IF(ROUNDUP(V22/20,0)>ROUNDUP(V21/20,0),"Lần " & ROUNDUP(V22/20,0),"") | AH22: =IF(ROUNDUP(W22/20,0)>ROUNDUP(W21/20,0),"Lần " & ROUNDUP(W22/20,0),"") | ... AK22: =IF(ROUNDUP(Z22/20,0)>ROUNDUP(Z21/20,0),"Lần " & ROUNDUP(Z22/20,0),"") | AN22: Coc | AO22: 5
A23: 19 | B23: Cọc khoan nhồi C8 Trụ T2 (D1.2m, L=30.0m) | C23: Cọc trụ T2 L=30m (tr.70) | D23: P1C | E23: 10 | F23: CB240-T | H23: 3.592 | I23: 2 | J23: 0.617 | K23: =ROUND(H23*I23*J23, 2) | L23: =ROUND(K23/1000, 3) | M23: =IF(AO23="","",IF(N(INDEX(Theo_Doi_Tan_Suat_Be_Tong!$C:$C,AO23))<=0,"",INDEX(Theo_Doi_Tan_Suat_Be_Tong!$C:$C,AO23)-VLOOKUP(AN23,$AQ$2:$AR$7,2,FALSE))) | O23: =IF(ROUNDUP(P23/20,0)>ROUNDUP(P22/20,0),"TN Ø10 (Lần " & ROUNDUP(P23/20,0) & ")","") | P23: =ROUND(P22+IF(AND(E23<=10,F23<>"ASTM A416"),L23,0),3) | Q23: =ROUND(Q22+IF(AND(E23=12,F23<>"ASTM A416"),L23,0),3) | R23: =ROUND(R22+IF(AND(E23=14,F23<>"ASTM A416"),L23,0),3) | S23: =ROUND(S22+IF(AND(E23=16,F23<>"ASTM A416"),L23,0),3) | T23: =ROUND(T22+IF(AND(E23=18,F23<>"ASTM A416"),L23,0),3) | U23: =ROUND(U22+IF(AND(E23=20,F23<>"ASTM A416"),L23,0),3) | V23: =ROUND(V22+IF(AND(E23=22,F23<>"ASTM A416"),L23,0),3) | W23: =ROUND(W22+IF(AND(E23=25,F23<>"ASTM A416"),L23,0),3) | X23: =ROUND(X22+IF(AND(E23=28,F23<>"ASTM A416"),L23,0),3) | Y23: =ROUND(Y22+IF(AND(E23=32,F23<>"ASTM A416"),L23,0),3) | Z23: =ROUND(Z22+IF(F23="ASTM A416",L23,0),3) | AA23: =IF(ROUNDUP(P23/20,0)>ROUNDUP(P22/20,0),"Lần " & ROUNDUP(P23/20,0),"") | AB23: =IF(ROUNDUP(Q23/20,0)>ROUNDUP(Q22/20,0),"Lần " & ROUNDUP(Q23/20,0),"") | AC23: =IF(ROUNDUP(R23/20,0)>ROUNDUP(R22/20,0),"Lần " & ROUNDUP(R23/20,0),"") | AD23: =IF(ROUNDUP(S23/20,0)>ROUNDUP(S22/20,0),"Lần " & ROUNDUP(S23/20,0),"") | AE23: =IF(ROUNDUP(T23/20,0)>ROUNDUP(T22/20,0),"Lần " & ROUNDUP(T23/20,0),"") | AF23: =IF(ROUNDUP(U23/20,0)>ROUNDUP(U22/20,0),"Lần " & ROUNDUP(U23/20,0),"") | AG23: =IF(ROUNDUP(V23/20,0)>ROUNDUP(V22/20,0),"Lần " & ROUNDUP(V23/20,0),"") | AH23: =IF(ROUNDUP(W23/20,0)>ROUNDUP(W22/20,0),"Lần " & ROUNDUP(W23/20,0),"") | ... AK23: =IF(ROUNDUP(Z23/20,0)>ROUNDUP(Z22/20,0),"Lần " & ROUNDUP(Z23/20,0),"") | AN23: Coc | AO23: 5
A24: 20 | B24: Cọc khoan nhồi C8 Trụ T2 (D1.2m, L=30.0m) | C24: Cọc trụ T2 L=30m (tr.70) | D24: P1D | E24: 10 | F24: CB240-T | H24: 19.721 | I24: 1 | J24: 0.617 | K24: =ROUND(H24*I24*J24, 2) | L24: =ROUND(K24/1000, 3) | M24: =IF(AO24="","",IF(N(INDEX(Theo_Doi_Tan_Suat_Be_Tong!$C:$C,AO24))<=0,"",INDEX(Theo_Doi_Tan_Suat_Be_Tong!$C:$C,AO24)-VLOOKUP(AN24,$AQ$2:$AR$7,2,FALSE))) | O24: =IF(ROUNDUP(P24/20,0)>ROUNDUP(P23/20,0),"TN Ø10 (Lần " & ROUNDUP(P24/20,0) & ")","") | P24: =ROUND(P23+IF(AND(E24<=10,F24<>"ASTM A416"),L24,0),3) | Q24: =ROUND(Q23+IF(AND(E24=12,F24<>"ASTM A416"),L24,0),3) | R24: =ROUND(R23+IF(AND(E24=14,F24<>"ASTM A416"),L24,0),3) | S24: =ROUND(S23+IF(AND(E24=16,F24<>"ASTM A416"),L24,0),3) | T24: =ROUND(T23+IF(AND(E24=18,F24<>"ASTM A416"),L24,0),3) | U24: =ROUND(U23+IF(AND(E24=20,F24<>"ASTM A416"),L24,0),3) | V24: =ROUND(V23+IF(AND(E24=22,F24<>"ASTM A416"),L24,0),3) | W24: =ROUND(W23+IF(AND(E24=25,F24<>"ASTM A416"),L24,0),3) | X24: =ROUND(X23+IF(AND(E24=28,F24<>"ASTM A416"),L24,0),3) | Y24: =ROUND(Y23+IF(AND(E24=32,F24<>"ASTM A416"),L24,0),3) | Z24: =ROUND(Z23+IF(F24="ASTM A416",L24,0),3) | AA24: =IF(ROUNDUP(P24/20,0)>ROUNDUP(P23/20,0),"Lần " & ROUNDUP(P24/20,0),"") | AB24: =IF(ROUNDUP(Q24/20,0)>ROUNDUP(Q23/20,0),"Lần " & ROUNDUP(Q24/20,0),"") | AC24: =IF(ROUNDUP(R24/20,0)>ROUNDUP(R23/20,0),"Lần " & ROUNDUP(R24/20,0),"") | AD24: =IF(ROUNDUP(S24/20,0)>ROUNDUP(S23/20,0),"Lần " & ROUNDUP(S24/20,0),"") | AE24: =IF(ROUNDUP(T24/20,0)>ROUNDUP(T23/20,0),"Lần " & ROUNDUP(T24/20,0),"") | AF24: =IF(ROUNDUP(U24/20,0)>ROUNDUP(U23/20,0),"Lần " & ROUNDUP(U24/20,0),"") | AG24: =IF(ROUNDUP(V24/20,0)>ROUNDUP(V23/20,0),"Lần " & ROUNDUP(V24/20,0),"") | AH24: =IF(ROUNDUP(W24/20,0)>ROUNDUP(W23/20,0),"Lần " & ROUNDUP(W24/20,0),"") | ... AK24: =IF(ROUNDUP(Z24/20,0)>ROUNDUP(Z23/20,0),"Lần " & ROUNDUP(Z24/20,0),"") | AN24: Coc | AO24: 5
A25: 21 | B25: Cọc khoan nhồi C8 Trụ T2 (D1.2m, L=30.0m) | C25: Cọc trụ T2 L=30m (tr.70) | D25: P2B | E25: 25 | F25: CB400-V | H25: 2.985 | I25: 12 | J25: 3.853 | K25: =ROUND(H25*I25*J25, 2) | L25: =ROUND(K25/1000, 3) | M25: =IF(AO25="","",IF(N(INDEX(Theo_Doi_Tan_Suat_Be_Tong!$C:$C,AO25))<=0,"",INDEX(Theo_Doi_Tan_Suat_Be_Tong!$C:$C,AO25)-VLOOKUP(AN25,$AQ$2:$AR$7,2,FALSE))) | O25: =IF(ROUNDUP(W25/20,0)>ROUNDUP(W24/20,0),"TN Ø25 (Lần " & ROUNDUP(W25/20,0) & ")","") | P25: =ROUND(P24+IF(AND(E25<=10,F25<>"ASTM A416"),L25,0),3) | Q25: =ROUND(Q24+IF(AND(E25=12,F25<>"ASTM A416"),L25,0),3) | R25: =ROUND(R24+IF(AND(E25=14,F25<>"ASTM A416"),L25,0),3) | S25: =ROUND(S24+IF(AND(E25=16,F25<>"ASTM A416"),L25,0),3) | T25: =ROUND(T24+IF(AND(E25=18,F25<>"ASTM A416"),L25,0),3) | U25: =ROUND(U24+IF(AND(E25=20,F25<>"ASTM A416"),L25,0),3) | V25: =ROUND(V24+IF(AND(E25=22,F25<>"ASTM A416"),L25,0),3) | W25: =ROUND(W24+IF(AND(E25=25,F25<>"ASTM A416"),L25,0),3) | X25: =ROUND(X24+IF(AND(E25=28,F25<>"ASTM A416"),L25,0),3) | Y25: =ROUND(Y24+IF(AND(E25=32,F25<>"ASTM A416"),L25,0),3) | Z25: =ROUND(Z24+IF(F25="ASTM A416",L25,0),3) | AA25: =IF(ROUNDUP(P25/20,0)>ROUNDUP(P24/20,0),"Lần " & ROUNDUP(P25/20,0),"") | AB25: =IF(ROUNDUP(Q25/20,0)>ROUNDUP(Q24/20,0),"Lần " & ROUNDUP(Q25/20,0),"") | AC25: =IF(ROUNDUP(R25/20,0)>ROUNDUP(R24/20,0),"Lần " & ROUNDUP(R25/20,0),"") | AD25: =IF(ROUNDUP(S25/20,0)>ROUNDUP(S24/20,0),"Lần " & ROUNDUP(S25/20,0),"") | AE25: =IF(ROUNDUP(T25/20,0)>ROUNDUP(T24/20,0),"Lần " & ROUNDUP(T25/20,0),"") | AF25: =IF(ROUNDUP(U25/20,0)>ROUNDUP(U24/20,0),"Lần " & ROUNDUP(U25/20,0),"") | AG25: =IF(ROUNDUP(V25/20,0)>ROUNDUP(V24/20,0),"Lần " & ROUNDUP(V25/20,0),"") | AH25: =IF(ROUNDUP(W25/20,0)>ROUNDUP(W24/20,0),"Lần " & ROUNDUP(W25/20,0),"") | ... AK25: =IF(ROUNDUP(Z25/20,0)>ROUNDUP(Z24/20,0),"Lần " & ROUNDUP(Z25/20,0),"") | AN25: Coc | AO25: 5
A26: 22 | B26: Cọc khoan nhồi C8 Trụ T2 (D1.2m, L=30.0m) | C26: Cọc trụ T2 L=30m (tr.70) | D26: P3 | E26: 25 | F26: CB400-V | H26: 10.7 | I26: 12 | J26: 3.853 | K26: =ROUND(H26*I26*J26, 2) | L26: =ROUND(K26/1000, 3) | M26: =IF(AO26="","",IF(N(INDEX(Theo_Doi_Tan_Suat_Be_Tong!$C:$C,AO26))<=0,"",INDEX(Theo_Doi_Tan_Suat_Be_Tong!$C:$C,AO26)-VLOOKUP(AN26,$AQ$2:$AR$7,2,FALSE))) | O26: =IF(ROUNDUP(W26/20,0)>ROUNDUP(W25/20,0),"TN Ø25 (Lần " & ROUNDUP(W26/20,0) & ")","") | P26: =ROUND(P25+IF(AND(E26<=10,F26<>"ASTM A416"),L26,0),3) | Q26: =ROUND(Q25+IF(AND(E26=12,F26<>"ASTM A416"),L26,0),3) | R26: =ROUND(R25+IF(AND(E26=14,F26<>"ASTM A416"),L26,0),3) | S26: =ROUND(S25+IF(AND(E26=16,F26<>"ASTM A416"),L26,0),3) | T26: =ROUND(T25+IF(AND(E26=18,F26<>"ASTM A416"),L26,0),3) | U26: =ROUND(U25+IF(AND(E26=20,F26<>"ASTM A416"),L26,0),3) | V26: =ROUND(V25+IF(AND(E26=22,F26<>"ASTM A416"),L26,0),3) | W26: =ROUND(W25+IF(AND(E26=25,F26<>"ASTM A416"),L26,0),3) | X26: =ROUND(X25+IF(AND(E26=28,F26<>"ASTM A416"),L26,0),3) | Y26: =ROUND(Y25+IF(AND(E26=32,F26<>"ASTM A416"),L26,0),3) | Z26: =ROUND(Z25+IF(F26="ASTM A416",L26,0),3) | AA26: =IF(ROUNDUP(P26/20,0)>ROUNDUP(P25/20,0),"Lần " & ROUNDUP(P26/20,0),"") | AB26: =IF(ROUNDUP(Q26/20,0)>ROUNDUP(Q25/20,0),"Lần " & ROUNDUP(Q26/20,0),"") | AC26: =IF(ROUNDUP(R26/20,0)>ROUNDUP(R25/20,0),"Lần " & ROUNDUP(R26/20,0),"") | AD26: =IF(ROUNDUP(S26/20,0)>ROUNDUP(S25/20,0),"Lần " & ROUNDUP(S26/20,0),"") | AE26: =IF(ROUNDUP(T26/20,0)>ROUNDUP(T25/20,0),"Lần " & ROUNDUP(T26/20,0),"") | AF26: =IF(ROUNDUP(U26/20,0)>ROUNDUP(U25/20,0),"Lần " & ROUNDUP(U26/20,0),"") | AG26: =IF(ROUNDUP(V26/20,0)>ROUNDUP(V25/20,0),"Lần " & ROUNDUP(V26/20,0),"") | AH26: =IF(ROUNDUP(W26/20,0)>ROUNDUP(W25/20,0),"Lần " & ROUNDUP(W26/20,0),"") | ... AK26: =IF(ROUNDUP(Z26/20,0)>ROUNDUP(Z25/20,0),"Lần " & ROUNDUP(Z26/20,0),"") | AN26: Coc | AO26: 5
A27: 23 | B27: Cọc khoan nhồi C8 Trụ T2 (D1.2m, L=30.0m) | C27: Cọc trụ T2 L=30m (tr.70) | D27: P4 | E27: 25 | F27: CB400-V | H27: 11.7 | I27: 36 | J27: 3.853 | K27: =ROUND(H27*I27*J27, 2) | L27: =ROUND(K27/1000, 3) | M27: =IF(AO27="","",IF(N(INDEX(Theo_Doi_Tan_Suat_Be_Tong!$C:$C,AO27))<=0,"",INDEX(Theo_Doi_Tan_Suat_Be_Tong!$C:$C,AO27)-VLOOKUP(AN27,$AQ$2:$AR$7,2,FALSE))) | O27: =IF(ROUNDUP(W27/20,0)>ROUNDUP(W26/20,0),"TN Ø25 (Lần " & ROUNDUP(W27/20,0) & ")","") | P27: =ROUND(P26+IF(AND(E27<=10,F27<>"ASTM A416"),L27,0),3) | Q27: =ROUND(Q26+IF(AND(E27=12,F27<>"ASTM A416"),L27,0),3) | R27: =ROUND(R26+IF(AND(E27=14,F27<>"ASTM A416"),L27,0),3) | S27: =ROUND(S26+IF(AND(E27=16,F27<>"ASTM A416"),L27,0),3) | T27: =ROUND(T26+IF(AND(E27=18,F27<>"ASTM A416"),L27,0),3) | U27: =ROUND(U26+IF(AND(E27=20,F27<>"ASTM A416"),L27,0),3) | V27: =ROUND(V26+IF(AND(E27=22,F27<>"ASTM A416"),L27,0),3) | W27: =ROUND(W26+IF(AND(E27=25,F27<>"ASTM A416"),L27,0),3) | X27: =ROUND(X26+IF(AND(E27=28,F27<>"ASTM A416"),L27,0),3) | Y27: =ROUND(Y26+IF(AND(E27=32,F27<>"ASTM A416"),L27,0),3) | Z27: =ROUND(Z26+IF(F27="ASTM A416",L27,0),3) | AA27: =IF(ROUNDUP(P27/20,0)>ROUNDUP(P26/20,0),"Lần " & ROUNDUP(P27/20,0),"") | AB27: =IF(ROUNDUP(Q27/20,0)>ROUNDUP(Q26/20,0),"Lần " & ROUNDUP(Q27/20,0),"") | AC27: =IF(ROUNDUP(R27/20,0)>ROUNDUP(R26/20,0),"Lần " & ROUNDUP(R27/20,0),"") | AD27: =IF(ROUNDUP(S27/20,0)>ROUNDUP(S26/20,0),"Lần " & ROUNDUP(S27/20,0),"") | AE27: =IF(ROUNDUP(T27/20,0)>ROUNDUP(T26/20,0),"Lần " & ROUNDUP(T27/20,0),"") | AF27: =IF(ROUNDUP(U27/20,0)>ROUNDUP(U26/20,0),"Lần " & ROUNDUP(U27/20,0),"") | AG27: =IF(ROUNDUP(V27/20,0)>ROUNDUP(V26/20,0),"Lần " & ROUNDUP(V27/20,0),"") | AH27: =IF(ROUNDUP(W27/20,0)>ROUNDUP(W26/20,0),"Lần " & ROUNDUP(W27/20,0),"") | ... AK27: =IF(ROUNDUP(Z27/20,0)>ROUNDUP(Z26/20,0),"Lần " & ROUNDUP(Z27/20,0),"") | AN27: Coc | AO27: 5
A28: 24 | B28: Cọc khoan nhồi C8 Trụ T2 (D1.2m, L=30.0m) | C28: Cọc trụ T2 L=30m (tr.70) | D28: P6 | E28: 25 | F28: CB400-V | H28: 9.733 | I28: 12 | J28: 3.853 | K28: =ROUND(H28*I28*J28, 2) | L28: =ROUND(K28/1000, 3) | M28: =IF(AO28="","",IF(N(INDEX(Theo_Doi_Tan_Suat_Be_Tong!$C:$C,AO28))<=0,"",INDEX(Theo_Doi_Tan_Suat_Be_Tong!$C:$C,AO28)-VLOOKUP(AN28,$AQ$2:$AR$7,2,FALSE))) | O28: =IF(ROUNDUP(W28/20,0)>ROUNDUP(W27/20,0),"TN Ø25 (Lần " & ROUNDUP(W28/20,0) & ")","") | P28: =ROUND(P27+IF(AND(E28<=10,F28<>"ASTM A416"),L28,0),3) | Q28: =ROUND(Q27+IF(AND(E28=12,F28<>"ASTM A416"),L28,0),3) | R28: =ROUND(R27+IF(AND(E28=14,F28<>"ASTM A416"),L28,0),3) | S28: =ROUND(S27+IF(AND(E28=16,F28<>"ASTM A416"),L28,0),3) | T28: =ROUND(T27+IF(AND(E28=18,F28<>"ASTM A416"),L28,0),3) | U28: =ROUND(U27+IF(AND(E28=20,F28<>"ASTM A416"),L28,0),3) | V28: =ROUND(V27+IF(AND(E28=22,F28<>"ASTM A416"),L28,0),3) | W28: =ROUND(W27+IF(AND(E28=25,F28<>"ASTM A416"),L28,0),3) | X28: =ROUND(X27+IF(AND(E28=28,F28<>"ASTM A416"),L28,0),3) | Y28: =ROUND(Y27+IF(AND(E28=32,F28<>"ASTM A416"),L28,0),3) | Z28: =ROUND(Z27+IF(F28="ASTM A416",L28,0),3) | AA28: =IF(ROUNDUP(P28/20,0)>ROUNDUP(P27/20,0),"Lần " & ROUNDUP(P28/20,0),"") | AB28: =IF(ROUNDUP(Q28/20,0)>ROUNDUP(Q27/20,0),"Lần " & ROUNDUP(Q28/20,0),"") | AC28: =IF(ROUNDUP(R28/20,0)>ROUNDUP(R27/20,0),"Lần " & ROUNDUP(R28/20,0),"") | AD28: =IF(ROUNDUP(S28/20,0)>ROUNDUP(S27/20,0),"Lần " & ROUNDUP(S28/20,0),"") | AE28: =IF(ROUNDUP(T28/20,0)>ROUNDUP(T27/20,0),"Lần " & ROUNDUP(T28/20,0),"") | AF28: =IF(ROUNDUP(U28/20,0)>ROUNDUP(U27/20,0),"Lần " & ROUNDUP(U28/20,0),"") | AG28: =IF(ROUNDUP(V28/20,0)>ROUNDUP(V27/20,0),"Lần " & ROUNDUP(V28/20,0),"") | AH28: =IF(ROUNDUP(W28/20,0)>ROUNDUP(W27/20,0),"Lần " & ROUNDUP(W28/20,0),"") | ... AK28: =IF(ROUNDUP(Z28/20,0)>ROUNDUP(Z27/20,0),"Lần " & ROUNDUP(Z28/20,0),"") | AN28: Coc | AO28: 5
A29: 25 | B29: Cọc khoan nhồi C8 Trụ T2 (D1.2m, L=30.0m) | C29: Cọc trụ T2 L=30m (tr.70) | D29: P7 | E29: 25 | F29: CB400-V | H29: 10.733 | I29: 12 | J29: 3.853 | K29: =ROUND(H29*I29*J29, 2) | L29: =ROUND(K29/1000, 3) | M29: =IF(AO29="","",IF(N(INDEX(Theo_Doi_Tan_Suat_Be_Tong!$C:$C,AO29))<=0,"",INDEX(Theo_Doi_Tan_Suat_Be_Tong!$C:$C,AO29)-VLOOKUP(AN29,$AQ$2:$AR$7,2,FALSE))) | O29: =IF(ROUNDUP(W29/20,0)>ROUNDUP(W28/20,0),"TN Ø25 (Lần " & ROUNDUP(W29/20,0) & ")","") | P29: =ROUND(P28+IF(AND(E29<=10,F29<>"ASTM A416"),L29,0),3) | Q29: =ROUND(Q28+IF(AND(E29=12,F29<>"ASTM A416"),L29,0),3) | R29: =ROUND(R28+IF(AND(E29=14,F29<>"ASTM A416"),L29,0),3) | S29: =ROUND(S28+IF(AND(E29=16,F29<>"ASTM A416"),L29,0),3) | T29: =ROUND(T28+IF(AND(E29=18,F29<>"ASTM A416"),L29,0),3) | U29: =ROUND(U28+IF(AND(E29=20,F29<>"ASTM A416"),L29,0),3) | V29: =ROUND(V28+IF(AND(E29=22,F29<>"ASTM A416"),L29,0),3) | W29: =ROUND(W28+IF(AND(E29=25,F29<>"ASTM A416"),L29,0),3) | X29: =ROUND(X28+IF(AND(E29=28,F29<>"ASTM A416"),L29,0),3) | Y29: =ROUND(Y28+IF(AND(E29=32,F29<>"ASTM A416"),L29,0),3) | Z29: =ROUND(Z28+IF(F29="ASTM A416",L29,0),3) | AA29: =IF(ROUNDUP(P29/20,0)>ROUNDUP(P28/20,0),"Lần " & ROUNDUP(P29/20,0),"") | AB29: =IF(ROUNDUP(Q29/20,0)>ROUNDUP(Q28/20,0),"Lần " & ROUNDUP(Q29/20,0),"") | AC29: =IF(ROUNDUP(R29/20,0)>ROUNDUP(R28/20,0),"Lần " & ROUNDUP(R29/20,0),"") | AD29: =IF(ROUNDUP(S29/20,0)>ROUNDUP(S28/20,0),"Lần " & ROUNDUP(S29/20,0),"") | AE29: =IF(ROUNDUP(T29/20,0)>ROUNDUP(T28/20,0),"Lần " & ROUNDUP(T29/20,0),"") | AF29: =IF(ROUNDUP(U29/20,0)>ROUNDUP(U28/20,0),"Lần " & ROUNDUP(U29/20,0),"") | AG29: =IF(ROUNDUP(V29/20,0)>ROUNDUP(V28/20,0),"Lần " & ROUNDUP(V29/20,0),"") | AH29: =IF(ROUNDUP(W29/20,0)>ROUNDUP(W28/20,0),"Lần " & ROUNDUP(W29/20,0),"") | ... AK29: =IF(ROUNDUP(Z29/20,0)>ROUNDUP(Z28/20,0),"Lần " & ROUNDUP(Z29/20,0),"") | AN29: Coc | AO29: 5
A30: 26 | B30: Cọc khoan nhồi C8 Trụ T2 (D1.2m, L=30.0m) | C30: Cọc trụ T2 L=30m (tr.70) | D30: P8 | E30: 12 | F30: CB400-V | H30: 0.647 | I30: 12 | J30: 0.888 | K30: =ROUND(H30*I30*J30, 2) | L30: =ROUND(K30/1000, 3) | M30: =IF(AO30="","",IF(N(INDEX(Theo_Doi_Tan_Suat_Be_Tong!$C:$C,AO30))<=0,"",INDEX(Theo_Doi_Tan_Suat_Be_Tong!$C:$C,AO30)-VLOOKUP(AN30,$AQ$2:$AR$7,2,FALSE))) | O30: =IF(ROUNDUP(Q30/20,0)>ROUNDUP(Q29/20,0),"TN Ø12 (Lần " & ROUNDUP(Q30/20,0) & ")","") | P30: =ROUND(P29+IF(AND(E30<=10,F30<>"ASTM A416"),L30,0),3) | Q30: =ROUND(Q29+IF(AND(E30=12,F30<>"ASTM A416"),L30,0),3) | R30: =ROUND(R29+IF(AND(E30=14,F30<>"ASTM A416"),L30,0),3) | S30: =ROUND(S29+IF(AND(E30=16,F30<>"ASTM A416"),L30,0),3) | T30: =ROUND(T29+IF(AND(E30=18,F30<>"ASTM A416"),L30,0),3) | U30: =ROUND(U29+IF(AND(E30=20,F30<>"ASTM A416"),L30,0),3) | V30: =ROUND(V29+IF(AND(E30=22,F30<>"ASTM A416"),L30,0),3) | W30: =ROUND(W29+IF(AND(E30=25,F30<>"ASTM A416"),L30,0),3) | X30: =ROUND(X29+IF(AND(E30=28,F30<>"ASTM A416"),L30,0),3) | Y30: =ROUND(Y29+IF(AND(E30=32,F30<>"ASTM A416"),L30,0),3) | Z30: =ROUND(Z29+IF(F30="ASTM A416",L30,0),3) | AA30: =IF(ROUNDUP(P30/20,0)>ROUNDUP(P29/20,0),"Lần " & ROUNDUP(P30/20,0),"") | AB30: =IF(ROUNDUP(Q30/20,0)>ROUNDUP(Q29/20,0),"Lần " & ROUNDUP(Q30/20,0),"") | AC30: =IF(ROUNDUP(R30/20,0)>ROUNDUP(R29/20,0),"Lần " & ROUNDUP(R30/20,0),"") | AD30: =IF(ROUNDUP(S30/20,0)>ROUNDUP(S29/20,0),"Lần " & ROUNDUP(S30/20,0),"") | AE30: =IF(ROUNDUP(T30/20,0)>ROUNDUP(T29/20,0),"Lần " & ROUNDUP(T30/20,0),"") | AF30: =IF(ROUNDUP(U30/20,0)>ROUNDUP(U29/20,0),"Lần " & ROUNDUP(U30/20,0),"") | AG30: =IF(ROUNDUP(V30/20,0)>ROUNDUP(V29/20,0),"Lần " & ROUNDUP(V30/20,0),"") | AH30: =IF(ROUNDUP(W30/20,0)>ROUNDUP(W29/20,0),"Lần " & ROUNDUP(W30/20,0),"") | ... AK30: =IF(ROUNDUP(Z30/20,0)>ROUNDUP(Z29/20,0),"Lần " & ROUNDUP(Z30/20,0),"") | AN30: Coc | AO30: 5
A31: 27 | B31: Cọc khoan nhồi C8 Trụ T2 (D1.2m, L=30.0m) | C31: Cọc trụ T2 L=30m (tr.70) | D31: P9 | E31: 12 | F31: CB400-V | H31: 0.379 | I31: 36 | J31: 0.888 | K31: =ROUND(H31*I31*J31, 2) | L31: =ROUND(K31/1000, 3) | M31: =IF(AO31="","",IF(N(INDEX(Theo_Doi_Tan_Suat_Be_Tong!$C:$C,AO31))<=0,"",INDEX(Theo_Doi_Tan_Suat_Be_Tong!$C:$C,AO31)-VLOOKUP(AN31,$AQ$2:$AR$7,2,FALSE))) | O31: =IF(ROUNDUP(Q31/20,0)>ROUNDUP(Q30/20,0),"TN Ø12 (Lần " & ROUNDUP(Q31/20,0) & ")","") | P31: =ROUND(P30+IF(AND(E31<=10,F31<>"ASTM A416"),L31,0),3) | Q31: =ROUND(Q30+IF(AND(E31=12,F31<>"ASTM A416"),L31,0),3) | R31: =ROUND(R30+IF(AND(E31=14,F31<>"ASTM A416"),L31,0),3) | S31: =ROUND(S30+IF(AND(E31=16,F31<>"ASTM A416"),L31,0),3) | T31: =ROUND(T30+IF(AND(E31=18,F31<>"ASTM A416"),L31,0),3) | U31: =ROUND(U30+IF(AND(E31=20,F31<>"ASTM A416"),L31,0),3) | V31: =ROUND(V30+IF(AND(E31=22,F31<>"ASTM A416"),L31,0),3) | W31: =ROUND(W30+IF(AND(E31=25,F31<>"ASTM A416"),L31,0),3) | X31: =ROUND(X30+IF(AND(E31=28,F31<>"ASTM A416"),L31,0),3) | Y31: =ROUND(Y30+IF(AND(E31=32,F31<>"ASTM A416"),L31,0),3) | Z31: =ROUND(Z30+IF(F31="ASTM A416",L31,0),3) | AA31: =IF(ROUNDUP(P31/20,0)>ROUNDUP(P30/20,0),"Lần " & ROUNDUP(P31/20,0),"") | AB31: =IF(ROUNDUP(Q31/20,0)>ROUNDUP(Q30/20,0),"Lần " & ROUNDUP(Q31/20,0),"") | AC31: =IF(ROUNDUP(R31/20,0)>ROUNDUP(R30/20,0),"Lần " & ROUNDUP(R31/20,0),"") | AD31: =IF(ROUNDUP(S31/20,0)>ROUNDUP(S30/20,0),"Lần " & ROUNDUP(S31/20,0),"") | AE31: =IF(ROUNDUP(T31/20,0)>ROUNDUP(T30/20,0),"Lần " & ROUNDUP(T31/20,0),"") | AF31: =IF(ROUNDUP(U31/20,0)>ROUNDUP(U30/20,0),"Lần " & ROUNDUP(U31/20,0),"") | AG31: =IF(ROUNDUP(V31/20,0)>ROUNDUP(V30/20,0),"Lần " & ROUNDUP(V31/20,0),"") | AH31: =IF(ROUNDUP(W31/20,0)>ROUNDUP(W30/20,0),"Lần " & ROUNDUP(W31/20,0),"") | ... AK31: =IF(ROUNDUP(Z31/20,0)>ROUNDUP(Z30/20,0),"Lần " & ROUNDUP(Z31/20,0),"") | AN31: Coc | AO31: 5
A32: 28 | B32: Cọc khoan nhồi C8 Trụ T2 (D1.2m, L=30.0m) | C32: Cọc trụ T2 L=30m (tr.70) | D32: P10 | E32: 20 | F32: CB400-V | H32: 2.057 | I32: 1 | J32: 2.466 | K32: =ROUND(H32*I32*J32, 2) | L32: =ROUND(K32/1000, 3) | M32: =IF(AO32="","",IF(N(INDEX(Theo_Doi_Tan_Suat_Be_Tong!$C:$C,AO32))<=0,"",INDEX(Theo_Doi_Tan_Suat_Be_Tong!$C:$C,AO32)-VLOOKUP(AN32,$AQ$2:$AR$7,2,FALSE))) | O32: =IF(ROUNDUP(U32/20,0)>ROUNDUP(U31/20,0),"TN Ø20 (Lần " & ROUNDUP(U32/20,0) & ")","") | P32: =ROUND(P31+IF(AND(E32<=10,F32<>"ASTM A416"),L32,0),3) | Q32: =ROUND(Q31+IF(AND(E32=12,F32<>"ASTM A416"),L32,0),3) | R32: =ROUND(R31+IF(AND(E32=14,F32<>"ASTM A416"),L32,0),3) | S32: =ROUND(S31+IF(AND(E32=16,F32<>"ASTM A416"),L32,0),3) | T32: =ROUND(T31+IF(AND(E32=18,F32<>"ASTM A416"),L32,0),3) | U32: =ROUND(U31+IF(AND(E32=20,F32<>"ASTM A416"),L32,0),3) | V32: =ROUND(V31+IF(AND(E32=22,F32<>"ASTM A416"),L32,0),3) | W32: =ROUND(W31+IF(AND(E32=25,F32<>"ASTM A416"),L32,0),3) | X32: =ROUND(X31+IF(AND(E32=28,F32<>"ASTM A416"),L32,0),3) | Y32: =ROUND(Y31+IF(AND(E32=32,F32<>"ASTM A416"),L32,0),3) | Z32: =ROUND(Z31+IF(F32="ASTM A416",L32,0),3) | AA32: =IF(ROUNDUP(P32/20,0)>ROUNDUP(P31/20,0),"Lần " & ROUNDUP(P32/20,0),"") | AB32: =IF(ROUNDUP(Q32/20,0)>ROUNDUP(Q31/20,0),"Lần " & ROUNDUP(Q32/20,0),"") | AC32: =IF(ROUNDUP(R32/20,0)>ROUNDUP(R31/20,0),"Lần " & ROUNDUP(R32/20,0),"") | AD32: =IF(ROUNDUP(S32/20,0)>ROUNDUP(S31/20,0),"Lần " & ROUNDUP(S32/20,0),"") | AE32: =IF(ROUNDUP(T32/20,0)>ROUNDUP(T31/20,0),"Lần " & ROUNDUP(T32/20,0),"") | AF32: =IF(ROUNDUP(U32/20,0)>ROUNDUP(U31/20,0),"Lần " & ROUNDUP(U32/20,0),"") | AG32: =IF(ROUNDUP(V32/20,0)>ROUNDUP(V31/20,0),"Lần " & ROUNDUP(V32/20,0),"") | AH32: =IF(ROUNDUP(W32/20,0)>ROUNDUP(W31/20,0),"Lần " & ROUNDUP(W32/20,0),"") | ... AK32: =IF(ROUNDUP(Z32/20,0)>ROUNDUP(Z31/20,0),"Lần " & ROUNDUP(Z32/20,0),"") | AN32: Coc | AO32: 5
A33: 29 | B33: Cọc khoan nhồi C8 Trụ T2 (D1.2m, L=30.0m) | C33: Cọc trụ T2 L=30m (tr.70) | D33: P12 | E33: 20 | F33: CB400-V | H33: 0.583 | I33: 48 | J33: 2.466 | K33: =ROUND(H33*I33*J33, 2) | L33: =ROUND(K33/1000, 3) | M33: =IF(AO33="","",IF(N(INDEX(Theo_Doi_Tan_Suat_Be_Tong!$C:$C,AO33))<=0,"",INDEX(Theo_Doi_Tan_Suat_Be_Tong!$C:$C,AO33)-VLOOKUP(AN33,$AQ$2:$AR$7,2,FALSE))) | O33: =IF(ROUNDUP(U33/20,0)>ROUNDUP(U32/20,0),"TN Ø20 (Lần " & ROUNDUP(U33/20,0) & ")","") | P33: =ROUND(P32+IF(AND(E33<=10,F33<>"ASTM A416"),L33,0),3) | Q33: =ROUND(Q32+IF(AND(E33=12,F33<>"ASTM A416"),L33,0),3) | R33: =ROUND(R32+IF(AND(E33=14,F33<>"ASTM A416"),L33,0),3) | S33: =ROUND(S32+IF(AND(E33=16,F33<>"ASTM A416"),L33,0),3) | T33: =ROUND(T32+IF(AND(E33=18,F33<>"ASTM A416"),L33,0),3) | U33: =ROUND(U32+IF(AND(E33=20,F33<>"ASTM A416"),L33,0),3) | V33: =ROUND(V32+IF(AND(E33=22,F33<>"ASTM A416"),L33,0),3) | W33: =ROUND(W32+IF(AND(E33=25,F33<>"ASTM A416"),L33,0),3) | X33: =ROUND(X32+IF(AND(E33=28,F33<>"ASTM A416"),L33,0),3) | Y33: =ROUND(Y32+IF(AND(E33=32,F33<>"ASTM A416"),L33,0),3) | Z33: =ROUND(Z32+IF(F33="ASTM A416",L33,0),3) | AA33: =IF(ROUNDUP(P33/20,0)>ROUNDUP(P32/20,0),"Lần " & ROUNDUP(P33/20,0),"") | AB33: =IF(ROUNDUP(Q33/20,0)>ROUNDUP(Q32/20,0),"Lần " & ROUNDUP(Q33/20,0),"") | AC33: =IF(ROUNDUP(R33/20,0)>ROUNDUP(R32/20,0),"Lần " & ROUNDUP(R33/20,0),"") | AD33: =IF(ROUNDUP(S33/20,0)>ROUNDUP(S32/20,0),"Lần " & ROUNDUP(S33/20,0),"") | AE33: =IF(ROUNDUP(T33/20,0)>ROUNDUP(T32/20,0),"Lần " & ROUNDUP(T33/20,0),"") | AF33: =IF(ROUNDUP(U33/20,0)>ROUNDUP(U32/20,0),"Lần " & ROUNDUP(U33/20,0),"") | AG33: =IF(ROUNDUP(V33/20,0)>ROUNDUP(V32/20,0),"Lần " & ROUNDUP(V33/20,0),"") | AH33: =IF(ROUNDUP(W33/20,0)>ROUNDUP(W32/20,0),"Lần " & ROUNDUP(W33/20,0),"") | ... AK33: =IF(ROUNDUP(Z33/20,0)>ROUNDUP(Z32/20,0),"Lần " & ROUNDUP(Z33/20,0),"") | AN33: Coc | AO33: 5
A34: 30 | B34: Cọc khoan nhồi C8 Trụ T2 (D1.2m, L=30.0m) | C34: Cọc trụ T2 L=30m (tr.70) | D34: P11 | E34: 16 | F34: CB400-V | H34: 2.604 | I34: 4 | J34: 1.578 | K34: =ROUND(H34*I34*J34, 2) | L34: =ROUND(K34/1000, 3) | M34: =IF(AO34="","",IF(N(INDEX(Theo_Doi_Tan_Suat_Be_Tong!$C:$C,AO34))<=0,"",INDEX(Theo_Doi_Tan_Suat_Be_Tong!$C:$C,AO34)-VLOOKUP(AN34,$AQ$2:$AR$7,2,FALSE))) | O34: =IF(ROUNDUP(S34/20,0)>ROUNDUP(S33/20,0),"TN Ø16 (Lần " & ROUNDUP(S34/20,0) & ")","") | P34: =ROUND(P33+IF(AND(E34<=10,F34<>"ASTM A416"),L34,0),3) | Q34: =ROUND(Q33+IF(AND(E34=12,F34<>"ASTM A416"),L34,0),3) | R34: =ROUND(R33+IF(AND(E34=14,F34<>"ASTM A416"),L34,0),3) | S34: =ROUND(S33+IF(AND(E34=16,F34<>"ASTM A416"),L34,0),3) | T34: =ROUND(T33+IF(AND(E34=18,F34<>"ASTM A416"),L34,0),3) | U34: =ROUND(U33+IF(AND(E34=20,F34<>"ASTM A416"),L34,0),3) | V34: =ROUND(V33+IF(AND(E34=22,F34<>"ASTM A416"),L34,0),3) | W34: =ROUND(W33+IF(AND(E34=25,F34<>"ASTM A416"),L34,0),3) | X34: =ROUND(X33+IF(AND(E34=28,F34<>"ASTM A416"),L34,0),3) | Y34: =ROUND(Y33+IF(AND(E34=32,F34<>"ASTM A416"),L34,0),3) | Z34: =ROUND(Z33+IF(F34="ASTM A416",L34,0),3) | AA34: =IF(ROUNDUP(P34/20,0)>ROUNDUP(P33/20,0),"Lần " & ROUNDUP(P34/20,0),"") | AB34: =IF(ROUNDUP(Q34/20,0)>ROUNDUP(Q33/20,0),"Lần " & ROUNDUP(Q34/20,0),"") | AC34: =IF(ROUNDUP(R34/20,0)>ROUNDUP(R33/20,0),"Lần " & ROUNDUP(R34/20,0),"") | AD34: =IF(ROUNDUP(S34/20,0)>ROUNDUP(S33/20,0),"Lần " & ROUNDUP(S34/20,0),"") | AE34: =IF(ROUNDUP(T34/20,0)>ROUNDUP(T33/20,0),"Lần " & ROUNDUP(T34/20,0),"") | AF34: =IF(ROUNDUP(U34/20,0)>ROUNDUP(U33/20,0),"Lần " & ROUNDUP(U34/20,0),"") | AG34: =IF(ROUNDUP(V34/20,0)>ROUNDUP(V33/20,0),"Lần " & ROUNDUP(V34/20,0),"") | AH34: =IF(ROUNDUP(W34/20,0)>ROUNDUP(W33/20,0),"Lần " & ROUNDUP(W34/20,0),"") | ... AK34: =IF(ROUNDUP(Z34/20,0)>ROUNDUP(Z33/20,0),"Lần " & ROUNDUP(Z34/20,0),"") | AN34: Coc | AO34: 5
A35: --- CỌC KHOAN NHỒI C1 TRỤ T1 (D1.2M, L=40.0M) ---
A36: 31 | B36: Cọc khoan nhồi C1 Trụ T1 (D1.2m, L=40.0m) | C36: Cọc trụ T1 L=40m (tr.68) | D36: P1 | E36: 10 | F36: CB240-T | H36: 96.604 | I36: 1 | J36: 0.617 | K36: =ROUND(H36*I36*J36, 2) | L36: =ROUND(K36/1000, 3) | M36: =IF(AO36="","",IF(N(INDEX(Theo_Doi_Tan_Suat_Be_Tong!$C:$C,AO36))<=0,"",INDEX(Theo_Doi_Tan_Suat_Be_Tong!$C:$C,AO36)-VLOOKUP(AN36,$AQ$2:$AR$7,2,FALSE))) | O36: =IF(ROUNDUP(P36/20,0)>ROUNDUP(P34/20,0),"TN Ø10 (Lần " & ROUNDUP(P36/20,0) & ")","") | P36: =ROUND(P34+IF(AND(E36<=10,F36<>"ASTM A416"),L36,0),3) | Q36: =ROUND(Q34+IF(AND(E36=12,F36<>"ASTM A416"),L36,0),3) | R36: =ROUND(R34+IF(AND(E36=14,F36<>"ASTM A416"),L36,0),3) | S36: =ROUND(S34+IF(AND(E36=16,F36<>"ASTM A416"),L36,0),3) | T36: =ROUND(T34+IF(AND(E36=18,F36<>"ASTM A416"),L36,0),3) | U36: =ROUND(U34+IF(AND(E36=20,F36<>"ASTM A416"),L36,0),3) | V36: =ROUND(V34+IF(AND(E36=22,F36<>"ASTM A416"),L36,0),3) | W36: =ROUND(W34+IF(AND(E36=25,F36<>"ASTM A416"),L36,0),3) | X36: =ROUND(X34+IF(AND(E36=28,F36<>"ASTM A416"),L36,0),3) | Y36: =ROUND(Y34+IF(AND(E36=32,F36<>"ASTM A416"),L36,0),3) | Z36: =ROUND(Z34+IF(F36="ASTM A416",L36,0),3) | AA36: =IF(ROUNDUP(P36/20,0)>ROUNDUP(P34/20,0),"Lần " & ROUNDUP(P36/20,0),"") | AB36: =IF(ROUNDUP(Q36/20,0)>ROUNDUP(Q34/20,0),"Lần " & ROUNDUP(Q36/20,0),"") | AC36: =IF(ROUNDUP(R36/20,0)>ROUNDUP(R34/20,0),"Lần " & ROUNDUP(R36/20,0),"") | AD36: =IF(ROUNDUP(S36/20,0)>ROUNDUP(S34/20,0),"Lần " & ROUNDUP(S36/20,0),"") | AE36: =IF(ROUNDUP(T36/20,0)>ROUNDUP(T34/20,0),"Lần " & ROUNDUP(T36/20,0),"") | AF36: =IF(ROUNDUP(U36/20,0)>ROUNDUP(U34/20,0),"Lần " & ROUNDUP(U36/20,0),"") | AG36: =IF(ROUNDUP(V36/20,0)>ROUNDUP(V34/20,0),"Lần " & ROUNDUP(V36/20,0),"") | AH36: =IF(ROUNDUP(W36/20,0)>ROUNDUP(W34/20,0),"Lần " & ROUNDUP(W36/20,0),"") | ... AK36: =IF(ROUNDUP(Z36/20,0)>ROUNDUP(Z34/20,0),"Lần " & ROUNDUP(Z36/20,0),"") | AN36: Coc | AO36: 6
A37: 32 | B37: Cọc khoan nhồi C1 Trụ T1 (D1.2m, L=40.0m) | C37: Cọc trụ T1 L=40m (tr.68) | D37: P1A | E37: 10 | F37: CB240-T | H37: 389.636 | I37: 1 | J37: 0.617 | K37: =ROUND(H37*I37*J37, 2) | L37: =ROUND(K37/1000, 3) | M37: =IF(AO37="","",IF(N(INDEX(Theo_Doi_Tan_Suat_Be_Tong!$C:$C,AO37))<=0,"",INDEX(Theo_Doi_Tan_Suat_Be_Tong!$C:$C,AO37)-VLOOKUP(AN37,$AQ$2:$AR$7,2,FALSE))) | O37: =IF(ROUNDUP(P37/20,0)>ROUNDUP(P36/20,0),"TN Ø10 (Lần " & ROUNDUP(P37/20,0) & ")","") | P37: =ROUND(P36+IF(AND(E37<=10,F37<>"ASTM A416"),L37,0),3) | Q37: =ROUND(Q36+IF(AND(E37=12,F37<>"ASTM A416"),L37,0),3) | R37: =ROUND(R36+IF(AND(E37=14,F37<>"ASTM A416"),L37,0),3) | S37: =ROUND(S36+IF(AND(E37=16,F37<>"ASTM A416"),L37,0),3) | T37: =ROUND(T36+IF(AND(E37=18,F37<>"ASTM A416"),L37,0),3) | U37: =ROUND(U36+IF(AND(E37=20,F37<>"ASTM A416"),L37,0),3) | V37: =ROUND(V36+IF(AND(E37=22,F37<>"ASTM A416"),L37,0),3) | W37: =ROUND(W36+IF(AND(E37=25,F37<>"ASTM A416"),L37,0),3) | X37: =ROUND(X36+IF(AND(E37=28,F37<>"ASTM A416"),L37,0),3) | Y37: =ROUND(Y36+IF(AND(E37=32,F37<>"ASTM A416"),L37,0),3) | Z37: =ROUND(Z36+IF(F37="ASTM A416",L37,0),3) | AA37: =IF(ROUNDUP(P37/20,0)>ROUNDUP(P36/20,0),"Lần " & ROUNDUP(P37/20,0),"") | AB37: =IF(ROUNDUP(Q37/20,0)>ROUNDUP(Q36/20,0),"Lần " & ROUNDUP(Q37/20,0),"") | AC37: =IF(ROUNDUP(R37/20,0)>ROUNDUP(R36/20,0),"Lần " & ROUNDUP(R37/20,0),"") | AD37: =IF(ROUNDUP(S37/20,0)>ROUNDUP(S36/20,0),"Lần " & ROUNDUP(S37/20,0),"") | AE37: =IF(ROUNDUP(T37/20,0)>ROUNDUP(T36/20,0),"Lần " & ROUNDUP(T37/20,0),"") | AF37: =IF(ROUNDUP(U37/20,0)>ROUNDUP(U36/20,0),"Lần " & ROUNDUP(U37/20,0),"") | AG37: =IF(ROUNDUP(V37/20,0)>ROUNDUP(V36/20,0),"Lần " & ROUNDUP(V37/20,0),"") | AH37: =IF(ROUNDUP(W37/20,0)>ROUNDUP(W36/20,0),"Lần " & ROUNDUP(W37/20,0),"") | ... AK37: =IF(ROUNDUP(Z37/20,0)>ROUNDUP(Z36/20,0),"Lần " & ROUNDUP(Z37/20,0),"") | AN37: Coc | AO37: 6
A38: 33 | B38: Cọc khoan nhồi C1 Trụ T1 (D1.2m, L=40.0m) | C38: Cọc trụ T1 L=40m (tr.68) | D38: P1B | E38: 10 | F38: CB240-T | H38: 206.981 | I38: 1 | J38: 0.617 | K38: =ROUND(H38*I38*J38, 2) | L38: =ROUND(K38/1000, 3) | M38: =IF(AO38="","",IF(N(INDEX(Theo_Doi_Tan_Suat_Be_Tong!$C:$C,AO38))<=0,"",INDEX(Theo_Doi_Tan_Suat_Be_Tong!$C:$C,AO38)-VLOOKUP(AN38,$AQ$2:$AR$7,2,FALSE))) | O38: =IF(ROUNDUP(P38/20,0)>ROUNDUP(P37/20,0),"TN Ø10 (Lần " & ROUNDUP(P38/20,0) & ")","") | P38: =ROUND(P37+IF(AND(E38<=10,F38<>"ASTM A416"),L38,0),3) | Q38: =ROUND(Q37+IF(AND(E38=12,F38<>"ASTM A416"),L38,0),3) | R38: =ROUND(R37+IF(AND(E38=14,F38<>"ASTM A416"),L38,0),3) | S38: =ROUND(S37+IF(AND(E38=16,F38<>"ASTM A416"),L38,0),3) | T38: =ROUND(T37+IF(AND(E38=18,F38<>"ASTM A416"),L38,0),3) | U38: =ROUND(U37+IF(AND(E38=20,F38<>"ASTM A416"),L38,0),3) | V38: =ROUND(V37+IF(AND(E38=22,F38<>"ASTM A416"),L38,0),3) | W38: =ROUND(W37+IF(AND(E38=25,F38<>"ASTM A416"),L38,0),3) | X38: =ROUND(X37+IF(AND(E38=28,F38<>"ASTM A416"),L38,0),3) | Y38: =ROUND(Y37+IF(AND(E38=32,F38<>"ASTM A416"),L38,0),3) | Z38: =ROUND(Z37+IF(F38="ASTM A416",L38,0),3) | AA38: =IF(ROUNDUP(P38/20,0)>ROUNDUP(P37/20,0),"Lần " & ROUNDUP(P38/20,0),"") | AB38: =IF(ROUNDUP(Q38/20,0)>ROUNDUP(Q37/20,0),"Lần " & ROUNDUP(Q38/20,0),"") | AC38: =IF(ROUNDUP(R38/20,0)>ROUNDUP(R37/20,0),"Lần " & ROUNDUP(R38/20,0),"") | AD38: =IF(ROUNDUP(S38/20,0)>ROUNDUP(S37/20,0),"Lần " & ROUNDUP(S38/20,0),"") | AE38: =IF(ROUNDUP(T38/20,0)>ROUNDUP(T37/20,0),"Lần " & ROUNDUP(T38/20,0),"") | AF38: =IF(ROUNDUP(U38/20,0)>ROUNDUP(U37/20,0),"Lần " & ROUNDUP(U38/20,0),"") | AG38: =IF(ROUNDUP(V38/20,0)>ROUNDUP(V37/20,0),"Lần " & ROUNDUP(V38/20,0),"") | AH38: =IF(ROUNDUP(W38/20,0)>ROUNDUP(W37/20,0),"Lần " & ROUNDUP(W38/20,0),"") | ... AK38: =IF(ROUNDUP(Z38/20,0)>ROUNDUP(Z37/20,0),"Lần " & ROUNDUP(Z38/20,0),"") | AN38: Coc | AO38: 6
A39: 34 | B39: Cọc khoan nhồi C1 Trụ T1 (D1.2m, L=40.0m) | C39: Cọc trụ T1 L=40m (tr.68) | D39: P1C | E39: 10 | F39: CB240-T | H39: 3.592 | I39: 2 | J39: 0.617 | K39: =ROUND(H39*I39*J39, 2) | L39: =ROUND(K39/1000, 3) | M39: =IF(AO39="","",IF(N(INDEX(Theo_Doi_Tan_Suat_Be_Tong!$C:$C,AO39))<=0,"",INDEX(Theo_Doi_Tan_Suat_Be_Tong!$C:$C,AO39)-VLOOKUP(AN39,$AQ$2:$AR$7,2,FALSE))) | O39: =IF(ROUNDUP(P39/20,0)>ROUNDUP(P38/20,0),"TN Ø10 (Lần " & ROUNDUP(P39/20,0) & ")","") | P39: =ROUND(P38+IF(AND(E39<=10,F39<>"ASTM A416"),L39,0),3) | Q39: =ROUND(Q38+IF(AND(E39=12,F39<>"ASTM A416"),L39,0),3) | R39: =ROUND(R38+IF(AND(E39=14,F39<>"ASTM A416"),L39,0),3) | S39: =ROUND(S38+IF(AND(E39=16,F39<>"ASTM A416"),L39,0),3) | T39: =ROUND(T38+IF(AND(E39=18,F39<>"ASTM A416"),L39,0),3) | U39: =ROUND(U38+IF(AND(E39=20,F39<>"ASTM A416"),L39,0),3) | V39: =ROUND(V38+IF(AND(E39=22,F39<>"ASTM A416"),L39,0),3) | W39: =ROUND(W38+IF(AND(E39=25,F39<>"ASTM A416"),L39,0),3) | X39: =ROUND(X38+IF(AND(E39=28,F39<>"ASTM A416"),L39,0),3) | Y39: =ROUND(Y38+IF(AND(E39=32,F39<>"ASTM A416"),L39,0),3) | Z39: =ROUND(Z38+IF(F39="ASTM A416",L39,0),3) | AA39: =IF(ROUNDUP(P39/20,0)>ROUNDUP(P38/20,0),"Lần " & ROUNDUP(P39/20,0),"") | AB39: =IF(ROUNDUP(Q39/20,0)>ROUNDUP(Q38/20,0),"Lần " & ROUNDUP(Q39/20,0),"") | AC39: =IF(ROUNDUP(R39/20,0)>ROUNDUP(R38/20,0),"Lần " & ROUNDUP(R39/20,0),"") | AD39: =IF(ROUNDUP(S39/20,0)>ROUNDUP(S38/20,0),"Lần " & ROUNDUP(S39/20,0),"") | AE39: =IF(ROUNDUP(T39/20,0)>ROUNDUP(T38/20,0),"Lần " & ROUNDUP(T39/20,0),"") | AF39: =IF(ROUNDUP(U39/20,0)>ROUNDUP(U38/20,0),"Lần " & ROUNDUP(U39/20,0),"") | AG39: =IF(ROUNDUP(V39/20,0)>ROUNDUP(V38/20,0),"Lần " & ROUNDUP(V39/20,0),"") | AH39: =IF(ROUNDUP(W39/20,0)>ROUNDUP(W38/20,0),"Lần " & ROUNDUP(W39/20,0),"") | ... AK39: =IF(ROUNDUP(Z39/20,0)>ROUNDUP(Z38/20,0),"Lần " & ROUNDUP(Z39/20,0),"") | AN39: Coc | AO39: 6
A40: 35 | B40: Cọc khoan nhồi C1 Trụ T1 (D1.2m, L=40.0m) | C40: Cọc trụ T1 L=40m (tr.68) | D40: P1D | E40: 10 | F40: CB240-T | H40: 19.721 | I40: 1 | J40: 0.617 | K40: =ROUND(H40*I40*J40, 2) | L40: =ROUND(K40/1000, 3) | M40: =IF(AO40="","",IF(N(INDEX(Theo_Doi_Tan_Suat_Be_Tong!$C:$C,AO40))<=0,"",INDEX(Theo_Doi_Tan_Suat_Be_Tong!$C:$C,AO40)-VLOOKUP(AN40,$AQ$2:$AR$7,2,FALSE))) | O40: =IF(ROUNDUP(P40/20,0)>ROUNDUP(P39/20,0),"TN Ø10 (Lần " & ROUNDUP(P40/20,0) & ")","") | P40: =ROUND(P39+IF(AND(E40<=10,F40<>"ASTM A416"),L40,0),3) | Q40: =ROUND(Q39+IF(AND(E40=12,F40<>"ASTM A416"),L40,0),3) | R40: =ROUND(R39+IF(AND(E40=14,F40<>"ASTM A416"),L40,0),3) | S40: =ROUND(S39+IF(AND(E40=16,F40<>"ASTM A416"),L40,0),3) | T40: =ROUND(T39+IF(AND(E40=18,F40<>"ASTM A416"),L40,0),3) | U40: =ROUND(U39+IF(AND(E40=20,F40<>"ASTM A416"),L40,0),3) | V40: =ROUND(V39+IF(AND(E40=22,F40<>"ASTM A416"),L40,0),3) | W40: =ROUND(W39+IF(AND(E40=25,F40<>"ASTM A416"),L40,0),3) | X40: =ROUND(X39+IF(AND(E40=28,F40<>"ASTM A416"),L40,0),3) | Y40: =ROUND(Y39+IF(AND(E40=32,F40<>"ASTM A416"),L40,0),3) | Z40: =ROUND(Z39+IF(F40="ASTM A416",L40,0),3) | AA40: =IF(ROUNDUP(P40/20,0)>ROUNDUP(P39/20,0),"Lần " & ROUNDUP(P40/20,0),"") | AB40: =IF(ROUNDUP(Q40/20,0)>ROUNDUP(Q39/20,0),"Lần " & ROUNDUP(Q40/20,0),"") | AC40: =IF(ROUNDUP(R40/20,0)>ROUNDUP(R39/20,0),"Lần " & ROUNDUP(R40/20,0),"") | AD40: =IF(ROUNDUP(S40/20,0)>ROUNDUP(S39/20,0),"Lần " & ROUNDUP(S40/20,0),"") | AE40: =IF(ROUNDUP(T40/20,0)>ROUNDUP(T39/20,0),"Lần " & ROUNDUP(T40/20,0),"") | AF40: =IF(ROUNDUP(U40/20,0)>ROUNDUP(U39/20,0),"Lần " & ROUNDUP(U40/20,0),"") | AG40: =IF(ROUNDUP(V40/20,0)>ROUNDUP(V39/20,0),"Lần " & ROUNDUP(V40/20,0),"") | AH40: =IF(ROUNDUP(W40/20,0)>ROUNDUP(W39/20,0),"Lần " & ROUNDUP(W40/20,0),"") | ... AK40: =IF(ROUNDUP(Z40/20,0)>ROUNDUP(Z39/20,0),"Lần " & ROUNDUP(Z40/20,0),"") | AN40: Coc | AO40: 6
A41: 36 | B41: Cọc khoan nhồi C1 Trụ T1 (D1.2m, L=40.0m) | C41: Cọc trụ T1 L=40m (tr.68) | D41: P2B | E41: 25 | F41: CB400-V | H41: 2.985 | I41: 16 | J41: 3.853 | K41: =ROUND(H41*I41*J41, 2) | L41: =ROUND(K41/1000, 3) | M41: =IF(AO41="","",IF(N(INDEX(Theo_Doi_Tan_Suat_Be_Tong!$C:$C,AO41))<=0,"",INDEX(Theo_Doi_Tan_Suat_Be_Tong!$C:$C,AO41)-VLOOKUP(AN41,$AQ$2:$AR$7,2,FALSE))) | O41: =IF(ROUNDUP(W41/20,0)>ROUNDUP(W40/20,0),"TN Ø25 (Lần " & ROUNDUP(W41/20,0) & ")","") | P41: =ROUND(P40+IF(AND(E41<=10,F41<>"ASTM A416"),L41,0),3) | Q41: =ROUND(Q40+IF(AND(E41=12,F41<>"ASTM A416"),L41,0),3) | R41: =ROUND(R40+IF(AND(E41=14,F41<>"ASTM A416"),L41,0),3) | S41: =ROUND(S40+IF(AND(E41=16,F41<>"ASTM A416"),L41,0),3) | T41: =ROUND(T40+IF(AND(E41=18,F41<>"ASTM A416"),L41,0),3) | U41: =ROUND(U40+IF(AND(E41=20,F41<>"ASTM A416"),L41,0),3) | V41: =ROUND(V40+IF(AND(E41=22,F41<>"ASTM A416"),L41,0),3) | W41: =ROUND(W40+IF(AND(E41=25,F41<>"ASTM A416"),L41,0),3) | X41: =ROUND(X40+IF(AND(E41=28,F41<>"ASTM A416"),L41,0),3) | Y41: =ROUND(Y40+IF(AND(E41=32,F41<>"ASTM A416"),L41,0),3) | Z41: =ROUND(Z40+IF(F41="ASTM A416",L41,0),3) | AA41: =IF(ROUNDUP(P41/20,0)>ROUNDUP(P40/20,0),"Lần " & ROUNDUP(P41/20,0),"") | AB41: =IF(ROUNDUP(Q41/20,0)>ROUNDUP(Q40/20,0),"Lần " & ROUNDUP(Q41/20,0),"") | AC41: =IF(ROUNDUP(R41/20,0)>ROUNDUP(R40/20,0),"Lần " & ROUNDUP(R41/20,0),"") | AD41: =IF(ROUNDUP(S41/20,0)>ROUNDUP(S40/20,0),"Lần " & ROUNDUP(S41/20,0),"") | AE41: =IF(ROUNDUP(T41/20,0)>ROUNDUP(T40/20,0),"Lần " & ROUNDUP(T41/20,0),"") | AF41: =IF(ROUNDUP(U41/20,0)>ROUNDUP(U40/20,0),"Lần " & ROUNDUP(U41/20,0),"") | AG41: =IF(ROUNDUP(V41/20,0)>ROUNDUP(V40/20,0),"Lần " & ROUNDUP(V41/20,0),"") | AH41: =IF(ROUNDUP(W41/20,0)>ROUNDUP(W40/20,0),"Lần " & ROUNDUP(W41/20,0),"") | ... AK41: =IF(ROUNDUP(Z41/20,0)>ROUNDUP(Z40/20,0),"Lần " & ROUNDUP(Z41/20,0),"") | AN41: Coc | AO41: 6
A42: 37 | B42: Cọc khoan nhồi C1 Trụ T1 (D1.2m, L=40.0m) | C42: Cọc trụ T1 L=40m (tr.68) | D42: P3 | E42: 25 | F42: CB400-V | H42: 10.7 | I42: 12 | J42: 3.853 | K42: =ROUND(H42*I42*J42, 2) | L42: =ROUND(K42/1000, 3) | M42: =IF(AO42="","",IF(N(INDEX(Theo_Doi_Tan_Suat_Be_Tong!$C:$C,AO42))<=0,"",INDEX(Theo_Doi_Tan_Suat_Be_Tong!$C:$C,AO42)-VLOOKUP(AN42,$AQ$2:$AR$7,2,FALSE))) | O42: =IF(ROUNDUP(W42/20,0)>ROUNDUP(W41/20,0),"TN Ø25 (Lần " & ROUNDUP(W42/20,0) & ")","") | P42: =ROUND(P41+IF(AND(E42<=10,F42<>"ASTM A416"),L42,0),3) | Q42: =ROUND(Q41+IF(AND(E42=12,F42<>"ASTM A416"),L42,0),3) | R42: =ROUND(R41+IF(AND(E42=14,F42<>"ASTM A416"),L42,0),3) | S42: =ROUND(S41+IF(AND(E42=16,F42<>"ASTM A416"),L42,0),3) | T42: =ROUND(T41+IF(AND(E42=18,F42<>"ASTM A416"),L42,0),3) | U42: =ROUND(U41+IF(AND(E42=20,F42<>"ASTM A416"),L42,0),3) | V42: =ROUND(V41+IF(AND(E42=22,F42<>"ASTM A416"),L42,0),3) | W42: =ROUND(W41+IF(AND(E42=25,F42<>"ASTM A416"),L42,0),3) | X42: =ROUND(X41+IF(AND(E42=28,F42<>"ASTM A416"),L42,0),3) | Y42: =ROUND(Y41+IF(AND(E42=32,F42<>"ASTM A416"),L42,0),3) | Z42: =ROUND(Z41+IF(F42="ASTM A416",L42,0),3) | AA42: =IF(ROUNDUP(P42/20,0)>ROUNDUP(P41/20,0),"Lần " & ROUNDUP(P42/20,0),"") | AB42: =IF(ROUNDUP(Q42/20,0)>ROUNDUP(Q41/20,0),"Lần " & ROUNDUP(Q42/20,0),"") | AC42: =IF(ROUNDUP(R42/20,0)>ROUNDUP(R41/20,0),"Lần " & ROUNDUP(R42/20,0),"") | AD42: =IF(ROUNDUP(S42/20,0)>ROUNDUP(S41/20,0),"Lần " & ROUNDUP(S42/20,0),"") | AE42: =IF(ROUNDUP(T42/20,0)>ROUNDUP(T41/20,0),"Lần " & ROUNDUP(T42/20,0),"") | AF42: =IF(ROUNDUP(U42/20,0)>ROUNDUP(U41/20,0),"Lần " & ROUNDUP(U42/20,0),"") | AG42: =IF(ROUNDUP(V42/20,0)>ROUNDUP(V41/20,0),"Lần " & ROUNDUP(V42/20,0),"") | AH42: =IF(ROUNDUP(W42/20,0)>ROUNDUP(W41/20,0),"Lần " & ROUNDUP(W42/20,0),"") | ... AK42: =IF(ROUNDUP(Z42/20,0)>ROUNDUP(Z41/20,0),"Lần " & ROUNDUP(Z42/20,0),"") | AN42: Coc | AO42: 6
A43: 38 | B43: Cọc khoan nhồi C1 Trụ T1 (D1.2m, L=40.0m) | C43: Cọc trụ T1 L=40m (tr.68) | D43: P4 | E43: 25 | F43: CB400-V | H43: 11.7 | I43: 60 | J43: 3.853 | K43: =ROUND(H43*I43*J43, 2) | L43: =ROUND(K43/1000, 3) | M43: =IF(AO43="","",IF(N(INDEX(Theo_Doi_Tan_Suat_Be_Tong!$C:$C,AO43))<=0,"",INDEX(Theo_Doi_Tan_Suat_Be_Tong!$C:$C,AO43)-VLOOKUP(AN43,$AQ$2:$AR$7,2,FALSE))) | O43: =IF(ROUNDUP(W43/20,0)>ROUNDUP(W42/20,0),"TN Ø25 (Lần " & ROUNDUP(W43/20,0) & ")","") | P43: =ROUND(P42+IF(AND(E43<=10,F43<>"ASTM A416"),L43,0),3) | Q43: =ROUND(Q42+IF(AND(E43=12,F43<>"ASTM A416"),L43,0),3) | R43: =ROUND(R42+IF(AND(E43=14,F43<>"ASTM A416"),L43,0),3) | S43: =ROUND(S42+IF(AND(E43=16,F43<>"ASTM A416"),L43,0),3) | T43: =ROUND(T42+IF(AND(E43=18,F43<>"ASTM A416"),L43,0),3) | U43: =ROUND(U42+IF(AND(E43=20,F43<>"ASTM A416"),L43,0),3) | V43: =ROUND(V42+IF(AND(E43=22,F43<>"ASTM A416"),L43,0),3) | W43: =ROUND(W42+IF(AND(E43=25,F43<>"ASTM A416"),L43,0),3) | X43: =ROUND(X42+IF(AND(E43=28,F43<>"ASTM A416"),L43,0),3) | Y43: =ROUND(Y42+IF(AND(E43=32,F43<>"ASTM A416"),L43,0),3) | Z43: =ROUND(Z42+IF(F43="ASTM A416",L43,0),3) | AA43: =IF(ROUNDUP(P43/20,0)>ROUNDUP(P42/20,0),"Lần " & ROUNDUP(P43/20,0),"") | AB43: =IF(ROUNDUP(Q43/20,0)>ROUNDUP(Q42/20,0),"Lần " & ROUNDUP(Q43/20,0),"") | AC43: =IF(ROUNDUP(R43/20,0)>ROUNDUP(R42/20,0),"Lần " & ROUNDUP(R43/20,0),"") | AD43: =IF(ROUNDUP(S43/20,0)>ROUNDUP(S42/20,0),"Lần " & ROUNDUP(S43/20,0),"") | AE43: =IF(ROUNDUP(T43/20,0)>ROUNDUP(T42/20,0),"Lần " & ROUNDUP(T43/20,0),"") | AF43: =IF(ROUNDUP(U43/20,0)>ROUNDUP(U42/20,0),"Lần " & ROUNDUP(U43/20,0),"") | AG43: =IF(ROUNDUP(V43/20,0)>ROUNDUP(V42/20,0),"Lần " & ROUNDUP(V43/20,0),"") | AH43: =IF(ROUNDUP(W43/20,0)>ROUNDUP(W42/20,0),"Lần " & ROUNDUP(W43/20,0),"") | ... AK43: =IF(ROUNDUP(Z43/20,0)>ROUNDUP(Z42/20,0),"Lần " & ROUNDUP(Z43/20,0),"") | AN43: Coc | AO43: 6
A44: 39 | B44: Cọc khoan nhồi C1 Trụ T1 (D1.2m, L=40.0m) | C44: Cọc trụ T1 L=40m (tr.68) | D44: P6 | E44: 25 | F44: CB400-V | H44: 9.033 | I44: 12 | J44: 3.853 | K44: =ROUND(H44*I44*J44, 2) | L44: =ROUND(K44/1000, 3) | M44: =IF(AO44="","",IF(N(INDEX(Theo_Doi_Tan_Suat_Be_Tong!$C:$C,AO44))<=0,"",INDEX(Theo_Doi_Tan_Suat_Be_Tong!$C:$C,AO44)-VLOOKUP(AN44,$AQ$2:$AR$7,2,FALSE))) | O44: =IF(ROUNDUP(W44/20,0)>ROUNDUP(W43/20,0),"TN Ø25 (Lần " & ROUNDUP(W44/20,0) & ")","") | P44: =ROUND(P43+IF(AND(E44<=10,F44<>"ASTM A416"),L44,0),3) | Q44: =ROUND(Q43+IF(AND(E44=12,F44<>"ASTM A416"),L44,0),3) | R44: =ROUND(R43+IF(AND(E44=14,F44<>"ASTM A416"),L44,0),3) | S44: =ROUND(S43+IF(AND(E44=16,F44<>"ASTM A416"),L44,0),3) | T44: =ROUND(T43+IF(AND(E44=18,F44<>"ASTM A416"),L44,0),3) | U44: =ROUND(U43+IF(AND(E44=20,F44<>"ASTM A416"),L44,0),3) | V44: =ROUND(V43+IF(AND(E44=22,F44<>"ASTM A416"),L44,0),3) | W44: =ROUND(W43+IF(AND(E44=25,F44<>"ASTM A416"),L44,0),3) | X44: =ROUND(X43+IF(AND(E44=28,F44<>"ASTM A416"),L44,0),3) | Y44: =ROUND(Y43+IF(AND(E44=32,F44<>"ASTM A416"),L44,0),3) | Z44: =ROUND(Z43+IF(F44="ASTM A416",L44,0),3) | AA44: =IF(ROUNDUP(P44/20,0)>ROUNDUP(P43/20,0),"Lần " & ROUNDUP(P44/20,0),"") | AB44: =IF(ROUNDUP(Q44/20,0)>ROUNDUP(Q43/20,0),"Lần " & ROUNDUP(Q44/20,0),"") | AC44: =IF(ROUNDUP(R44/20,0)>ROUNDUP(R43/20,0),"Lần " & ROUNDUP(R44/20,0),"") | AD44: =IF(ROUNDUP(S44/20,0)>ROUNDUP(S43/20,0),"Lần " & ROUNDUP(S44/20,0),"") | AE44: =IF(ROUNDUP(T44/20,0)>ROUNDUP(T43/20,0),"Lần " & ROUNDUP(T44/20,0),"") | AF44: =IF(ROUNDUP(U44/20,0)>ROUNDUP(U43/20,0),"Lần " & ROUNDUP(U44/20,0),"") | AG44: =IF(ROUNDUP(V44/20,0)>ROUNDUP(V43/20,0),"Lần " & ROUNDUP(V44/20,0),"") | AH44: =IF(ROUNDUP(W44/20,0)>ROUNDUP(W43/20,0),"Lần " & ROUNDUP(W44/20,0),"") | ... AK44: =IF(ROUNDUP(Z44/20,0)>ROUNDUP(Z43/20,0),"Lần " & ROUNDUP(Z44/20,0),"") | AN44: Coc | AO44: 6
A45: 40 | B45: Cọc khoan nhồi C1 Trụ T1 (D1.2m, L=40.0m) | C45: Cọc trụ T1 L=40m (tr.68) | D45: P7 | E45: 25 | F45: CB400-V | H45: 10.033 | I45: 12 | J45: 3.853 | K45: =ROUND(H45*I45*J45, 2) | L45: =ROUND(K45/1000, 3) | M45: =IF(AO45="","",IF(N(INDEX(Theo_Doi_Tan_Suat_Be_Tong!$C:$C,AO45))<=0,"",INDEX(Theo_Doi_Tan_Suat_Be_Tong!$C:$C,AO45)-VLOOKUP(AN45,$AQ$2:$AR$7,2,FALSE))) | O45: =IF(ROUNDUP(W45/20,0)>ROUNDUP(W44/20,0),"TN Ø25 (Lần " & ROUNDUP(W45/20,0) & ")","") | P45: =ROUND(P44+IF(AND(E45<=10,F45<>"ASTM A416"),L45,0),3) | Q45: =ROUND(Q44+IF(AND(E45=12,F45<>"ASTM A416"),L45,0),3) | R45: =ROUND(R44+IF(AND(E45=14,F45<>"ASTM A416"),L45,0),3) | S45: =ROUND(S44+IF(AND(E45=16,F45<>"ASTM A416"),L45,0),3) | T45: =ROUND(T44+IF(AND(E45=18,F45<>"ASTM A416"),L45,0),3) | U45: =ROUND(U44+IF(AND(E45=20,F45<>"ASTM A416"),L45,0),3) | V45: =ROUND(V44+IF(AND(E45=22,F45<>"ASTM A416"),L45,0),3) | W45: =ROUND(W44+IF(AND(E45=25,F45<>"ASTM A416"),L45,0),3) | X45: =ROUND(X44+IF(AND(E45=28,F45<>"ASTM A416"),L45,0),3) | Y45: =ROUND(Y44+IF(AND(E45=32,F45<>"ASTM A416"),L45,0),3) | Z45: =ROUND(Z44+IF(F45="ASTM A416",L45,0),3) | AA45: =IF(ROUNDUP(P45/20,0)>ROUNDUP(P44/20,0),"Lần " & ROUNDUP(P45/20,0),"") | AB45: =IF(ROUNDUP(Q45/20,0)>ROUNDUP(Q44/20,0),"Lần " & ROUNDUP(Q45/20,0),"") | AC45: =IF(ROUNDUP(R45/20,0)>ROUNDUP(R44/20,0),"Lần " & ROUNDUP(R45/20,0),"") | AD45: =IF(ROUNDUP(S45/20,0)>ROUNDUP(S44/20,0),"Lần " & ROUNDUP(S45/20,0),"") | AE45: =IF(ROUNDUP(T45/20,0)>ROUNDUP(T44/20,0),"Lần " & ROUNDUP(T45/20,0),"") | AF45: =IF(ROUNDUP(U45/20,0)>ROUNDUP(U44/20,0),"Lần " & ROUNDUP(U45/20,0),"") | AG45: =IF(ROUNDUP(V45/20,0)>ROUNDUP(V44/20,0),"Lần " & ROUNDUP(V45/20,0),"") | AH45: =IF(ROUNDUP(W45/20,0)>ROUNDUP(W44/20,0),"Lần " & ROUNDUP(W45/20,0),"") | ... AK45: =IF(ROUNDUP(Z45/20,0)>ROUNDUP(Z44/20,0),"Lần " & ROUNDUP(Z45/20,0),"") | AN45: Coc | AO45: 6
A46: 41 | B46: Cọc khoan nhồi C1 Trụ T1 (D1.2m, L=40.0m) | C46: Cọc trụ T1 L=40m (tr.68) | D46: P8 | E46: 12 | F46: CB400-V | H46: 0.647 | I46: 16 | J46: 0.888 | K46: =ROUND(H46*I46*J46, 2) | L46: =ROUND(K46/1000, 3) | M46: =IF(AO46="","",IF(N(INDEX(Theo_Doi_Tan_Suat_Be_Tong!$C:$C,AO46))<=0,"",INDEX(Theo_Doi_Tan_Suat_Be_Tong!$C:$C,AO46)-VLOOKUP(AN46,$AQ$2:$AR$7,2,FALSE))) | O46: =IF(ROUNDUP(Q46/20,0)>ROUNDUP(Q45/20,0),"TN Ø12 (Lần " & ROUNDUP(Q46/20,0) & ")","") | P46: =ROUND(P45+IF(AND(E46<=10,F46<>"ASTM A416"),L46,0),3) | Q46: =ROUND(Q45+IF(AND(E46=12,F46<>"ASTM A416"),L46,0),3) | R46: =ROUND(R45+IF(AND(E46=14,F46<>"ASTM A416"),L46,0),3) | S46: =ROUND(S45+IF(AND(E46=16,F46<>"ASTM A416"),L46,0),3) | T46: =ROUND(T45+IF(AND(E46=18,F46<>"ASTM A416"),L46,0),3) | U46: =ROUND(U45+IF(AND(E46=20,F46<>"ASTM A416"),L46,0),3) | V46: =ROUND(V45+IF(AND(E46=22,F46<>"ASTM A416"),L46,0),3) | W46: =ROUND(W45+IF(AND(E46=25,F46<>"ASTM A416"),L46,0),3) | X46: =ROUND(X45+IF(AND(E46=28,F46<>"ASTM A416"),L46,0),3) | Y46: =ROUND(Y45+IF(AND(E46=32,F46<>"ASTM A416"),L46,0),3) | Z46: =ROUND(Z45+IF(F46="ASTM A416",L46,0),3) | AA46: =IF(ROUNDUP(P46/20,0)>ROUNDUP(P45/20,0),"Lần " & ROUNDUP(P46/20,0),"") | AB46: =IF(ROUNDUP(Q46/20,0)>ROUNDUP(Q45/20,0),"Lần " & ROUNDUP(Q46/20,0),"") | AC46: =IF(ROUNDUP(R46/20,0)>ROUNDUP(R45/20,0),"Lần " & ROUNDUP(R46/20,0),"") | AD46: =IF(ROUNDUP(S46/20,0)>ROUNDUP(S45/20,0),"Lần " & ROUNDUP(S46/20,0),"") | AE46: =IF(ROUNDUP(T46/20,0)>ROUNDUP(T45/20,0),"Lần " & ROUNDUP(T46/20,0),"") | AF46: =IF(ROUNDUP(U46/20,0)>ROUNDUP(U45/20,0),"Lần " & ROUNDUP(U46/20,0),"") | AG46: =IF(ROUNDUP(V46/20,0)>ROUNDUP(V45/20,0),"Lần " & ROUNDUP(V46/20,0),"") | AH46: =IF(ROUNDUP(W46/20,0)>ROUNDUP(W45/20,0),"Lần " & ROUNDUP(W46/20,0),"") | ... AK46: =IF(ROUNDUP(Z46/20,0)>ROUNDUP(Z45/20,0),"Lần " & ROUNDUP(Z46/20,0),"") | AN46: Coc | AO46: 6
A47: 42 | B47: Cọc khoan nhồi C1 Trụ T1 (D1.2m, L=40.0m) | C47: Cọc trụ T1 L=40m (tr.68) | D47: P9 | E47: 12 | F47: CB400-V | H47: 0.379 | I47: 48 | J47: 0.888 | K47: =ROUND(H47*I47*J47, 2) | L47: =ROUND(K47/1000, 3) | M47: =IF(AO47="","",IF(N(INDEX(Theo_Doi_Tan_Suat_Be_Tong!$C:$C,AO47))<=0,"",INDEX(Theo_Doi_Tan_Suat_Be_Tong!$C:$C,AO47)-VLOOKUP(AN47,$AQ$2:$AR$7,2,FALSE))) | O47: =IF(ROUNDUP(Q47/20,0)>ROUNDUP(Q46/20,0),"TN Ø12 (Lần " & ROUNDUP(Q47/20,0) & ")","") | P47: =ROUND(P46+IF(AND(E47<=10,F47<>"ASTM A416"),L47,0),3) | Q47: =ROUND(Q46+IF(AND(E47=12,F47<>"ASTM A416"),L47,0),3) | R47: =ROUND(R46+IF(AND(E47=14,F47<>"ASTM A416"),L47,0),3) | S47: =ROUND(S46+IF(AND(E47=16,F47<>"ASTM A416"),L47,0),3) | T47: =ROUND(T46+IF(AND(E47=18,F47<>"ASTM A416"),L47,0),3) | U47: =ROUND(U46+IF(AND(E47=20,F47<>"ASTM A416"),L47,0),3) | V47: =ROUND(V46+IF(AND(E47=22,F47<>"ASTM A416"),L47,0),3) | W47: =ROUND(W46+IF(AND(E47=25,F47<>"ASTM A416"),L47,0),3) | X47: =ROUND(X46+IF(AND(E47=28,F47<>"ASTM A416"),L47,0),3) | Y47: =ROUND(Y46+IF(AND(E47=32,F47<>"ASTM A416"),L47,0),3) | Z47: =ROUND(Z46+IF(F47="ASTM A416",L47,0),3) | AA47: =IF(ROUNDUP(P47/20,0)>ROUNDUP(P46/20,0),"Lần " & ROUNDUP(P47/20,0),"") | AB47: =IF(ROUNDUP(Q47/20,0)>ROUNDUP(Q46/20,0),"Lần " & ROUNDUP(Q47/20,0),"") | AC47: =IF(ROUNDUP(R47/20,0)>ROUNDUP(R46/20,0),"Lần " & ROUNDUP(R47/20,0),"") | AD47: =IF(ROUNDUP(S47/20,0)>ROUNDUP(S46/20,0),"Lần " & ROUNDUP(S47/20,0),"") | AE47: =IF(ROUNDUP(T47/20,0)>ROUNDUP(T46/20,0),"Lần " & ROUNDUP(T47/20,0),"") | AF47: =IF(ROUNDUP(U47/20,0)>ROUNDUP(U46/20,0),"Lần " & ROUNDUP(U47/20,0),"") | AG47: =IF(ROUNDUP(V47/20,0)>ROUNDUP(V46/20,0),"Lần " & ROUNDUP(V47/20,0),"") | AH47: =IF(ROUNDUP(W47/20,0)>ROUNDUP(W46/20,0),"Lần " & ROUNDUP(W47/20,0),"") | ... AK47: =IF(ROUNDUP(Z47/20,0)>ROUNDUP(Z46/20,0),"Lần " & ROUNDUP(Z47/20,0),"") | AN47: Coc | AO47: 6
A48: 43 | B48: Cọc khoan nhồi C1 Trụ T1 (D1.2m, L=40.0m) | C48: Cọc trụ T1 L=40m (tr.68) | D48: P10 | E48: 20 | F48: CB400-V | H48: 2.057 | I48: 1 | J48: 2.466 | K48: =ROUND(H48*I48*J48, 2) | L48: =ROUND(K48/1000, 3) | M48: =IF(AO48="","",IF(N(INDEX(Theo_Doi_Tan_Suat_Be_Tong!$C:$C,AO48))<=0,"",INDEX(Theo_Doi_Tan_Suat_Be_Tong!$C:$C,AO48)-VLOOKUP(AN48,$AQ$2:$AR$7,2,FALSE))) | O48: =IF(ROUNDUP(U48/20,0)>ROUNDUP(U47/20,0),"TN Ø20 (Lần " & ROUNDUP(U48/20,0) & ")","") | P48: =ROUND(P47+IF(AND(E48<=10,F48<>"ASTM A416"),L48,0),3) | Q48: =ROUND(Q47+IF(AND(E48=12,F48<>"ASTM A416"),L48,0),3) | R48: =ROUND(R47+IF(AND(E48=14,F48<>"ASTM A416"),L48,0),3) | S48: =ROUND(S47+IF(AND(E48=16,F48<>"ASTM A416"),L48,0),3) | T48: =ROUND(T47+IF(AND(E48=18,F48<>"ASTM A416"),L48,0),3) | U48: =ROUND(U47+IF(AND(E48=20,F48<>"ASTM A416"),L48,0),3) | V48: =ROUND(V47+IF(AND(E48=22,F48<>"ASTM A416"),L48,0),3) | W48: =ROUND(W47+IF(AND(E48=25,F48<>"ASTM A416"),L48,0),3) | X48: =ROUND(X47+IF(AND(E48=28,F48<>"ASTM A416"),L48,0),3) | Y48: =ROUND(Y47+IF(AND(E48=32,F48<>"ASTM A416"),L48,0),3) | Z48: =ROUND(Z47+IF(F48="ASTM A416",L48,0),3) | AA48: =IF(ROUNDUP(P48/20,0)>ROUNDUP(P47/20,0),"Lần " & ROUNDUP(P48/20,0),"") | AB48: =IF(ROUNDUP(Q48/20,0)>ROUNDUP(Q47/20,0),"Lần " & ROUNDUP(Q48/20,0),"") | AC48: =IF(ROUNDUP(R48/20,0)>ROUNDUP(R47/20,0),"Lần " & ROUNDUP(R48/20,0),"") | AD48: =IF(ROUNDUP(S48/20,0)>ROUNDUP(S47/20,0),"Lần " & ROUNDUP(S48/20,0),"") | AE48: =IF(ROUNDUP(T48/20,0)>ROUNDUP(T47/20,0),"Lần " & ROUNDUP(T48/20,0),"") | AF48: =IF(ROUNDUP(U48/20,0)>ROUNDUP(U47/20,0),"Lần " & ROUNDUP(U48/20,0),"") | AG48: =IF(ROUNDUP(V48/20,0)>ROUNDUP(V47/20,0),"Lần " & ROUNDUP(V48/20,0),"") | AH48: =IF(ROUNDUP(W48/20,0)>ROUNDUP(W47/20,0),"Lần " & ROUNDUP(W48/20,0),"") | ... AK48: =IF(ROUNDUP(Z48/20,0)>ROUNDUP(Z47/20,0),"Lần " & ROUNDUP(Z48/20,0),"") | AN48: Coc | AO48: 6
A49: 44 | B49: Cọc khoan nhồi C1 Trụ T1 (D1.2m, L=40.0m) | C49: Cọc trụ T1 L=40m (tr.68) | D49: P12 | E49: 20 | F49: CB400-V | H49: 0.583 | I49: 64 | J49: 2.466 | K49: =ROUND(H49*I49*J49, 2) | L49: =ROUND(K49/1000, 3) | M49: =IF(AO49="","",IF(N(INDEX(Theo_Doi_Tan_Suat_Be_Tong!$C:$C,AO49))<=0,"",INDEX(Theo_Doi_Tan_Suat_Be_Tong!$C:$C,AO49)-VLOOKUP(AN49,$AQ$2:$AR$7,2,FALSE))) | O49: =IF(ROUNDUP(U49/20,0)>ROUNDUP(U48/20,0),"TN Ø20 (Lần " & ROUNDUP(U49/20,0) & ")","") | P49: =ROUND(P48+IF(AND(E49<=10,F49<>"ASTM A416"),L49,0),3) | Q49: =ROUND(Q48+IF(AND(E49=12,F49<>"ASTM A416"),L49,0),3) | R49: =ROUND(R48+IF(AND(E49=14,F49<>"ASTM A416"),L49,0),3) | S49: =ROUND(S48+IF(AND(E49=16,F49<>"ASTM A416"),L49,0),3) | T49: =ROUND(T48+IF(AND(E49=18,F49<>"ASTM A416"),L49,0),3) | U49: =ROUND(U48+IF(AND(E49=20,F49<>"ASTM A416"),L49,0),3) | V49: =ROUND(V48+IF(AND(E49=22,F49<>"ASTM A416"),L49,0),3) | W49: =ROUND(W48+IF(AND(E49=25,F49<>"ASTM A416"),L49,0),3) | X49: =ROUND(X48+IF(AND(E49=28,F49<>"ASTM A416"),L49,0),3) | Y49: =ROUND(Y48+IF(AND(E49=32,F49<>"ASTM A416"),L49,0),3) | Z49: =ROUND(Z48+IF(F49="ASTM A416",L49,0),3) | AA49: =IF(ROUNDUP(P49/20,0)>ROUNDUP(P48/20,0),"Lần " & ROUNDUP(P49/20,0),"") | AB49: =IF(ROUNDUP(Q49/20,0)>ROUNDUP(Q48/20,0),"Lần " & ROUNDUP(Q49/20,0),"") | AC49: =IF(ROUNDUP(R49/20,0)>ROUNDUP(R48/20,0),"Lần " & ROUNDUP(R49/20,0),"") | AD49: =IF(ROUNDUP(S49/20,0)>ROUNDUP(S48/20,0),"Lần " & ROUNDUP(S49/20,0),"") | AE49: =IF(ROUNDUP(T49/20,0)>ROUNDUP(T48/20,0),"Lần " & ROUNDUP(T49/20,0),"") | AF49: =IF(ROUNDUP(U49/20,0)>ROUNDUP(U48/20,0),"Lần " & ROUNDUP(U49/20,0),"") | AG49: =IF(ROUNDUP(V49/20,0)>ROUNDUP(V48/20,0),"Lần " & ROUNDUP(V49/20,0),"") | AH49: =IF(ROUNDUP(W49/20,0)>ROUNDUP(W48/20,0),"Lần " & ROUNDUP(W49/20,0),"") | ... AK49: =IF(ROUNDUP(Z49/20,0)>ROUNDUP(Z48/20,0),"Lần " & ROUNDUP(Z49/20,0),"") | AN49: Coc | AO49: 6
A50: 45 | B50: Cọc khoan nhồi C1 Trụ T1 (D1.2m, L=40.0m) | C50: Cọc trụ T1 L=40m (tr.68) | D50: P11 | E50: 16 | F50: CB400-V | H50: 2.604 | I50: 4 | J50: 1.578 | K50: =ROUND(H50*I50*J50, 2) | L50: =ROUND(K50/1000, 3) | M50: =IF(AO50="","",IF(N(INDEX(Theo_Doi_Tan_Suat_Be_Tong!$C:$C,AO50))<=0,"",INDEX(Theo_Doi_Tan_Suat_Be_Tong!$C:$C,AO50)-VLOOKUP(AN50,$AQ$2:$AR$7,2,FALSE))) | O50: =IF(ROUNDUP(S50/20,0)>ROUNDUP(S49/20,0),"TN Ø16 (Lần " & ROUNDUP(S50/20,0) & ")","") | P50: =ROUND(P49+IF(AND(E50<=10,F50<>"ASTM A416"),L50,0),3) | Q50: =ROUND(Q49+IF(AND(E50=12,F50<>"ASTM A416"),L50,0),3) | R50: =ROUND(R49+IF(AND(E50=14,F50<>"ASTM A416"),L50,0),3) | S50: =ROUND(S49+IF(AND(E50=16,F50<>"ASTM A416"),L50,0),3) | T50: =ROUND(T49+IF(AND(E50=18,F50<>"ASTM A416"),L50,0),3) | U50: =ROUND(U49+IF(AND(E50=20,F50<>"ASTM A416"),L50,0),3) | V50: =ROUND(V49+IF(AND(E50=22,F50<>"ASTM A416"),L50,0),3) | W50: =ROUND(W49+IF(AND(E50=25,F50<>"ASTM A416"),L50,0),3) | X50: =ROUND(X49+IF(AND(E50=28,F50<>"ASTM A416"),L50,0),3) | Y50: =ROUND(Y49+IF(AND(E50=32,F50<>"ASTM A416"),L50,0),3) | Z50: =ROUND(Z49+IF(F50="ASTM A416",L50,0),3) | AA50: =IF(ROUNDUP(P50/20,0)>ROUNDUP(P49/20,0),"Lần " & ROUNDUP(P50/20,0),"") | AB50: =IF(ROUNDUP(Q50/20,0)>ROUNDUP(Q49/20,0),"Lần " & ROUNDUP(Q50/20,0),"") | AC50: =IF(ROUNDUP(R50/20,0)>ROUNDUP(R49/20,0),"Lần " & ROUNDUP(R50/20,0),"") | AD50: =IF(ROUNDUP(S50/20,0)>ROUNDUP(S49/20,0),"Lần " & ROUNDUP(S50/20,0),"") | AE50: =IF(ROUNDUP(T50/20,0)>ROUNDUP(T49/20,0),"Lần " & ROUNDUP(T50/20,0),"") | AF50: =IF(ROUNDUP(U50/20,0)>ROUNDUP(U49/20,0),"Lần " & ROUNDUP(U50/20,0),"") | AG50: =IF(ROUNDUP(V50/20,0)>ROUNDUP(V49/20,0),"Lần " & ROUNDUP(V50/20,0),"") | AH50: =IF(ROUNDUP(W50/20,0)>ROUNDUP(W49/20,0),"Lần " & ROUNDUP(W50/20,0),"") | ... AK50: =IF(ROUNDUP(Z50/20,0)>ROUNDUP(Z49/20,0),"Lần " & ROUNDUP(Z50/20,0),"") | AN50: Coc | AO50: 6
A51: --- CỌC KHOAN NHỒI C7 TRỤ T2 (D1.2M, L=30.0M) ---
A52: 46 | B52: Cọc khoan nhồi C7 Trụ T2 (D1.2m, L=30.0m) | C52: Cọc trụ T2 L=30m (tr.70) | D52: P1 | E52: 10 | F52: CB240-T | H52: 96.604 | I52: 1 | J52: 0.617 | K52: =ROUND(H52*I52*J52, 2) | L52: =ROUND(K52/1000, 3) | M52: =IF(AO52="","",IF(N(INDEX(Theo_Doi_Tan_Suat_Be_Tong!$C:$C,AO52))<=0,"",INDEX(Theo_Doi_Tan_Suat_Be_Tong!$C:$C,AO52)-VLOOKUP(AN52,$AQ$2:$AR$7,2,FALSE))) | O52: =IF(ROUNDUP(P52/20,0)>ROUNDUP(P50/20,0),"TN Ø10 (Lần " & ROUNDUP(P52/20,0) & ")","") | P52: =ROUND(P50+IF(AND(E52<=10,F52<>"ASTM A416"),L52,0),3) | Q52: =ROUND(Q50+IF(AND(E52=12,F52<>"ASTM A416"),L52,0),3) | R52: =ROUND(R50+IF(AND(E52=14,F52<>"ASTM A416"),L52,0),3) | S52: =ROUND(S50+IF(AND(E52=16,F52<>"ASTM A416"),L52,0),3) | T52: =ROUND(T50+IF(AND(E52=18,F52<>"ASTM A416"),L52,0),3) | U52: =ROUND(U50+IF(AND(E52=20,F52<>"ASTM A416"),L52,0),3) | V52: =ROUND(V50+IF(AND(E52=22,F52<>"ASTM A416"),L52,0),3) | W52: =ROUND(W50+IF(AND(E52=25,F52<>"ASTM A416"),L52,0),3) | X52: =ROUND(X50+IF(AND(E52=28,F52<>"ASTM A416"),L52,0),3) | Y52: =ROUND(Y50+IF(AND(E52=32,F52<>"ASTM A416"),L52,0),3) | Z52: =ROUND(Z50+IF(F52="ASTM A416",L52,0),3) | AA52: =IF(ROUNDUP(P52/20,0)>ROUNDUP(P50/20,0),"Lần " & ROUNDUP(P52/20,0),"") | AB52: =IF(ROUNDUP(Q52/20,0)>ROUNDUP(Q50/20,0),"Lần " & ROUNDUP(Q52/20,0),"") | AC52: =IF(ROUNDUP(R52/20,0)>ROUNDUP(R50/20,0),"Lần " & ROUNDUP(R52/20,0),"") | AD52: =IF(ROUNDUP(S52/20,0)>ROUNDUP(S50/20,0),"Lần " & ROUNDUP(S52/20,0),"") | AE52: =IF(ROUNDUP(T52/20,0)>ROUNDUP(T50/20,0),"Lần " & ROUNDUP(T52/20,0),"") | AF52: =IF(ROUNDUP(U52/20,0)>ROUNDUP(U50/20,0),"Lần " & ROUNDUP(U52/20,0),"") | AG52: =IF(ROUNDUP(V52/20,0)>ROUNDUP(V50/20,0),"Lần " & ROUNDUP(V52/20,0),"") | AH52: =IF(ROUNDUP(W52/20,0)>ROUNDUP(W50/20,0),"Lần " & ROUNDUP(W52/20,0),"") | ... AK52: =IF(ROUNDUP(Z52/20,0)>ROUNDUP(Z50/20,0),"Lần " & ROUNDUP(Z52/20,0),"") | AN52: Coc | AO52: 7
A53: 47 | B53: Cọc khoan nhồi C7 Trụ T2 (D1.2m, L=30.0m) | C53: Cọc trụ T2 L=30m (tr.70) | D53: P1A | E53: 10 | F53: CB240-T | H53: 389.636 | I53: 1 | J53: 0.617 | K53: =ROUND(H53*I53*J53, 2) | L53: =ROUND(K53/1000, 3) | M53: =IF(AO53="","",IF(N(INDEX(Theo_Doi_Tan_Suat_Be_Tong!$C:$C,AO53))<=0,"",INDEX(Theo_Doi_Tan_Suat_Be_Tong!$C:$C,AO53)-VLOOKUP(AN53,$AQ$2:$AR$7,2,FALSE))) | O53: =IF(ROUNDUP(P53/20,0)>ROUNDUP(P52/20,0),"TN Ø10 (Lần " & ROUNDUP(P53/20,0) & ")","") | P53: =ROUND(P52+IF(AND(E53<=10,F53<>"ASTM A416"),L53,0),3) | Q53: =ROUND(Q52+IF(AND(E53=12,F53<>"ASTM A416"),L53,0),3) | R53: =ROUND(R52+IF(AND(E53=14,F53<>"ASTM A416"),L53,0),3) | S53: =ROUND(S52+IF(AND(E53=16,F53<>"ASTM A416"),L53,0),3) | T53: =ROUND(T52+IF(AND(E53=18,F53<>"ASTM A416"),L53,0),3) | U53: =ROUND(U52+IF(AND(E53=20,F53<>"ASTM A416"),L53,0),3) | V53: =ROUND(V52+IF(AND(E53=22,F53<>"ASTM A416"),L53,0),3) | W53: =ROUND(W52+IF(AND(E53=25,F53<>"ASTM A416"),L53,0),3) | X53: =ROUND(X52+IF(AND(E53=28,F53<>"ASTM A416"),L53,0),3) | Y53: =ROUND(Y52+IF(AND(E53=32,F53<>"ASTM A416"),L53,0),3) | Z53: =ROUND(Z52+IF(F53="ASTM A416",L53,0),3) | AA53: =IF(ROUNDUP(P53/20,0)>ROUNDUP(P52/20,0),"Lần " & ROUNDUP(P53/20,0),"") | AB53: =IF(ROUNDUP(Q53/20,0)>ROUNDUP(Q52/20,0),"Lần " & ROUNDUP(Q53/20,0),"") | AC53: =IF(ROUNDUP(R53/20,0)>ROUNDUP(R52/20,0),"Lần " & ROUNDUP(R53/20,0),"") | AD53: =IF(ROUNDUP(S53/20,0)>ROUNDUP(S52/20,0),"Lần " & ROUNDUP(S53/20,0),"") | AE53: =IF(ROUNDUP(T53/20,0)>ROUNDUP(T52/20,0),"Lần " & ROUNDUP(T53/20,0),"") | AF53: =IF(ROUNDUP(U53/20,0)>ROUNDUP(U52/20,0),"Lần " & ROUNDUP(U53/20,0),"") | AG53: =IF(ROUNDUP(V53/20,0)>ROUNDUP(V52/20,0),"Lần " & ROUNDUP(V53/20,0),"") | AH53: =IF(ROUNDUP(W53/20,0)>ROUNDUP(W52/20,0),"Lần " & ROUNDUP(W53/20,0),"") | ... AK53: =IF(ROUNDUP(Z53/20,0)>ROUNDUP(Z52/20,0),"Lần " & ROUNDUP(Z53/20,0),"") | AN53: Coc | AO53: 7
A54: 48 | B54: Cọc khoan nhồi C7 Trụ T2 (D1.2m, L=30.0m) | C54: Cọc trụ T2 L=30m (tr.70) | D54: P1B | E54: 10 | F54: CB240-T | H54: 100.256 | I54: 1 | J54: 0.617 | K54: =ROUND(H54*I54*J54, 2) | L54: =ROUND(K54/1000, 3) | M54: =IF(AO54="","",IF(N(INDEX(Theo_Doi_Tan_Suat_Be_Tong!$C:$C,AO54))<=0,"",INDEX(Theo_Doi_Tan_Suat_Be_Tong!$C:$C,AO54)-VLOOKUP(AN54,$AQ$2:$AR$7,2,FALSE))) | O54: =IF(ROUNDUP(P54/20,0)>ROUNDUP(P53/20,0),"TN Ø10 (Lần " & ROUNDUP(P54/20,0) & ")","") | P54: =ROUND(P53+IF(AND(E54<=10,F54<>"ASTM A416"),L54,0),3) | Q54: =ROUND(Q53+IF(AND(E54=12,F54<>"ASTM A416"),L54,0),3) | R54: =ROUND(R53+IF(AND(E54=14,F54<>"ASTM A416"),L54,0),3) | S54: =ROUND(S53+IF(AND(E54=16,F54<>"ASTM A416"),L54,0),3) | T54: =ROUND(T53+IF(AND(E54=18,F54<>"ASTM A416"),L54,0),3) | U54: =ROUND(U53+IF(AND(E54=20,F54<>"ASTM A416"),L54,0),3) | V54: =ROUND(V53+IF(AND(E54=22,F54<>"ASTM A416"),L54,0),3) | W54: =ROUND(W53+IF(AND(E54=25,F54<>"ASTM A416"),L54,0),3) | X54: =ROUND(X53+IF(AND(E54=28,F54<>"ASTM A416"),L54,0),3) | Y54: =ROUND(Y53+IF(AND(E54=32,F54<>"ASTM A416"),L54,0),3) | Z54: =ROUND(Z53+IF(F54="ASTM A416",L54,0),3) | AA54: =IF(ROUNDUP(P54/20,0)>ROUNDUP(P53/20,0),"Lần " & ROUNDUP(P54/20,0),"") | AB54: =IF(ROUNDUP(Q54/20,0)>ROUNDUP(Q53/20,0),"Lần " & ROUNDUP(Q54/20,0),"") | AC54: =IF(ROUNDUP(R54/20,0)>ROUNDUP(R53/20,0),"Lần " & ROUNDUP(R54/20,0),"") | AD54: =IF(ROUNDUP(S54/20,0)>ROUNDUP(S53/20,0),"Lần " & ROUNDUP(S54/20,0),"") | AE54: =IF(ROUNDUP(T54/20,0)>ROUNDUP(T53/20,0),"Lần " & ROUNDUP(T54/20,0),"") | AF54: =IF(ROUNDUP(U54/20,0)>ROUNDUP(U53/20,0),"Lần " & ROUNDUP(U54/20,0),"") | AG54: =IF(ROUNDUP(V54/20,0)>ROUNDUP(V53/20,0),"Lần " & ROUNDUP(V54/20,0),"") | AH54: =IF(ROUNDUP(W54/20,0)>ROUNDUP(W53/20,0),"Lần " & ROUNDUP(W54/20,0),"") | ... AK54: =IF(ROUNDUP(Z54/20,0)>ROUNDUP(Z53/20,0),"Lần " & ROUNDUP(Z54/20,0),"") | AN54: Coc | AO54: 7
A55: 49 | B55: Cọc khoan nhồi C7 Trụ T2 (D1.2m, L=30.0m) | C55: Cọc trụ T2 L=30m (tr.70) | D55: P1C | E55: 10 | F55: CB240-T | H55: 3.592 | I55: 2 | J55: 0.617 | K55: =ROUND(H55*I55*J55, 2) | L55: =ROUND(K55/1000, 3) | M55: =IF(AO55="","",IF(N(INDEX(Theo_Doi_Tan_Suat_Be_Tong!$C:$C,AO55))<=0,"",INDEX(Theo_Doi_Tan_Suat_Be_Tong!$C:$C,AO55)-VLOOKUP(AN55,$AQ$2:$AR$7,2,FALSE))) | O55: =IF(ROUNDUP(P55/20,0)>ROUNDUP(P54/20,0),"TN Ø10 (Lần " & ROUNDUP(P55/20,0) & ")","") | P55: =ROUND(P54+IF(AND(E55<=10,F55<>"ASTM A416"),L55,0),3) | Q55: =ROUND(Q54+IF(AND(E55=12,F55<>"ASTM A416"),L55,0),3) | R55: =ROUND(R54+IF(AND(E55=14,F55<>"ASTM A416"),L55,0),3) | S55: =ROUND(S54+IF(AND(E55=16,F55<>"ASTM A416"),L55,0),3) | T55: =ROUND(T54+IF(AND(E55=18,F55<>"ASTM A416"),L55,0),3) | U55: =ROUND(U54+IF(AND(E55=20,F55<>"ASTM A416"),L55,0),3) | V55: =ROUND(V54+IF(AND(E55=22,F55<>"ASTM A416"),L55,0),3) | W55: =ROUND(W54+IF(AND(E55=25,F55<>"ASTM A416"),L55,0),3) | X55: =ROUND(X54+IF(AND(E55=28,F55<>"ASTM A416"),L55,0),3) | Y55: =ROUND(Y54+IF(AND(E55=32,F55<>"ASTM A416"),L55,0),3) | Z55: =ROUND(Z54+IF(F55="ASTM A416",L55,0),3) | AA55: =IF(ROUNDUP(P55/20,0)>ROUNDUP(P54/20,0),"Lần " & ROUNDUP(P55/20,0),"") | AB55: =IF(ROUNDUP(Q55/20,0)>ROUNDUP(Q54/20,0),"Lần " & ROUNDUP(Q55/20,0),"") | AC55: =IF(ROUNDUP(R55/20,0)>ROUNDUP(R54/20,0),"Lần " & ROUNDUP(R55/20,0),"") | AD55: =IF(ROUNDUP(S55/20,0)>ROUNDUP(S54/20,0),"Lần " & ROUNDUP(S55/20,0),"") | AE55: =IF(ROUNDUP(T55/20,0)>ROUNDUP(T54/20,0),"Lần " & ROUNDUP(T55/20,0),"") | AF55: =IF(ROUNDUP(U55/20,0)>ROUNDUP(U54/20,0),"Lần " & ROUNDUP(U55/20,0),"") | AG55: =IF(ROUNDUP(V55/20,0)>ROUNDUP(V54/20,0),"Lần " & ROUNDUP(V55/20,0),"") | AH55: =IF(ROUNDUP(W55/20,0)>ROUNDUP(W54/20,0),"Lần " & ROUNDUP(W55/20,0),"") | ... AK55: =IF(ROUNDUP(Z55/20,0)>ROUNDUP(Z54/20,0),"Lần " & ROUNDUP(Z55/20,0),"") | AN55: Coc | AO55: 7
A56: 50 | B56: Cọc khoan nhồi C7 Trụ T2 (D1.2m, L=30.0m) | C56: Cọc trụ T2 L=30m (tr.70) | D56: P1D | E56: 10 | F56: CB240-T | H56: 19.721 | I56: 1 | J56: 0.617 | K56: =ROUND(H56*I56*J56, 2) | L56: =ROUND(K56/1000, 3) | M56: =IF(AO56="","",IF(N(INDEX(Theo_Doi_Tan_Suat_Be_Tong!$C:$C,AO56))<=0,"",INDEX(Theo_Doi_Tan_Suat_Be_Tong!$C:$C,AO56)-VLOOKUP(AN56,$AQ$2:$AR$7,2,FALSE))) | O56: =IF(ROUNDUP(P56/20,0)>ROUNDUP(P55/20,0),"TN Ø10 (Lần " & ROUNDUP(P56/20,0) & ")","") | P56: =ROUND(P55+IF(AND(E56<=10,F56<>"ASTM A416"),L56,0),3) | Q56: =ROUND(Q55+IF(AND(E56=12,F56<>"ASTM A416"),L56,0),3) | R56: =ROUND(R55+IF(AND(E56=14,F56<>"ASTM A416"),L56,0),3) | S56: =ROUND(S55+IF(AND(E56=16,F56<>"ASTM A416"),L56,0),3) | T56: =ROUND(T55+IF(AND(E56=18,F56<>"ASTM A416"),L56,0),3) | U56: =ROUND(U55+IF(AND(E56=20,F56<>"ASTM A416"),L56,0),3) | V56: =ROUND(V55+IF(AND(E56=22,F56<>"ASTM A416"),L56,0),3) | W56: =ROUND(W55+IF(AND(E56=25,F56<>"ASTM A416"),L56,0),3) | X56: =ROUND(X55+IF(AND(E56=28,F56<>"ASTM A416"),L56,0),3) | Y56: =ROUND(Y55+IF(AND(E56=32,F56<>"ASTM A416"),L56,0),3) | Z56: =ROUND(Z55+IF(F56="ASTM A416",L56,0),3) | AA56: =IF(ROUNDUP(P56/20,0)>ROUNDUP(P55/20,0),"Lần " & ROUNDUP(P56/20,0),"") | AB56: =IF(ROUNDUP(Q56/20,0)>ROUNDUP(Q55/20,0),"Lần " & ROUNDUP(Q56/20,0),"") | AC56: =IF(ROUNDUP(R56/20,0)>ROUNDUP(R55/20,0),"Lần " & ROUNDUP(R56/20,0),"") | AD56: =IF(ROUNDUP(S56/20,0)>ROUNDUP(S55/20,0),"Lần " & ROUNDUP(S56/20,0),"") | AE56: =IF(ROUNDUP(T56/20,0)>ROUNDUP(T55/20,0),"Lần " & ROUNDUP(T56/20,0),"") | AF56: =IF(ROUNDUP(U56/20,0)>ROUNDUP(U55/20,0),"Lần " & ROUNDUP(U56/20,0),"") | AG56: =IF(ROUNDUP(V56/20,0)>ROUNDUP(V55/20,0),"Lần " & ROUNDUP(V56/20,0),"") | AH56: =IF(ROUNDUP(W56/20,0)>ROUNDUP(W55/20,0),"Lần " & ROUNDUP(W56/20,0),"") | ... AK56: =IF(ROUNDUP(Z56/20,0)>ROUNDUP(Z55/20,0),"Lần " & ROUNDUP(Z56/20,0),"") | AN56: Coc | AO56: 7
A57: 51 | B57: Cọc khoan nhồi C7 Trụ T2 (D1.2m, L=30.0m) | C57: Cọc trụ T2 L=30m (tr.70) | D57: P2B | E57: 25 | F57: CB400-V | H57: 2.985 | I57: 12 | J57: 3.853 | K57: =ROUND(H57*I57*J57, 2) | L57: =ROUND(K57/1000, 3) | M57: =IF(AO57="","",IF(N(INDEX(Theo_Doi_Tan_Suat_Be_Tong!$C:$C,AO57))<=0,"",INDEX(Theo_Doi_Tan_Suat_Be_Tong!$C:$C,AO57)-VLOOKUP(AN57,$AQ$2:$AR$7,2,FALSE))) | O57: =IF(ROUNDUP(W57/20,0)>ROUNDUP(W56/20,0),"TN Ø25 (Lần " & ROUNDUP(W57/20,0) & ")","") | P57: =ROUND(P56+IF(AND(E57<=10,F57<>"ASTM A416"),L57,0),3) | Q57: =ROUND(Q56+IF(AND(E57=12,F57<>"ASTM A416"),L57,0),3) | R57: =ROUND(R56+IF(AND(E57=14,F57<>"ASTM A416"),L57,0),3) | S57: =ROUND(S56+IF(AND(E57=16,F57<>"ASTM A416"),L57,0),3) | T57: =ROUND(T56+IF(AND(E57=18,F57<>"ASTM A416"),L57,0),3) | U57: =ROUND(U56+IF(AND(E57=20,F57<>"ASTM A416"),L57,0),3) | V57: =ROUND(V56+IF(AND(E57=22,F57<>"ASTM A416"),L57,0),3) | W57: =ROUND(W56+IF(AND(E57=25,F57<>"ASTM A416"),L57,0),3) | X57: =ROUND(X56+IF(AND(E57=28,F57<>"ASTM A416"),L57,0),3) | Y57: =ROUND(Y56+IF(AND(E57=32,F57<>"ASTM A416"),L57,0),3) | Z57: =ROUND(Z56+IF(F57="ASTM A416",L57,0),3) | AA57: =IF(ROUNDUP(P57/20,0)>ROUNDUP(P56/20,0),"Lần " & ROUNDUP(P57/20,0),"") | AB57: =IF(ROUNDUP(Q57/20,0)>ROUNDUP(Q56/20,0),"Lần " & ROUNDUP(Q57/20,0),"") | AC57: =IF(ROUNDUP(R57/20,0)>ROUNDUP(R56/20,0),"Lần " & ROUNDUP(R57/20,0),"") | AD57: =IF(ROUNDUP(S57/20,0)>ROUNDUP(S56/20,0),"Lần " & ROUNDUP(S57/20,0),"") | AE57: =IF(ROUNDUP(T57/20,0)>ROUNDUP(T56/20,0),"Lần " & ROUNDUP(T57/20,0),"") | AF57: =IF(ROUNDUP(U57/20,0)>ROUNDUP(U56/20,0),"Lần " & ROUNDUP(U57/20,0),"") | AG57: =IF(ROUNDUP(V57/20,0)>ROUNDUP(V56/20,0),"Lần " & ROUNDUP(V57/20,0),"") | AH57: =IF(ROUNDUP(W57/20,0)>ROUNDUP(W56/20,0),"Lần " & ROUNDUP(W57/20,0),"") | ... AK57: =IF(ROUNDUP(Z57/20,0)>ROUNDUP(Z56/20,0),"Lần " & ROUNDUP(Z57/20,0),"") | AN57: Coc | AO57: 7
A58: 52 | B58: Cọc khoan nhồi C7 Trụ T2 (D1.2m, L=30.0m) | C58: Cọc trụ T2 L=30m (tr.70) | D58: P3 | E58: 25 | F58: CB400-V | H58: 10.7 | I58: 12 | J58: 3.853 | K58: =ROUND(H58*I58*J58, 2) | L58: =ROUND(K58/1000, 3) | M58: =IF(AO58="","",IF(N(INDEX(Theo_Doi_Tan_Suat_Be_Tong!$C:$C,AO58))<=0,"",INDEX(Theo_Doi_Tan_Suat_Be_Tong!$C:$C,AO58)-VLOOKUP(AN58,$AQ$2:$AR$7,2,FALSE))) | O58: =IF(ROUNDUP(W58/20,0)>ROUNDUP(W57/20,0),"TN Ø25 (Lần " & ROUNDUP(W58/20,0) & ")","") | P58: =ROUND(P57+IF(AND(E58<=10,F58<>"ASTM A416"),L58,0),3) | Q58: =ROUND(Q57+IF(AND(E58=12,F58<>"ASTM A416"),L58,0),3) | R58: =ROUND(R57+IF(AND(E58=14,F58<>"ASTM A416"),L58,0),3) | S58: =ROUND(S57+IF(AND(E58=16,F58<>"ASTM A416"),L58,0),3) | T58: =ROUND(T57+IF(AND(E58=18,F58<>"ASTM A416"),L58,0),3) | U58: =ROUND(U57+IF(AND(E58=20,F58<>"ASTM A416"),L58,0),3) | V58: =ROUND(V57+IF(AND(E58=22,F58<>"ASTM A416"),L58,0),3) | W58: =ROUND(W57+IF(AND(E58=25,F58<>"ASTM A416"),L58,0),3) | X58: =ROUND(X57+IF(AND(E58=28,F58<>"ASTM A416"),L58,0),3) | Y58: =ROUND(Y57+IF(AND(E58=32,F58<>"ASTM A416"),L58,0),3) | Z58: =ROUND(Z57+IF(F58="ASTM A416",L58,0),3) | AA58: =IF(ROUNDUP(P58/20,0)>ROUNDUP(P57/20,0),"Lần " & ROUNDUP(P58/20,0),"") | AB58: =IF(ROUNDUP(Q58/20,0)>ROUNDUP(Q57/20,0),"Lần " & ROUNDUP(Q58/20,0),"") | AC58: =IF(ROUNDUP(R58/20,0)>ROUNDUP(R57/20,0),"Lần " & ROUNDUP(R58/20,0),"") | AD58: =IF(ROUNDUP(S58/20,0)>ROUNDUP(S57/20,0),"Lần " & ROUNDUP(S58/20,0),"") | AE58: =IF(ROUNDUP(T58/20,0)>ROUNDUP(T57/20,0),"Lần " & ROUNDUP(T58/20,0),"") | AF58: =IF(ROUNDUP(U58/20,0)>ROUNDUP(U57/20,0),"Lần " & ROUNDUP(U58/20,0),"") | AG58: =IF(ROUNDUP(V58/20,0)>ROUNDUP(V57/20,0),"Lần " & ROUNDUP(V58/20,0),"") | AH58: =IF(ROUNDUP(W58/20,0)>ROUNDUP(W57/20,0),"Lần " & ROUNDUP(W58/20,0),"") | ... AK58: =IF(ROUNDUP(Z58/20,0)>ROUNDUP(Z57/20,0),"Lần " & ROUNDUP(Z58/20,0),"") | AN58: Coc | AO58: 7
A59: 53 | B59: Cọc khoan nhồi C7 Trụ T2 (D1.2m, L=30.0m) | C59: Cọc trụ T2 L=30m (tr.70) | D59: P4 | E59: 25 | F59: CB400-V | H59: 11.7 | I59: 36 | J59: 3.853 | K59: =ROUND(H59*I59*J59, 2) | L59: =ROUND(K59/1000, 3) | M59: =IF(AO59="","",IF(N(INDEX(Theo_Doi_Tan_Suat_Be_Tong!$C:$C,AO59))<=0,"",INDEX(Theo_Doi_Tan_Suat_Be_Tong!$C:$C,AO59)-VLOOKUP(AN59,$AQ$2:$AR$7,2,FALSE))) | O59: =IF(ROUNDUP(W59/20,0)>ROUNDUP(W58/20,0),"TN Ø25 (Lần " & ROUNDUP(W59/20,0) & ")","") | P59: =ROUND(P58+IF(AND(E59<=10,F59<>"ASTM A416"),L59,0),3) | Q59: =ROUND(Q58+IF(AND(E59=12,F59<>"ASTM A416"),L59,0),3) | R59: =ROUND(R58+IF(AND(E59=14,F59<>"ASTM A416"),L59,0),3) | S59: =ROUND(S58+IF(AND(E59=16,F59<>"ASTM A416"),L59,0),3) | T59: =ROUND(T58+IF(AND(E59=18,F59<>"ASTM A416"),L59,0),3) | U59: =ROUND(U58+IF(AND(E59=20,F59<>"ASTM A416"),L59,0),3) | V59: =ROUND(V58+IF(AND(E59=22,F59<>"ASTM A416"),L59,0),3) | W59: =ROUND(W58+IF(AND(E59=25,F59<>"ASTM A416"),L59,0),3) | X59: =ROUND(X58+IF(AND(E59=28,F59<>"ASTM A416"),L59,0),3) | Y59: =ROUND(Y58+IF(AND(E59=32,F59<>"ASTM A416"),L59,0),3) | Z59: =ROUND(Z58+IF(F59="ASTM A416",L59,0),3) | AA59: =IF(ROUNDUP(P59/20,0)>ROUNDUP(P58/20,0),"Lần " & ROUNDUP(P59/20,0),"") | AB59: =IF(ROUNDUP(Q59/20,0)>ROUNDUP(Q58/20,0),"Lần " & ROUNDUP(Q59/20,0),"") | AC59: =IF(ROUNDUP(R59/20,0)>ROUNDUP(R58/20,0),"Lần " & ROUNDUP(R59/20,0),"") | AD59: =IF(ROUNDUP(S59/20,0)>ROUNDUP(S58/20,0),"Lần " & ROUNDUP(S59/20,0),"") | AE59: =IF(ROUNDUP(T59/20,0)>ROUNDUP(T58/20,0),"Lần " & ROUNDUP(T59/20,0),"") | AF59: =IF(ROUNDUP(U59/20,0)>ROUNDUP(U58/20,0),"Lần " & ROUNDUP(U59/20,0),"") | AG59: =IF(ROUNDUP(V59/20,0)>ROUNDUP(V58/20,0),"Lần " & ROUNDUP(V59/20,0),"") | AH59: =IF(ROUNDUP(W59/20,0)>ROUNDUP(W58/20,0),"Lần " & ROUNDUP(W59/20,0),"") | ... AK59: =IF(ROUNDUP(Z59/20,0)>ROUNDUP(Z58/20,0),"Lần " & ROUNDUP(Z59/20,0),"") | AN59: Coc | AO59: 7
